Player,Nation,Pos,Squad,Age,Born,MP,Starts,Min,90s,Gls,Ast,G+A,G-PK,PK,PKatt,CrdY,CrdR,Gls.1,Ast.1,G+A.1,G-PK.1,G+A-PK,fbref_id,90s_shooting_dup,Gls_shooting_dup,Sh,SoT,SoT%,Sh/90,SoT/90,G/Sh,G/SoT,PK_shooting_dup,PKatt_shooting_dup,fbref_id_shooting_dup,90s_passing_dup,Cmp,Att,Cmp%,TotDist,PrgDist,Cmp.1,Att.1,Cmp%.1,Cmp.2,Att.2,Cmp%.2,Cmp.3,Att.3,Cmp%.3,Ast_passing_dup,A-xAG,KP,1/3,PPA,CrsPA,fbref_id_passing_dup,90s_possession_dup,Touches,Def Pen,Def 3rd,Mid 3rd,Att 3rd,Att Pen,Live,Att_possession_dup,Succ,Succ%,Tkld,Tkld%,Carries,TotDist_possession_dup,PrgDist_possession_dup,1/3_possession_dup,CPA,Mis,Dis,Rec,fbref_id_possession_dup,90s_defense_dup,Tkl,TklW,Def 3rd_defense_dup,Mid 3rd_defense_dup,Att 3rd_defense_dup,Tkl.1,Att_defense_dup,Tkl%,Lost,Blocks,Sh_defense_dup,Pass,Int,Tkl+Int,Clr,Err,fbref_id_defense_dup,stint_id,Gls/90,Ast/90,TklW/90,Int/90,TklWInt/90,primary_pos,secondary_pos
Brenden Aaronson,us USA,MFFW,Leeds United,24,2000,37,30,2449,27.2,4,5,9,4,0,0,3,0,0.15,0.18,0.33,0.15,0.33,5bc43860,27.2,4,47,17,36.2,1.7279411764705883,0.62,0.09,0.24,0,0,5bc43860,27.2,,,,,,,,,,,,,,,5,,,,,,5bc43860,27.2,,,,,,,,,,,,,,,,,,,,,5bc43860,27.2,,27,,,,,,,,,,,17,,,,5bc43860,Brenden Aaronson__Leeds United,0.14705882352941177,0.18382352941176472,0.9926470588235294,0.625,1.6176470588235294,MF,FW
Joshua Acheampong,eng ENG,DF,Chelsea,19,2006,17,8,666,7.4,1,0,1,1,0,0,1,0,0.14,0.0,0.14,0.14,0.14,b7e62e1d,7.4,1,4,2,50.0,0.5405405405405405,0.27,0.25,0.5,0,0,b7e62e1d,7.4,,,,,,,,,,,,,,,0,,,,,,b7e62e1d,7.4,,,,,,,,,,,,,,,,,,,,,b7e62e1d,7.4,,8,,,,,,,,,,,12,,,,b7e62e1d,Joshua Acheampong__Chelsea,0.13513513513513511,0.0,1.081081081081081,1.6216216216216215,2.7027027027027026,DF,
Tyler Adams,us USA,MF,Bournemouth,26,1999,25,21,1772,19.7,2,2,4,2,0,0,8,0,0.1,0.1,0.2,0.1,0.2,2b09d998,19.7,2,10,6,60.0,0.5076142131979695,0.3,0.2,0.33,0,0,2b09d998,19.7,,,,,,,,,,,,,,,2,,,,,,2b09d998,19.7,,,,,,,,,,,,,,,,,,,,,2b09d998,19.7,,24,,,,,,,,,,,30,,,,2b09d998,Tyler Adams__Bournemouth,0.10152284263959391,0.10152284263959391,1.218274111675127,1.5228426395939088,2.7411167512690358,MF,
Tosin Adarabioyo,eng ENG,DF,Chelsea,27,1997,16,8,795,8.8,0,0,0,0,0,0,2,0,0.0,0.0,0.0,0.0,0.0,c81d773d,8.8,0,2,0,0.0,0.22727272727272727,0.0,0.0,0.0,0,0,c81d773d,8.8,,,,,,,,,,,,,,,0,,,,,,c81d773d,8.8,,,,,,,,,,,,,,,,,,,,,c81d773d,8.8,,6,,,,,,,,,,,9,,,,c81d773d,Tosin Adarabioyo__Chelsea,0.0,0.0,0.6818181818181818,1.0227272727272727,1.7045454545454544,DF,
Simon Adingra,ci CIV,MFFW,Sunderland,23,2002,14,9,653,7.3,1,0,1,1,0,0,2,0,0.14,0.0,0.14,0.14,0.14,4dcec659,7.3,1,6,2,33.3,0.8219178082191781,0.28,0.17,0.5,0,0,4dcec659,7.3,,,,,,,,,,,,,,,0,,,,,,4dcec659,7.3,,,,,,,,,,,,,,,,,,,,,4dcec659,7.3,,8,,,,,,,,,,,2,,,,4dcec659,Simon Adingra__Sunderland,0.136986301369863,0.0,1.095890410958904,0.273972602739726,1.36986301369863,MF,FW
Amine Adli,ma MAR,MF,Bournemouth,25,2000,31,10,1094,12.2,3,1,4,3,0,0,2,0,0.25,0.08,0.33,0.25,0.33,dcfb17f4,12.2,3,20,9,45.0,1.639344262295082,0.74,0.15,0.33,0,0,dcfb17f4,12.2,,,,,,,,,,,,,,,1,,,,,,dcfb17f4,12.2,,,,,,,,,,,,,,,,,,,,,dcfb17f4,12.2,,17,,,,,,,,,,,6,,,,dcfb17f4,Amine Adli__Bournemouth,0.24590163934426232,0.0819672131147541,1.3934426229508197,0.49180327868852464,1.8852459016393444,MF,
Emmanuel Agbadou,ci CIV,DF,Wolves,28,1997,14,12,1101,12.2,0,0,0,0,0,0,1,1,0.0,0.0,0.0,0.0,0.0,75f1ed80,12.2,0,10,3,30.0,0.819672131147541,0.25,0.0,0.0,0,0,75f1ed80,12.2,,,,,,,,,,,,,,,0,,,,,,75f1ed80,12.2,,,,,,,,,,,,,,,,,,,,,75f1ed80,12.2,,21,,,,,,,,,,,14,,,,75f1ed80,Emmanuel Agbadou__Wolves,0.0,0.0,1.7213114754098362,1.1475409836065575,2.8688524590163937,DF,
Ola Aina,ng NGA,DF,Nottingham,28,1996,18,18,1588,17.6,0,0,0,0,0,0,3,0,0.0,0.0,0.0,0.0,0.0,246d153b,17.6,0,12,1,8.3,0.6818181818181818,0.06,0.0,0.0,0,0,246d153b,17.6,,,,,,,,,,,,,,,0,,,,,,246d153b,17.6,,,,,,,,,,,,,,,,,,,,,246d153b,17.6,,21,,,,,,,,,,,26,,,,246d153b,Ola Aina__Nottingham,0.0,0.0,1.1931818181818181,1.477272727272727,2.6704545454545454,DF,
Rayan Aït-Nouri,dz ALG,DF,Manchester City,24,2001,17,12,974,10.8,0,2,2,0,0,0,2,0,0.0,0.18,0.18,0.0,0.18,9b398aea,10.8,0,10,2,20.0,0.9259259259259258,0.18,0.0,0.0,0,0,9b398aea,10.8,,,,,,,,,,,,,,,2,,,,,,9b398aea,10.8,,,,,,,,,,,,,,,,,,,,,9b398aea,10.8,,21,,,,,,,,,,,13,,,,9b398aea,Rayan Aït-Nouri__Manchester City,0.0,0.18518518518518517,1.9444444444444444,1.2037037037037037,3.148148148148148,DF,
Kristoffer Ajer,no NOR,DF,Brentford,27,1998,27,20,1810,20.1,0,1,1,0,0,0,4,0,0.0,0.05,0.05,0.0,0.05,a8c0acb7,20.1,0,10,3,30.0,0.49751243781094523,0.15,0.0,0.0,0,0,a8c0acb7,20.1,,,,,,,,,,,,,,,1,,,,,,a8c0acb7,20.1,,,,,,,,,,,,,,,,,,,,,a8c0acb7,20.1,,23,,,,,,,,,,,15,,,,a8c0acb7,Kristoffer Ajer__Brentford,0.0,0.04975124378109452,1.144278606965174,0.7462686567164178,1.8905472636815919,DF,
Nathan Aké,nl NED,DF,Manchester City,30,1995,18,6,695,7.7,0,0,0,0,0,0,1,0,0.0,0.0,0.0,0.0,0.0,eaeca114,7.7,0,7,1,14.3,0.9090909090909091,0.13,0.0,0.0,0,0,eaeca114,7.7,,,,,,,,,,,,,,,0,,,,,,eaeca114,7.7,,,,,,,,,,,,,,,,,,,,,eaeca114,7.7,,6,,,,,,,,,,,5,,,,eaeca114,Nathan Aké__Manchester City,0.0,0.0,0.7792207792207793,0.6493506493506493,1.4285714285714286,DF,
Carlos Alcaraz,ar ARG,MF,Everton,22,2002,20,6,689,7.7,0,1,1,0,0,0,4,0,0.0,0.13,0.13,0.0,0.13,4abac767,7.7,0,20,5,25.0,2.5974025974025974,0.65,0.0,0.0,0,0,4abac767,7.7,,,,,,,,,,,,,,,1,,,,,,4abac767,7.7,,,,,,,,,,,,,,,,,,,,,4abac767,7.7,,9,,,,,,,,,,,2,,,,4abac767,Carlos Alcaraz__Everton,0.0,0.12987012987012986,1.1688311688311688,0.2597402597402597,1.4285714285714286,MF,
Omar Alderete,py PAR,DF,Sunderland,28,1996,33,32,2798,31.1,1,1,2,1,0,0,6,0,0.03,0.03,0.06,0.03,0.06,bb08bce9,31.1,1,24,9,37.5,0.7717041800643086,0.29,0.04,0.11,0,0,bb08bce9,31.1,,,,,,,,,,,,,,,1,,,,,,bb08bce9,31.1,,,,,,,,,,,,,,,,,,,,,bb08bce9,31.1,,18,,,,,,,,,,,36,,,,bb08bce9,Omar Alderete__Sunderland,0.03215434083601286,0.03215434083601286,0.5787781350482315,1.157556270096463,1.7363344051446945,DF,
Ethan Ampadu,wls WAL,MF,Leeds United,24,2000,35,35,3119,34.7,1,1,2,1,0,0,10,0,0.03,0.03,0.06,0.03,0.06,10b9fa99,34.7,1,26,6,23.1,0.7492795389048991,0.17,0.04,0.17,0,0,10b9fa99,34.7,,,,,,,,,,,,,,,1,,,,,,10b9fa99,34.7,,,,,,,,,,,,,,,,,,,,,10b9fa99,34.7,,46,,,,,,,,,,,50,,,,10b9fa99,Ethan Ampadu__Leeds United,0.02881844380403458,0.02881844380403458,1.3256484149855907,1.440922190201729,2.7665706051873196,MF,
Joachim Andersen,dk DEN,DF,Fulham,29,1996,33,33,2875,31.9,0,1,1,0,0,0,7,1,0.0,0.03,0.03,0.0,0.03,e34fc66d,31.9,0,16,4,25.0,0.5015673981191223,0.13,0.0,0.0,0,0,e34fc66d,31.9,,,,,,,,,,,,,,,1,,,,,,e34fc66d,31.9,,,,,,,,,,,,,,,,,,,,,e34fc66d,31.9,,26,,,,,,,,,,,34,,,,e34fc66d,Joachim Andersen__Fulham,0.0,0.031347962382445145,0.8150470219435737,1.0658307210031348,1.8808777429467085,DF,
Elliot Anderson,eng ENG,MF,Nottingham,22,2002,38,37,3331,37.0,4,4,8,3,1,1,8,0,0.11,0.11,0.22,0.08,0.19,de31038e,37.0,4,44,10,22.7,1.1891891891891893,0.27,0.09,0.4,1,1,de31038e,37.0,,,,,,,,,,,,,,,4,,,,,,de31038e,37.0,,,,,,,,,,,,,,,,,,,,,de31038e,37.0,,60,,,,,,,,,,,41,,,,de31038e,Elliot Anderson__Nottingham,0.10810810810810811,0.10810810810810811,1.6216216216216217,1.1081081081081081,2.72972972972973,MF,
André,br BRA,MF,Wolves,24,2001,35,30,2762,30.7,1,0,1,1,0,0,12,0,0.03,0.0,0.03,0.03,0.03,ec604e2c,30.7,1,15,1,6.7,0.48859934853420195,0.03,0.07,1.0,0,0,ec604e2c,30.7,,,,,,,,,,,,,,,0,,,,,,ec604e2c,30.7,,,,,,,,,,,,,,,,,,,,,ec604e2c,30.7,,42,,,,,,,,,,,25,,,,ec604e2c,André__Wolves,0.03257328990228013,0.0,1.3680781758957654,0.8143322475570033,2.182410423452769,MF,
Jaidon Anthony,eng ENG,MF,Burnley,25,1999,37,32,2722,30.2,8,2,10,8,0,0,4,0,0.26,0.07,0.33,0.26,0.33,e4238fb1,30.2,8,55,23,41.8,1.8211920529801324,0.76,0.15,0.35,0,0,e4238fb1,30.2,,,,,,,,,,,,,,,2,,,,,,e4238fb1,30.2,,,,,,,,,,,,,,,,,,,,,e4238fb1,30.2,,21,,,,,,,,,,,16,,,,e4238fb1,Jaidon Anthony__Burnley,0.26490066225165565,0.06622516556291391,0.695364238410596,0.5298013245033113,1.2251655629139073,MF,
Jhon Arias,co COL,FWMF,Wolves,27,1997,23,14,1124,12.5,1,0,1,1,0,0,1,0,0.08,0.0,0.08,0.08,0.08,86d96066,12.5,1,16,3,18.8,1.28,0.24,0.06,0.33,0,0,86d96066,12.5,,,,,,,,,,,,,,,0,,,,,,86d96066,12.5,,,,,,,,,,,,,,,,,,,,,86d96066,12.5,,27,,,,,,,,,,,7,,,,86d96066,Jhon Arias__Wolves,0.08,0.0,2.16,0.56,2.72,FW,MF
Adam Armstrong,eng ENG,FWMF,Wolves,28,1997,14,14,1140,12.7,2,2,4,1,1,1,3,0,0.16,0.16,0.32,0.08,0.24,68c720b5,12.7,2,18,6,33.3,1.4173228346456694,0.47,0.11,0.33,1,1,68c720b5,12.7,,,,,,,,,,,,,,,2,,,,,,68c720b5,12.7,,,,,,,,,,,,,,,,,,,,,68c720b5,12.7,,4,,,,,,,,,,,1,,,,68c720b5,Adam Armstrong__Wolves,0.15748031496062992,0.15748031496062992,0.31496062992125984,0.07874015748031496,0.3937007874015748,FW,MF
Tolu Arokodare,ng NGA,FW,Wolves,24,2000,33,13,1419,15.8,3,1,4,3,0,1,1,0,0.19,0.06,0.25,0.19,0.25,a42760bc,15.8,3,46,16,34.8,2.911392405063291,1.01,0.07,0.19,0,1,a42760bc,15.8,,,,,,,,,,,,,,,1,,,,,,a42760bc,15.8,,,,,,,,,,,,,,,,,,,,,a42760bc,15.8,,4,,,,,,,,,,,5,,,,a42760bc,Tolu Arokodare__Wolves,0.18987341772151897,0.06329113924050632,0.2531645569620253,0.3164556962025316,0.5696202531645569,FW,
Yasin Ayari,se SWE,MF,Brighton,21,2003,29,20,1929,21.4,3,3,6,3,0,0,1,0,0.14,0.14,0.28,0.14,0.28,f173303a,21.4,3,41,10,24.4,1.9158878504672898,0.47,0.07,0.3,0,0,f173303a,21.4,,,,,,,,,,,,,,,3,,,,,,f173303a,21.4,,,,,,,,,,,,,,,,,,,,,f173303a,21.4,,25,,,,,,,,,,,26,,,,f173303a,Yasin Ayari__Brighton,0.14018691588785048,0.14018691588785048,1.1682242990654206,1.2149532710280375,2.383177570093458,MF,
Carlos Baleba,cm CMR,MF,Brighton,21,2004,31,23,1652,18.4,0,0,0,0,0,0,5,0,0.0,0.0,0.0,0.0,0.0,a1390d2f,18.4,0,20,2,10.0,1.0869565217391306,0.11,0.0,0.0,0,0,a1390d2f,18.4,,,,,,,,,,,,,,,0,,,,,,a1390d2f,18.4,,,,,,,,,,,,,,,,,,,,,a1390d2f,18.4,,21,,,,,,,,,,,28,,,,a1390d2f,Carlos Baleba__Brighton,0.0,0.0,1.1413043478260871,1.5217391304347827,2.6630434782608696,MF,
Daniel Ballard,nir NIR,DF,Sunderland,25,1999,29,24,2149,23.9,2,0,2,2,0,0,4,1,0.08,0.0,0.08,0.08,0.08,38f300f3,23.9,2,26,9,34.6,1.087866108786611,0.38,0.08,0.22,0,0,38f300f3,23.9,,,,,,,,,,,,,,,0,,,,,,38f300f3,23.9,,,,,,,,,,,,,,,,,,,,,38f300f3,23.9,,17,,,,,,,,,,,20,,,,38f300f3,Daniel Ballard__Sunderland,0.08368200836820085,0.0,0.7112970711297072,0.8368200836820084,1.5481171548117156,DF,
Ross Barkley,eng ENG,MF,Aston Villa,31,1993,21,7,857,9.5,3,1,4,3,0,0,1,0,0.32,0.11,0.42,0.32,0.42,3a24769f,9.5,3,18,8,44.4,1.894736842105263,0.84,0.17,0.38,0,0,3a24769f,9.5,,,,,,,,,,,,,,,1,,,,,,3a24769f,9.5,,,,,,,,,,,,,,,,,,,,,3a24769f,9.5,,11,,,,,,,,,,,2,,,,3a24769f,Ross Barkley__Aston Villa,0.3157894736842105,0.10526315789473684,1.1578947368421053,0.21052631578947367,1.368421052631579,MF,
Harvey Barnes,eng ENG,FWMF,Newcastle,27,1997,37,19,1966,21.8,7,1,8,7,0,0,1,0,0.32,0.05,0.37,0.32,0.37,3ea50f67,21.8,7,58,21,36.2,2.6605504587155964,0.96,0.12,0.33,0,0,3ea50f67,21.8,,,,,,,,,,,,,,,1,,,,,,3ea50f67,21.8,,,,,,,,,,,,,,,,,,,,,3ea50f67,21.8,,5,,,,,,,,,,,3,,,,3ea50f67,Harvey Barnes__Newcastle,0.3211009174311926,0.04587155963302752,0.2293577981651376,0.13761467889908258,0.36697247706422015,FW,MF
Thierno Barry,fr FRA,FW,Everton,22,2002,38,21,1914,21.3,8,0,8,8,0,0,3,0,0.38,0.0,0.38,0.38,0.38,52c3244b,21.3,8,38,14,36.8,1.784037558685446,0.66,0.21,0.57,0,0,52c3244b,21.3,,,,,,,,,,,,,,,0,,,,,,52c3244b,21.3,,,,,,,,,,,,,,,,,,,,,52c3244b,21.3,,4,,,,,,,,,,,5,,,,52c3244b,Thierno Barry__Everton,0.3755868544600939,0.0,0.18779342723004694,0.2347417840375587,0.4225352112676056,FW,
Calvin Bassey,ng NGA,DF,Fulham,25,1999,30,28,2534,28.2,1,0,1,1,0,0,5,0,0.04,0.0,0.04,0.04,0.04,a36524bf,28.2,1,12,1,8.3,0.425531914893617,0.04,0.08,1.0,0,0,a36524bf,28.2,,,,,,,,,,,,,,,0,,,,,,a36524bf,28.2,,,,,,,,,,,,,,,,,,,,,a36524bf,28.2,,32,,,,,,,,,,,22,,,,a36524bf,Calvin Bassey__Fulham,0.03546099290780142,0.0,1.1347517730496455,0.7801418439716312,1.9148936170212767,DF,
Jean-Ricner Bellegarde,ht HAI,MFFW,Wolves,27,1998,26,15,1248,13.9,1,1,2,1,0,0,5,0,0.07,0.07,0.14,0.07,0.14,10f0fdd3,13.9,1,21,7,33.3,1.5107913669064748,0.5,0.05,0.14,0,0,10f0fdd3,13.9,,,,,,,,,,,,,,,1,,,,,,10f0fdd3,13.9,,,,,,,,,,,,,,,,,,,,,10f0fdd3,13.9,,15,,,,,,,,,,,9,,,,10f0fdd3,Jean-Ricner Bellegarde__Wolves,0.07194244604316546,0.07194244604316546,1.079136690647482,0.6474820143884892,1.7266187050359711,MF,FW
Rodrigo Bentancur,uy URU,MF,Tottenham,28,1997,26,23,1883,20.9,1,1,2,1,0,0,7,0,0.05,0.05,0.1,0.05,0.1,3b8674e6,20.9,1,13,3,23.1,0.6220095693779905,0.14,0.08,0.33,0,0,3b8674e6,20.9,,,,,,,,,,,,,,,1,,,,,,3b8674e6,20.9,,,,,,,,,,,,,,,,,,,,,3b8674e6,20.9,,36,,,,,,,,,,,36,,,,3b8674e6,Rodrigo Bentancur__Tottenham,0.04784688995215311,0.04784688995215311,1.722488038277512,1.722488038277512,3.444976076555024,MF,
Sander Berge,no NOR,MF,Fulham,27,1998,35,34,2905,32.3,0,1,1,0,0,0,5,0,0.0,0.03,0.03,0.0,0.03,d0b6129f,32.3,0,14,3,21.4,0.43343653250774,0.09,0.0,0.0,0,0,d0b6129f,32.3,,,,,,,,,,,,,,,1,,,,,,d0b6129f,32.3,,,,,,,,,,,,,,,,,,,,,d0b6129f,32.3,,41,,,,,,,,,,,26,,,,d0b6129f,Sander Berge__Fulham,0.0,0.030959752321981428,1.2693498452012384,0.8049535603715171,2.0743034055727554,MF,
Lucas Bergvall,se SWE,MF,Tottenham,19,2006,23,11,965,10.7,1,3,4,1,0,0,2,0,0.09,0.28,0.37,0.09,0.37,a109e5c8,10.7,1,12,5,41.7,1.1214953271028039,0.47,0.08,0.2,0,0,a109e5c8,10.7,,,,,,,,,,,,,,,3,,,,,,a109e5c8,10.7,,,,,,,,,,,,,,,,,,,,,a109e5c8,10.7,,14,,,,,,,,,,,3,,,,a109e5c8,Lucas Bergvall__Tottenham,0.09345794392523366,0.28037383177570097,1.3084112149532712,0.28037383177570097,1.5887850467289721,MF,
Beto,gw GNB,FW,Everton,27,1998,37,17,1568,17.4,9,1,10,9,0,0,3,0,0.52,0.06,0.57,0.52,0.57,ed5c0319,17.4,9,43,17,39.5,2.4712643678160924,0.98,0.21,0.53,0,0,ed5c0319,17.4,,,,,,,,,,,,,,,1,,,,,,ed5c0319,17.4,,,,,,,,,,,,,,,,,,,,,ed5c0319,17.4,,5,,,,,,,,,,,1,,,,ed5c0319,Beto__Everton,0.5172413793103449,0.0574712643678161,0.2873563218390805,0.0574712643678161,0.3448275862068966,FW,
Jaka Bijol,si SVN,DF,Leeds United,26,1999,25,21,1890,21.0,1,2,3,1,0,0,4,0,0.05,0.1,0.14,0.05,0.14,6fdac234,21.0,1,15,6,40.0,0.7142857142857143,0.29,0.07,0.17,0,0,6fdac234,21.0,,,,,,,,,,,,,,,2,,,,,,6fdac234,21.0,,,,,,,,,,,,,,,,,,,,,6fdac234,21.0,,13,,,,,,,,,,,22,,,,6fdac234,Jaka Bijol__Leeds United,0.047619047619047616,0.09523809523809523,0.6190476190476191,1.0476190476190477,1.6666666666666667,DF,
Yves Bissouma,ml MLI,MF,Tottenham,28,1996,11,7,603,6.7,0,0,0,0,0,0,4,0,0.0,0.0,0.0,0.0,0.0,6c203af0,6.7,0,5,2,40.0,0.7462686567164178,0.3,0.0,0.0,0,0,6c203af0,6.7,,,,,,,,,,,,,,,0,,,,,,6c203af0,6.7,,,,,,,,,,,,,,,,,,,,,6c203af0,6.7,,11,,,,,,,,,,,8,,,,6c203af0,Yves Bissouma__Tottenham,0.0,0.0,1.6417910447761193,1.1940298507462686,2.835820895522388,MF,
Lamare Bogarde,nl NED,MFDF,Aston Villa,21,2004,28,11,1053,11.7,0,0,0,0,0,0,5,0,0.0,0.0,0.0,0.0,0.0,bca5c4a7,11.7,0,0,0,0.0,0.0,0.0,0.0,0.0,0,0,bca5c4a7,11.7,,,,,,,,,,,,,,,0,,,,,,bca5c4a7,11.7,,,,,,,,,,,,,,,,,,,,,bca5c4a7,11.7,,19,,,,,,,,,,,4,,,,bca5c4a7,Lamare Bogarde__Aston Villa,0.0,0.0,1.623931623931624,0.3418803418803419,1.965811965811966,MF,DF
Jayden Bogle,eng ENG,MFDF,Leeds United,25,2000,34,32,2793,31.0,1,2,3,1,0,0,6,0,0.03,0.06,0.1,0.03,0.1,ae5019e6,31.0,1,18,4,22.2,0.5806451612903226,0.13,0.06,0.25,0,0,ae5019e6,31.0,,,,,,,,,,,,,,,2,,,,,,ae5019e6,31.0,,,,,,,,,,,,,,,,,,,,,ae5019e6,31.0,,43,,,,,,,,,,,30,,,,ae5019e6,Jayden Bogle__Leeds United,0.03225806451612903,0.06451612903225806,1.3870967741935485,0.967741935483871,2.3548387096774195,MF,DF
Olivier Boscagli,fr FRA,DF,Brighton,27,1997,12,9,802,8.9,0,1,1,0,0,0,2,0,0.0,0.11,0.11,0.0,0.11,403f5d20,8.9,0,1,0,0.0,0.11235955056179775,0.0,0.0,0.0,0,0,403f5d20,8.9,,,,,,,,,,,,,,,1,,,,,,403f5d20,8.9,,,,,,,,,,,,,,,,,,,,,403f5d20,8.9,,11,,,,,,,,,,,16,,,,403f5d20,Olivier Boscagli__Brighton,0.0,0.11235955056179775,1.2359550561797752,1.797752808988764,3.033707865168539,DF,
Sven Botman,nl NED,DF,Newcastle,25,2000,25,21,1835,20.4,1,1,2,1,0,0,2,0,0.05,0.05,0.1,0.05,0.1,ccce7025,20.4,1,15,4,26.7,0.7352941176470589,0.2,0.07,0.25,0,0,ccce7025,20.4,,,,,,,,,,,,,,,1,,,,,,ccce7025,20.4,,,,,,,,,,,,,,,,,,,,,ccce7025,20.4,,14,,,,,,,,,,,25,,,,ccce7025,Sven Botman__Newcastle,0.04901960784313726,0.04901960784313726,0.6862745098039216,1.2254901960784315,1.911764705882353,DF,
Jarrod Bowen,eng ENG,MFFW,West Ham,28,1996,38,38,3403,37.8,9,11,20,8,1,1,4,0,0.24,0.29,0.53,0.21,0.5,79c84d1c,37.8,9,79,28,35.4,2.08994708994709,0.74,0.11,0.32,1,1,79c84d1c,37.8,,,,,,,,,,,,,,,11,,,,,,79c84d1c,37.8,,,,,,,,,,,,,,,,,,,,,79c84d1c,37.8,,28,,,,,,,,,,,27,,,,79c84d1c,Jarrod Bowen__West Ham,0.2380952380952381,0.29100529100529104,0.7407407407407408,0.7142857142857143,1.4550264550264551,MF,FW
Conor Bradley,nir NIR,DF,Liverpool,22,2003,15,12,929,10.3,0,1,1,0,0,0,5,0,0.0,0.1,0.1,0.0,0.1,bbd67769,10.3,0,6,0,0.0,0.5825242718446602,0.0,0.0,0.0,0,0,bbd67769,10.3,,,,,,,,,,,,,,,1,,,,,,bbd67769,10.3,,,,,,,,,,,,,,,,,,,,,bbd67769,10.3,,15,,,,,,,,,,,12,,,,bbd67769,Conor Bradley__Liverpool,0.0,0.0970873786407767,1.4563106796116503,1.1650485436893203,2.6213592233009706,DF,
Jarrad Branthwaite,eng ENG,DF,Everton,23,2002,10,7,680,7.6,1,0,1,1,0,0,1,0,0.13,0.0,0.13,0.13,0.13,c1949191,7.6,1,6,2,33.3,0.7894736842105263,0.26,0.17,0.5,0,0,c1949191,7.6,,,,,,,,,,,,,,,0,,,,,,c1949191,7.6,,,,,,,,,,,,,,,,,,,,,c1949191,7.6,,6,,,,,,,,,,,11,,,,c1949191,Jarrad Branthwaite__Everton,0.13157894736842105,0.0,0.7894736842105263,1.4473684210526316,2.236842105263158,DF,
Brian Brobbey,nl NED,FW,Sunderland,23,2002,31,22,1927,21.4,7,1,8,7,0,0,6,0,0.33,0.05,0.37,0.33,0.37,4c184730,21.4,7,36,18,50.0,1.6822429906542058,0.84,0.19,0.39,0,0,4c184730,21.4,,,,,,,,,,,,,,,1,,,,,,4c184730,21.4,,,,,,,,,,,,,,,,,,,,,4c184730,21.4,,2,,,,,,,,,,,0,,,,4c184730,Brian Brobbey__Sunderland,0.3271028037383178,0.04672897196261683,0.09345794392523366,0.0,0.09345794392523366,FW,
Armando Broja,al ALB,FW,Burnley,23,2001,24,8,860,9.6,1,1,2,1,0,0,0,0,0.1,0.1,0.21,0.1,0.21,97220da2,9.6,1,16,6,37.5,1.6666666666666667,0.63,0.06,0.17,0,0,97220da2,9.6,,,,,,,,,,,,,,,1,,,,,,97220da2,9.6,,,,,,,,,,,,,,,,,,,,,97220da2,9.6,,3,,,,,,,,,,,3,,,,97220da2,Armando Broja__Burnley,0.10416666666666667,0.10416666666666667,0.3125,0.3125,0.625,FW,
David Brooks,wls WAL,MF,Bournemouth,28,1997,31,13,1204,13.4,1,3,4,1,0,0,7,0,0.07,0.22,0.3,0.07,0.3,dc4cae05,13.4,1,48,13,27.1,3.582089552238806,0.97,0.02,0.08,0,0,dc4cae05,13.4,,,,,,,,,,,,,,,3,,,,,,dc4cae05,13.4,,,,,,,,,,,,,,,,,,,,,dc4cae05,13.4,,13,,,,,,,,,,,4,,,,dc4cae05,David Brooks__Bournemouth,0.07462686567164178,0.22388059701492538,0.9701492537313433,0.29850746268656714,1.2686567164179103,MF,
Jacob Bruun Larsen,dk DEN,MFFW,Burnley,26,1998,28,10,1030,11.4,0,1,1,0,0,0,0,0,0.0,0.09,0.09,0.0,0.09,4e204552,11.4,0,17,4,23.5,1.4912280701754386,0.35,0.0,0.0,0,0,4e204552,11.4,,,,,,,,,,,,,,,1,,,,,,4e204552,11.4,,,,,,,,,,,,,,,,,,,,,4e204552,11.4,,3,,,,,,,,,,,6,,,,4e204552,Jacob Bruun Larsen__Burnley,0.0,0.08771929824561403,0.2631578947368421,0.5263157894736842,0.7894736842105263,MF,FW
Emi Buendía,ar ARG,MF,Aston Villa,28,1996,36,21,1755,19.5,6,2,8,6,0,0,6,0,0.31,0.1,0.41,0.31,0.41,66b76d44,19.5,6,49,13,26.5,2.5128205128205128,0.67,0.12,0.46,0,0,66b76d44,19.5,,,,,,,,,,,,,,,2,,,,,,66b76d44,19.5,,,,,,,,,,,,,,,,,,,,,66b76d44,19.5,,27,,,,,,,,,,,13,,,,66b76d44,Emi Buendía__Aston Villa,0.3076923076923077,0.10256410256410256,1.3846153846153846,0.6666666666666666,2.051282051282051,MF,
Hugo Bueno,es ESP,MFDF,Wolves,22,2002,35,26,2366,26.3,1,2,3,1,0,0,3,0,0.04,0.08,0.11,0.04,0.11,bfc3b3a0,26.3,1,16,6,37.5,0.6083650190114068,0.23,0.06,0.17,0,0,bfc3b3a0,26.3,,,,,,,,,,,,,,,2,,,,,,bfc3b3a0,26.3,,,,,,,,,,,,,,,,,,,,,bfc3b3a0,26.3,,35,,,,,,,,,,,33,,,,bfc3b3a0,Hugo Bueno__Wolves,0.03802281368821293,0.07604562737642585,1.3307984790874525,1.2547528517110267,2.585551330798479,MF,DF
Santiago Bueno,uy URU,DF,Wolves,26,1998,29,28,2553,28.4,3,1,4,3,0,0,4,0,0.11,0.04,0.14,0.11,0.14,edc98fac,28.4,3,10,7,70.0,0.35211267605633806,0.25,0.3,0.43,0,0,edc98fac,28.4,,,,,,,,,,,,,,,1,,,,,,edc98fac,28.4,,,,,,,,,,,,,,,,,,,,,edc98fac,28.4,,30,,,,,,,,,,,27,,,,edc98fac,Santiago Bueno__Wolves,0.10563380281690142,0.035211267605633804,1.0563380281690142,0.9507042253521127,2.007042253521127,DF,
Dan Burn,eng ENG,DF,Newcastle,33,1992,29,25,2199,24.4,1,2,3,1,0,0,11,1,0.04,0.08,0.12,0.04,0.12,b2d31e83,24.4,1,10,3,30.0,0.4098360655737705,0.12,0.1,0.33,0,0,b2d31e83,24.4,,,,,,,,,,,,,,,2,,,,,,b2d31e83,24.4,,,,,,,,,,,,,,,,,,,,,b2d31e83,24.4,,26,,,,,,,,,,,20,,,,b2d31e83,Dan Burn__Newcastle,0.04098360655737705,0.0819672131147541,1.0655737704918034,0.819672131147541,1.8852459016393444,DF,
Moisés Caicedo,ec ECU,MF,Chelsea,23,2001,33,32,2795,31.1,3,1,4,3,0,0,11,1,0.1,0.03,0.13,0.1,0.13,16264a81,31.1,3,27,7,25.9,0.8681672025723473,0.23,0.11,0.43,0,0,16264a81,31.1,,,,,,,,,,,,,,,1,,,,,,16264a81,31.1,,,,,,,,,,,,,,,,,,,,,16264a81,31.1,,47,,,,,,,,,,,59,,,,16264a81,Moisés Caicedo__Chelsea,0.09646302250803858,0.03215434083601286,1.5112540192926045,1.8971061093247588,3.408360128617363,MF,
Tom Cairney,sct SCO,MF,Fulham,34,1991,24,6,775,8.6,2,0,2,2,0,0,3,0,0.23,0.0,0.23,0.23,0.23,a8748947,8.6,2,17,2,11.8,1.9767441860465118,0.23,0.12,1.0,0,0,a8748947,8.6,,,,,,,,,,,,,,,0,,,,,,a8748947,8.6,,,,,,,,,,,,,,,,,,,,,a8748947,8.6,,4,,,,,,,,,,,4,,,,a8748947,Tom Cairney__Fulham,0.23255813953488372,0.0,0.46511627906976744,0.46511627906976744,0.9302325581395349,MF,
Riccardo Calafiori,it ITA,DF,Arsenal,23,2002,26,22,1699,18.9,1,2,3,1,0,0,5,0,0.05,0.11,0.16,0.05,0.16,aded8e6f,18.9,1,32,8,25.0,1.6931216931216932,0.42,0.03,0.13,0,0,aded8e6f,18.9,,,,,,,,,,,,,,,2,,,,,,aded8e6f,18.9,,,,,,,,,,,,,,,,,,,,,aded8e6f,18.9,,19,,,,,,,,,,,13,,,,aded8e6f,Riccardo Calafiori__Arsenal,0.052910052910052914,0.10582010582010583,1.0052910052910053,0.6878306878306879,1.6931216931216932,DF,
Dominic Calvert-Lewin,eng ENG,FW,Leeds United,28,1997,35,30,2721,30.2,14,1,15,10,4,5,3,0,0.46,0.03,0.5,0.33,0.36,59e6e5bf,30.2,14,73,34,46.6,2.4172185430463577,1.12,0.19,0.41,4,5,59e6e5bf,30.2,,,,,,,,,,,,,,,1,,,,,,59e6e5bf,30.2,,,,,,,,,,,,,,,,,,,,,59e6e5bf,30.2,,4,,,,,,,,,,,5,,,,59e6e5bf,Dominic Calvert-Lewin__Leeds United,0.4635761589403974,0.033112582781456956,0.13245033112582782,0.16556291390728478,0.2980132450331126,FW,
Jaydee Canvot,fr FRA,DF,Crystal Palace,19,2006,20,14,1336,14.8,0,0,0,0,0,0,3,0,0.0,0.0,0.0,0.0,0.0,3684108d,14.8,0,7,1,14.3,0.47297297297297297,0.07,0.0,0.0,0,0,3684108d,14.8,,,,,,,,,,,,,,,0,,,,,,3684108d,14.8,,,,,,,,,,,,,,,,,,,,,3684108d,14.8,,22,,,,,,,,,,,12,,,,3684108d,Jaydee Canvot__Crystal Palace,0.0,0.0,1.4864864864864864,0.8108108108108107,2.2972972972972974,DF,
Casemiro,br BRA,MF,Manchester Utd,33,1992,34,33,2571,28.6,9,2,11,9,0,0,11,1,0.32,0.07,0.39,0.32,0.39,4d224fe8,28.6,9,52,18,34.6,1.8181818181818181,0.63,0.17,0.5,0,0,4d224fe8,28.6,,,,,,,,,,,,,,,2,,,,,,4d224fe8,28.6,,,,,,,,,,,,,,,,,,,,,4d224fe8,28.6,,45,,,,,,,,,,,30,,,,4d224fe8,Casemiro__Manchester Utd,0.3146853146853147,0.06993006993006992,1.5734265734265733,1.048951048951049,2.622377622377622,MF,
Matty Cash,pl POL,DF,Aston Villa,27,1997,35,34,3014,33.5,3,3,6,3,0,0,9,0,0.09,0.09,0.18,0.09,0.18,2389cdc2,33.5,3,30,10,33.3,0.8955223880597015,0.3,0.1,0.3,0,0,2389cdc2,33.5,,,,,,,,,,,,,,,3,,,,,,2389cdc2,33.5,,,,,,,,,,,,,,,,,,,,,2389cdc2,33.5,,32,,,,,,,,,,,24,,,,2389cdc2,Matty Cash__Aston Villa,0.08955223880597014,0.08955223880597014,0.9552238805970149,0.7164179104477612,1.671641791044776,DF,
Timothy Castagne,be BEL,DFMF,Fulham,29,1995,30,20,1845,20.5,0,0,0,0,0,0,4,0,0.0,0.0,0.0,0.0,0.0,197640fd,20.5,0,14,6,42.9,0.6829268292682927,0.29,0.0,0.0,0,0,197640fd,20.5,,,,,,,,,,,,,,,0,,,,,,197640fd,20.5,,,,,,,,,,,,,,,,,,,,,197640fd,20.5,,24,,,,,,,,,,,28,,,,197640fd,Timothy Castagne__Fulham,0.0,0.0,1.170731707317073,1.3658536585365855,2.5365853658536586,DF,MF
Valentín Castellanos,ar ARG,FW,West Ham,26,1998,18,17,1384,15.4,6,0,6,6,0,0,6,0,0.39,0.0,0.39,0.39,0.39,da76bab4,15.4,6,50,22,44.0,3.2467532467532467,1.43,0.12,0.27,0,0,da76bab4,15.4,,,,,,,,,,,,,,,0,,,,,,da76bab4,15.4,,,,,,,,,,,,,,,,,,,,,da76bab4,15.4,,9,,,,,,,,,,,6,,,,da76bab4,Valentín Castellanos__West Ham,0.38961038961038963,0.0,0.5844155844155844,0.38961038961038963,0.974025974025974,FW,
Trevoh Chalobah,eng ENG,DF,Chelsea,26,1999,34,31,2783,30.9,3,0,3,3,0,0,3,1,0.1,0.0,0.1,0.1,0.1,5515376c,30.9,3,16,5,31.3,0.5177993527508091,0.16,0.19,0.6,0,0,5515376c,30.9,,,,,,,,,,,,,,,0,,,,,,5515376c,30.9,,,,,,,,,,,,,,,,,,,,,5515376c,30.9,,22,,,,,,,,,,,37,,,,5515376c,Trevoh Chalobah__Chelsea,0.0970873786407767,0.0,0.7119741100323624,1.197411003236246,1.9093851132686086,DF,
Rayan Cherki,fr FRA,MF,Manchester City,21,2003,33,19,1786,19.8,4,12,16,4,0,0,1,0,0.2,0.6,0.81,0.2,0.81,b34c63a5,19.8,4,55,13,23.6,2.7777777777777777,0.66,0.07,0.31,0,0,b34c63a5,19.8,,,,,,,,,,,,,,,12,,,,,,b34c63a5,19.8,,,,,,,,,,,,,,,,,,,,,b34c63a5,19.8,,16,,,,,,,,,,,7,,,,b34c63a5,Rayan Cherki__Manchester City,0.20202020202020202,0.6060606060606061,0.8080808080808081,0.35353535353535354,1.1616161616161615,MF,
Ryan Christie,sct SCO,MF,Bournemouth,30,1995,26,9,994,11.0,2,0,2,2,0,0,3,1,0.18,0.0,0.18,0.18,0.18,26ce2263,11.0,2,25,8,32.0,2.272727272727273,0.72,0.08,0.25,0,0,26ce2263,11.0,,,,,,,,,,,,,,,0,,,,,,26ce2263,11.0,,,,,,,,,,,,,,,,,,,,,26ce2263,11.0,,20,,,,,,,,,,,11,,,,26ce2263,Ryan Christie__Bournemouth,0.18181818181818182,0.0,1.8181818181818181,1.0,2.8181818181818183,MF,
Samuel Chukwueze,ng NGA,MF,Fulham,26,1999,23,10,1079,12.0,3,4,7,3,0,0,0,0,0.25,0.33,0.58,0.25,0.58,b8a642fc,12.0,3,25,7,28.0,2.0833333333333335,0.58,0.12,0.43,0,0,b8a642fc,12.0,,,,,,,,,,,,,,,4,,,,,,b8a642fc,12.0,,,,,,,,,,,,,,,,,,,,,b8a642fc,12.0,,4,,,,,,,,,,,6,,,,b8a642fc,Samuel Chukwueze__Fulham,0.25,0.3333333333333333,0.3333333333333333,0.5,0.8333333333333334,MF,
Nathan Collins,ie IRL,DF,Brentford,24,2001,35,32,2975,33.1,1,2,3,1,0,0,7,0,0.03,0.06,0.09,0.03,0.09,a8c19eb8,33.1,1,20,6,30.0,0.6042296072507553,0.18,0.05,0.17,0,0,a8c19eb8,33.1,,,,,,,,,,,,,,,2,,,,,,a8c19eb8,33.1,,,,,,,,,,,,,,,,,,,,,a8c19eb8,33.1,,13,,,,,,,,,,,36,,,,a8c19eb8,Nathan Collins__Brentford,0.030211480362537763,0.060422960725075525,0.39274924471299094,1.0876132930513596,1.4803625377643503,DF,
Lewis Cook,eng ENG,MFDF,Bournemouth,28,1997,18,8,874,9.7,0,1,1,0,0,0,1,1,0.0,0.1,0.1,0.0,0.1,2afc7272,9.7,0,3,0,0.0,0.30927835051546393,0.0,0.0,0.0,0,0,2afc7272,9.7,,,,,,,,,,,,,,,1,,,,,,2afc7272,9.7,,,,,,,,,,,,,,,,,,,,,2afc7272,9.7,,17,,,,,,,,,,,21,,,,2afc7272,Lewis Cook__Bournemouth,0.0,0.10309278350515465,1.752577319587629,2.1649484536082477,3.9175257731958766,MF,DF
Marc Cucurella,es ESP,DF,Chelsea,27,1998,34,31,2707,30.1,1,4,5,1,0,0,8,1,0.03,0.13,0.17,0.03,0.17,1daec722,30.1,1,20,6,30.0,0.6644518272425249,0.2,0.05,0.17,0,0,1daec722,30.1,,,,,,,,,,,,,,,4,,,,,,1daec722,30.1,,,,,,,,,,,,,,,,,,,,,1daec722,30.1,,40,,,,,,,,,,,28,,,,1daec722,Marc Cucurella__Chelsea,0.03322259136212624,0.13289036544850497,1.3289036544850499,0.9302325581395349,2.2591362126245844,DF,
Jorge Cuenca,es ESP,DF,Fulham,25,1999,15,11,938,10.4,0,0,0,0,0,0,6,0,0.0,0.0,0.0,0.0,0.0,0abc51f2,10.4,0,1,0,0.0,0.09615384615384615,0.0,0.0,0.0,0,0,0abc51f2,10.4,,,,,,,,,,,,,,,0,,,,,,0abc51f2,10.4,,,,,,,,,,,,,,,,,,,,,0abc51f2,10.4,,10,,,,,,,,,,,15,,,,0abc51f2,Jorge Cuenca__Fulham,0.0,0.0,0.9615384615384615,1.4423076923076923,2.4038461538461537,DF,
Josh Cullen,ie IRL,MF,Burnley,29,1996,18,18,1514,16.8,2,2,4,2,0,0,2,0,0.12,0.12,0.24,0.12,0.24,f6d7d690,16.8,2,11,6,54.5,0.6547619047619048,0.36,0.18,0.33,0,0,f6d7d690,16.8,,,,,,,,,,,,,,,2,,,,,,f6d7d690,16.8,,,,,,,,,,,,,,,,,,,,,f6d7d690,16.8,,19,,,,,,,,,,,24,,,,f6d7d690,Josh Cullen__Burnley,0.11904761904761904,0.11904761904761904,1.130952380952381,1.4285714285714286,2.5595238095238093,MF,
Matheus Cunha,br BRA,MFFW,Manchester Utd,26,1999,33,29,2494,27.7,10,2,12,10,0,0,4,0,0.36,0.07,0.43,0.36,0.43,dc62b55d,27.7,10,90,35,38.9,3.2490974729241877,1.26,0.11,0.29,0,0,dc62b55d,27.7,,,,,,,,,,,,,,,2,,,,,,dc62b55d,27.7,,,,,,,,,,,,,,,,,,,,,dc62b55d,27.7,,23,,,,,,,,,,,21,,,,dc62b55d,Matheus Cunha__Manchester Utd,0.36101083032490977,0.07220216606498195,0.8303249097472925,0.7581227436823105,1.588447653429603,MF,FW
Diogo Dalot,pt POR,DFMF,Manchester Utd,26,1999,34,29,2614,29.0,1,3,4,1,0,0,5,0,0.03,0.1,0.14,0.03,0.14,d9565625,29.0,1,24,6,25.0,0.8275862068965517,0.21,0.04,0.17,0,0,d9565625,29.0,,,,,,,,,,,,,,,3,,,,,,d9565625,29.0,,,,,,,,,,,,,,,,,,,,,d9565625,29.0,,30,,,,,,,,,,,26,,,,d9565625,Diogo Dalot__Manchester Utd,0.034482758620689655,0.10344827586206896,1.0344827586206897,0.896551724137931,1.9310344827586208,DF,MF
Mikkel Damsgaard,dk DEN,MF,Brentford,25,2000,33,24,2054,22.8,4,4,8,4,0,0,0,0,0.18,0.18,0.35,0.18,0.35,215f3907,22.8,4,29,11,37.9,1.2719298245614035,0.48,0.14,0.36,0,0,215f3907,22.8,,,,,,,,,,,,,,,4,,,,,,215f3907,22.8,,,,,,,,,,,,,,,,,,,,,215f3907,22.8,,34,,,,,,,,,,,24,,,,215f3907,Mikkel Damsgaard__Brentford,0.17543859649122806,0.17543859649122806,1.4912280701754386,1.0526315789473684,2.543859649122807,MF,
Kevin Danso,at AUT,DF,Tottenham,26,1998,24,17,1494,16.6,0,0,0,0,0,0,8,0,0.0,0.0,0.0,0.0,0.0,6e33125f,16.6,0,11,2,18.2,0.6626506024096385,0.12,0.0,0.0,0,0,6e33125f,16.6,,,,,,,,,,,,,,,0,,,,,,6e33125f,16.6,,,,,,,,,,,,,,,,,,,,,6e33125f,16.6,,13,,,,,,,,,,,25,,,,6e33125f,Kevin Danso__Tottenham,0.0,0.0,0.7831325301204819,1.506024096385542,2.2891566265060237,DF,
Maxim De Cuyper,be BEL,DFMF,Brighton,24,2000,30,17,1414,15.7,2,3,5,2,0,0,2,0,0.13,0.19,0.32,0.13,0.32,d494882e,15.7,2,13,6,46.2,0.8280254777070064,0.38,0.15,0.33,0,0,d494882e,15.7,,,,,,,,,,,,,,,3,,,,,,d494882e,15.7,,,,,,,,,,,,,,,,,,,,,d494882e,15.7,,10,,,,,,,,,,,11,,,,d494882e,Maxim De Cuyper__Brighton,0.12738853503184713,0.1910828025477707,0.6369426751592357,0.7006369426751593,1.337579617834395,DF,MF
Liam Delap,eng ENG,FW,Chelsea,22,2003,28,12,1107,12.3,1,0,1,1,0,0,4,0,0.08,0.0,0.08,0.08,0.08,dd897ee7,12.3,1,36,11,30.6,2.926829268292683,0.89,0.03,0.09,0,0,dd897ee7,12.3,,,,,,,,,,,,,,,0,,,,,,dd897ee7,12.3,,,,,,,,,,,,,,,,,,,,,dd897ee7,12.3,,3,,,,,,,,,,,1,,,,dd897ee7,Liam Delap__Chelsea,0.08130081300813008,0.0,0.24390243902439024,0.08130081300813008,0.3252032520325203,FW,
Sepp van den Berg,nl NED,DF,Brentford,23,2001,32,30,2763,30.7,0,2,2,0,0,0,2,0,0.0,0.07,0.07,0.0,0.07,7bf9400b,30.7,0,23,7,30.4,0.749185667752443,0.23,0.0,0.0,0,0,7bf9400b,30.7,,,,,,,,,,,,,,,2,,,,,,7bf9400b,30.7,,,,,,,,,,,,,,,,,,,,,7bf9400b,30.7,,9,,,,,,,,,,,26,,,,7bf9400b,Sepp van den Berg__Brentford,0.0,0.06514657980456026,0.2931596091205212,0.8469055374592834,1.1400651465798046,DF,
Justin Devenny,nir NIR,MFFW,Crystal Palace,21,2003,21,7,796,8.8,1,0,1,0,1,1,0,0,0.11,0.0,0.11,0.0,0.0,6c2b66fc,8.8,1,13,4,30.8,1.477272727272727,0.45,0.08,0.25,1,1,6c2b66fc,8.8,,,,,,,,,,,,,,,0,,,,,,6c2b66fc,8.8,,,,,,,,,,,,,,,,,,,,,6c2b66fc,8.8,,11,,,,,,,,,,,1,,,,6c2b66fc,Justin Devenny__Crystal Palace,0.11363636363636363,0.0,1.25,0.11363636363636363,1.3636363636363635,MF,FW
Kiernan Dewsbury-Hall,eng ENG,MF,Everton,26,1998,31,30,2626,29.2,8,4,12,8,0,0,6,0,0.27,0.14,0.41,0.27,0.41,5c74c0f5,29.2,8,39,15,38.5,1.3356164383561644,0.51,0.21,0.53,0,0,5c74c0f5,29.2,,,,,,,,,,,,,,,4,,,,,,5c74c0f5,29.2,,,,,,,,,,,,,,,,,,,,,5c74c0f5,29.2,,26,,,,,,,,,,,14,,,,5c74c0f5,Kiernan Dewsbury-Hall__Everton,0.273972602739726,0.136986301369863,0.8904109589041096,0.4794520547945206,1.36986301369863,MF,
Bafodé Diakité,fr FRA,DF,Bournemouth,24,2001,18,15,1277,14.2,0,0,0,0,0,0,1,0,0.0,0.0,0.0,0.0,0.0,1bfb6fef,14.2,0,1,0,0.0,0.07042253521126761,0.0,0.0,0.0,0,0,1bfb6fef,14.2,,,,,,,,,,,,,,,0,,,,,,1bfb6fef,14.2,,,,,,,,,,,,,,,,,,,,,1bfb6fef,14.2,,15,,,,,,,,,,,10,,,,1bfb6fef,Bafodé Diakité__Bournemouth,0.0,0.0,1.0563380281690142,0.7042253521126761,1.7605633802816902,DF,
Amad Diallo,ci CIV,MF,Manchester Utd,23,2002,32,27,2341,26.0,2,3,5,2,0,0,2,0,0.08,0.12,0.19,0.08,0.19,9dc96f10,26.0,2,53,23,43.4,2.0384615384615383,0.88,0.04,0.09,0,0,9dc96f10,26.0,,,,,,,,,,,,,,,3,,,,,,9dc96f10,26.0,,,,,,,,,,,,,,,,,,,,,9dc96f10,26.0,,23,,,,,,,,,,,15,,,,9dc96f10,Amad Diallo__Manchester Utd,0.07692307692307693,0.11538461538461539,0.8846153846153846,0.5769230769230769,1.4615384615384615,MF,
Habib Diarra,sn SEN,MF,Sunderland,21,2004,20,15,1405,15.6,2,2,4,1,1,1,6,0,0.13,0.13,0.26,0.06,0.19,6d0fe035,15.6,2,26,8,30.8,1.6666666666666667,0.51,0.08,0.25,1,1,6d0fe035,15.6,,,,,,,,,,,,,,,2,,,,,,6d0fe035,15.6,,,,,,,,,,,,,,,,,,,,,6d0fe035,15.6,,7,,,,,,,,,,,4,,,,6d0fe035,Habib Diarra__Sunderland,0.12820512820512822,0.12820512820512822,0.44871794871794873,0.25641025641025644,0.7051282051282052,MF,
Rúben Dias,pt POR,DF,Manchester City,28,1997,26,24,2141,23.8,2,0,2,2,0,0,3,0,0.08,0.0,0.08,0.08,0.08,31c69ef1,23.8,2,10,4,40.0,0.42016806722689076,0.17,0.2,0.5,0,0,31c69ef1,23.8,,,,,,,,,,,,,,,0,,,,,,31c69ef1,23.8,,,,,,,,,,,,,,,,,,,,,31c69ef1,23.8,,6,,,,,,,,,,,23,,,,31c69ef1,Rúben Dias__Manchester City,0.08403361344537814,0.0,0.25210084033613445,0.9663865546218487,1.218487394957983,DF,
Lucas Digne,fr FRA,DF,Aston Villa,32,1993,31,21,1852,20.6,0,6,6,0,0,0,3,0,0.0,0.29,0.29,0.0,0.29,1b84dbe1,20.6,0,14,5,35.7,0.6796116504854368,0.24,0.0,0.0,0,0,1b84dbe1,20.6,,,,,,,,,,,,,,,6,,,,,,1b84dbe1,20.6,,,,,,,,,,,,,,,,,,,,,1b84dbe1,20.6,,26,,,,,,,,,,,13,,,,1b84dbe1,Lucas Digne__Aston Villa,0.0,0.2912621359223301,1.262135922330097,0.6310679611650485,1.8932038834951455,DF,
Issa Diop,ma MAR,DF,Fulham,28,1997,13,8,816,9.1,1,0,1,1,0,0,2,0,0.11,0.0,0.11,0.11,0.11,a712ca2b,9.1,1,2,1,50.0,0.21978021978021978,0.11,0.5,1.0,0,0,a712ca2b,9.1,,,,,,,,,,,,,,,0,,,,,,a712ca2b,9.1,,,,,,,,,,,,,,,,,,,,,a712ca2b,9.1,,2,,,,,,,,,,,6,,,,a712ca2b,Issa Diop__Fulham,0.10989010989010989,0.0,0.21978021978021978,0.6593406593406593,0.8791208791208791,DF,
El Hadji Malick Diouf,sn SEN,DFMF,West Ham,20,2004,32,30,2707,30.1,0,5,5,0,0,0,6,0,0.0,0.17,0.17,0.0,0.17,bd5eb2e5,30.1,0,18,4,22.2,0.5980066445182723,0.13,0.0,0.0,0,0,bd5eb2e5,30.1,,,,,,,,,,,,,,,5,,,,,,bd5eb2e5,30.1,,,,,,,,,,,,,,,,,,,,,bd5eb2e5,30.1,,19,,,,,,,,,,,32,,,,bd5eb2e5,El Hadji Malick Diouf__West Ham,0.0,0.16611295681063123,0.6312292358803986,1.0631229235880397,1.6943521594684385,DF,MF
Axel Disasi,fr FRA,DF,West Ham,27,1998,14,14,1254,13.9,0,0,0,0,0,0,1,0,0.0,0.0,0.0,0.0,0.0,ad82197c,13.9,0,5,3,60.0,0.3597122302158273,0.22,0.0,0.0,0,0,ad82197c,13.9,,,,,,,,,,,,,,,0,,,,,,ad82197c,13.9,,,,,,,,,,,,,,,,,,,,,ad82197c,13.9,,10,,,,,,,,,,,12,,,,ad82197c,Axel Disasi__West Ham,0.0,0.0,0.7194244604316546,0.8633093525179856,1.5827338129496402,DF,
Matt Doherty,ie IRL,DFMF,Wolves,33,1992,11,11,787,8.7,0,0,0,0,0,0,4,0,0.0,0.0,0.0,0.0,0.0,d557d734,8.7,0,3,0,0.0,0.3448275862068966,0.0,0.0,0.0,0,0,d557d734,8.7,,,,,,,,,,,,,,,0,,,,,,d557d734,8.7,,,,,,,,,,,,,,,,,,,,,d557d734,8.7,,8,,,,,,,,,,,7,,,,d557d734,Matt Doherty__Wolves,0.0,0.0,0.9195402298850576,0.8045977011494253,1.7241379310344829,DF,MF
Jeremy Doku,be BEL,MFFW,Manchester City,23,2002,30,19,1784,19.8,5,5,10,5,0,0,0,0,0.25,0.25,0.5,0.25,0.5,fffea3e5,19.8,5,39,15,38.5,1.9696969696969697,0.76,0.13,0.33,0,0,fffea3e5,19.8,,,,,,,,,,,,,,,5,,,,,,fffea3e5,19.8,,,,,,,,,,,,,,,,,,,,,fffea3e5,19.8,,16,,,,,,,,,,,12,,,,fffea3e5,Jeremy Doku__Manchester City,0.25252525252525254,0.25252525252525254,0.8080808080808081,0.6060606060606061,1.4141414141414141,MF,FW
Nicolás Domínguez,ar ARG,MF,Nottingham,27,1998,27,17,1175,13.1,1,1,2,1,0,0,3,0,0.08,0.08,0.15,0.08,0.15,20b3a502,13.1,1,18,5,27.8,1.3740458015267176,0.38,0.06,0.2,0,0,20b3a502,13.1,,,,,,,,,,,,,,,1,,,,,,20b3a502,13.1,,,,,,,,,,,,,,,,,,,,,20b3a502,13.1,,30,,,,,,,,,,,6,,,,20b3a502,Nicolás Domínguez__Nottingham,0.07633587786259542,0.07633587786259542,2.290076335877863,0.4580152671755725,2.7480916030534353,MF,
Patrick Dorgu,dk DEN,MF,Manchester Utd,20,2004,26,15,1449,16.1,4,4,8,4,0,0,5,0,0.25,0.25,0.5,0.25,0.5,e6536124,16.1,4,25,11,44.0,1.5527950310559004,0.68,0.16,0.36,0,0,e6536124,16.1,,,,,,,,,,,,,,,4,,,,,,e6536124,16.1,,,,,,,,,,,,,,,,,,,,,e6536124,16.1,,30,,,,,,,,,,,16,,,,e6536124,Patrick Dorgu__Manchester Utd,0.24844720496894407,0.24844720496894407,1.8633540372670805,0.9937888198757763,2.8571428571428568,MF,
Lewis Dunk,eng ENG,DF,Brighton,33,1991,33,31,2838,31.5,1,0,1,1,0,0,10,0,0.03,0.0,0.03,0.03,0.03,282f75f3,31.5,1,23,3,13.0,0.7301587301587301,0.1,0.04,0.33,0,0,282f75f3,31.5,,,,,,,,,,,,,,,0,,,,,,282f75f3,31.5,,,,,,,,,,,,,,,,,,,,,282f75f3,31.5,,22,,,,,,,,,,,30,,,,282f75f3,Lewis Dunk__Brighton,0.031746031746031744,0.0,0.6984126984126984,0.9523809523809523,1.6507936507936507,DF,
Marcus Edwards,eng ENG,MFFW,Burnley,26,1998,23,11,1067,11.9,1,3,4,1,0,0,0,0,0.08,0.25,0.34,0.08,0.34,57760e66,11.9,1,23,6,26.1,1.9327731092436975,0.51,0.04,0.17,0,0,57760e66,11.9,,,,,,,,,,,,,,,3,,,,,,57760e66,11.9,,,,,,,,,,,,,,,,,,,,,57760e66,11.9,,6,,,,,,,,,,,3,,,,57760e66,Marcus Edwards__Burnley,0.08403361344537814,0.25210084033613445,0.5042016806722689,0.25210084033613445,0.7563025210084033,MF,FW
Hjalmar Ekdal,se SWE,DF,Burnley,26,1998,19,17,1539,17.1,0,0,0,0,0,0,0,0,0.0,0.0,0.0,0.0,0.0,3d554589,17.1,0,6,1,16.7,0.3508771929824561,0.06,0.0,0.0,0,0,3d554589,17.1,,,,,,,,,,,,,,,0,,,,,,3d554589,17.1,,,,,,,,,,,,,,,,,,,,,3d554589,17.1,,17,,,,,,,,,,,12,,,,3d554589,Hjalmar Ekdal__Burnley,0.0,0.0,0.9941520467836257,0.7017543859649122,1.6959064327485378,DF,
Hugo Ekitike,fr FRA,FW,Liverpool,23,2002,28,21,1803,20.0,11,4,15,11,0,0,0,0,0.55,0.2,0.75,0.55,0.75,5b92d896,20.0,11,65,19,29.2,3.25,0.95,0.17,0.58,0,0,5b92d896,20.0,,,,,,,,,,,,,,,4,,,,,,5b92d896,20.0,,,,,,,,,,,,,,,,,,,,,5b92d896,20.0,,7,,,,,,,,,,,4,,,,5b92d896,Hugo Ekitike__Liverpool,0.55,0.2,0.35,0.2,0.55,FW,
Anthony Elanga,se SWE,FWMF,Newcastle,23,2002,32,14,1319,14.7,0,1,1,0,0,0,0,0,0.0,0.07,0.07,0.0,0.07,2fba6108,14.7,0,17,4,23.5,1.1564625850340136,0.27,0.0,0.0,0,0,2fba6108,14.7,,,,,,,,,,,,,,,1,,,,,,2fba6108,14.7,,,,,,,,,,,,,,,,,,,,,2fba6108,14.7,,11,,,,,,,,,,,3,,,,2fba6108,Anthony Elanga__Newcastle,0.0,0.06802721088435375,0.7482993197278912,0.20408163265306123,0.9523809523809524,FW,MF
Maxime Estève,fr FRA,DF,Burnley,23,2002,34,34,2932,32.6,0,0,0,0,0,0,1,0,0.0,0.0,0.0,0.0,0.0,1a066e69,32.6,0,10,1,10.0,0.3067484662576687,0.03,0.0,0.0,0,0,1a066e69,32.6,,,,,,,,,,,,,,,0,,,,,,1a066e69,32.6,,,,,,,,,,,,,,,,,,,,,1a066e69,32.6,,27,,,,,,,,,,,37,,,,1a066e69,Maxime Estève__Burnley,0.0,0.0,0.8282208588957055,1.1349693251533741,1.9631901840490797,DF,
Evanilson,br BRA,FW,Bournemouth,25,1999,36,32,2742,30.5,6,1,7,6,0,0,2,0,0.2,0.03,0.23,0.2,0.23,6f3cc2fe,30.5,6,72,23,31.9,2.360655737704918,0.75,0.08,0.26,0,0,6f3cc2fe,30.5,,,,,,,,,,,,,,,1,,,,,,6f3cc2fe,30.5,,,,,,,,,,,,,,,,,,,,,6f3cc2fe,30.5,,5,,,,,,,,,,,6,,,,6f3cc2fe,Evanilson__Bournemouth,0.19672131147540983,0.03278688524590164,0.16393442622950818,0.19672131147540983,0.36065573770491804,FW,
Eberechi Eze,eng ENG,MFFW,Arsenal,27,1998,32,21,1812,20.1,7,2,9,7,0,0,1,0,0.35,0.1,0.45,0.35,0.45,ae4fc6a4,20.1,7,57,18,31.6,2.835820895522388,0.89,0.12,0.39,0,0,ae4fc6a4,20.1,,,,,,,,,,,,,,,2,,,,,,ae4fc6a4,20.1,,,,,,,,,,,,,,,,,,,,,ae4fc6a4,20.1,,13,,,,,,,,,,,11,,,,ae4fc6a4,Eberechi Eze__Arsenal,0.34825870646766166,0.09950248756218905,0.6467661691542288,0.5472636815920398,1.1940298507462686,MF,FW
Bruno Fernandes,pt POR,MF,Manchester Utd,30,1994,35,35,3063,34.0,9,21,30,5,4,6,5,0,0.26,0.62,0.88,0.15,0.76,507c7bdf,34.0,9,85,24,28.2,2.5,0.71,0.11,0.38,4,6,507c7bdf,34.0,,,,,,,,,,,,,,,21,,,,,,507c7bdf,34.0,,,,,,,,,,,,,,,,,,,,,507c7bdf,34.0,,35,,,,,,,,,,,21,,,,507c7bdf,Bruno Fernandes__Manchester Utd,0.2647058823529412,0.6176470588235294,1.0294117647058822,0.6176470588235294,1.6470588235294117,MF,
Mateus Fernandes,pt POR,MF,West Ham,21,2004,36,35,3016,33.5,3,4,7,3,0,0,7,0,0.09,0.12,0.21,0.09,0.21,ef491564,33.5,3,28,8,28.6,0.835820895522388,0.24,0.11,0.38,0,0,ef491564,33.5,,,,,,,,,,,,,,,4,,,,,,ef491564,33.5,,,,,,,,,,,,,,,,,,,,,ef491564,33.5,,67,,,,,,,,,,,36,,,,ef491564,Mateus Fernandes__West Ham,0.08955223880597014,0.11940298507462686,2.0,1.0746268656716418,3.074626865671642,MF,
Enzo Fernández,ar ARG,MF,Chelsea,24,2001,36,35,3115,34.6,10,4,14,8,2,2,10,0,0.29,0.12,0.4,0.23,0.35,5ff4ab71,34.6,10,72,31,43.1,2.0809248554913293,0.9,0.14,0.32,2,2,5ff4ab71,34.6,,,,,,,,,,,,,,,4,,,,,,5ff4ab71,34.6,,,,,,,,,,,,,,,,,,,,,5ff4ab71,34.6,,24,,,,,,,,,,,20,,,,5ff4ab71,Enzo Fernández__Chelsea,0.2890173410404624,0.11560693641618497,0.6936416184971098,0.5780346820809248,1.2716763005780347,MF,
Zian Flemming,nl NED,FW,Burnley,26,1998,29,21,1769,19.7,11,0,11,9,2,2,5,0,0.56,0.0,0.56,0.46,0.46,b3f36e72,19.7,11,52,21,40.4,2.6395939086294415,1.07,0.21,0.52,2,2,b3f36e72,19.7,,,,,,,,,,,,,,,0,,,,,,b3f36e72,19.7,,,,,,,,,,,,,,,,,,,,,b3f36e72,19.7,,10,,,,,,,,,,,6,,,,b3f36e72,Zian Flemming__Burnley,0.5583756345177665,0.0,0.5076142131979695,0.30456852791878175,0.8121827411167513,FW,
Phil Foden,eng ENG,MF,Manchester City,25,2000,33,23,2086,23.2,7,5,12,7,0,0,4,0,0.3,0.22,0.52,0.3,0.52,ed1e53f3,23.2,7,55,19,34.5,2.3706896551724137,0.82,0.13,0.37,0,0,ed1e53f3,23.2,,,,,,,,,,,,,,,5,,,,,,ed1e53f3,23.2,,,,,,,,,,,,,,,,,,,,,ed1e53f3,23.2,,16,,,,,,,,,,,10,,,,ed1e53f3,Phil Foden__Manchester City,0.3017241379310345,0.21551724137931036,0.6896551724137931,0.4310344827586207,1.120689655172414,MF,
Wesley Fofana,fr FRA,DF,Chelsea,24,2000,25,20,1722,19.1,0,1,1,0,0,0,9,2,0.0,0.05,0.05,0.0,0.05,132a82f1,19.1,0,8,1,12.5,0.41884816753926696,0.05,0.0,0.0,0,0,132a82f1,19.1,,,,,,,,,,,,,,,1,,,,,,132a82f1,19.1,,,,,,,,,,,,,,,,,,,,,132a82f1,19.1,,11,,,,,,,,,,,38,,,,132a82f1,Wesley Fofana__Chelsea,0.0,0.05235602094240837,0.5759162303664921,1.9895287958115182,2.5654450261780104,DF,
Lyle Foster,za RSA,FWMF,Burnley,24,2000,26,15,1371,15.2,3,2,5,3,0,0,4,0,0.2,0.13,0.33,0.2,0.33,f84a807c,15.2,3,20,6,30.0,1.3157894736842106,0.39,0.15,0.5,0,0,f84a807c,15.2,,,,,,,,,,,,,,,2,,,,,,f84a807c,15.2,,,,,,,,,,,,,,,,,,,,,f84a807c,15.2,,12,,,,,,,,,,,4,,,,f84a807c,Lyle Foster__Burnley,0.19736842105263158,0.13157894736842105,0.7894736842105263,0.2631578947368421,1.0526315789473684,FW,MF
Jeremie Frimpong,nl NED,DFMF,Liverpool,24,2000,21,12,1040,11.6,0,1,1,0,0,0,1,0,0.0,0.09,0.09,0.0,0.09,74f2e748,11.6,0,10,2,20.0,0.8620689655172414,0.17,0.0,0.0,0,0,74f2e748,11.6,,,,,,,,,,,,,,,1,,,,,,74f2e748,11.6,,,,,,,,,,,,,,,,,,,,,74f2e748,11.6,,9,,,,,,,,,,,6,,,,74f2e748,Jeremie Frimpong__Liverpool,0.0,0.08620689655172414,0.7758620689655172,0.5172413793103449,1.293103448275862,DF,MF
Cody Gakpo,nl NED,MFFW,Liverpool,26,1999,36,32,2737,30.4,7,5,12,7,0,0,3,0,0.23,0.16,0.39,0.23,0.39,1971591f,30.4,7,87,21,24.1,2.861842105263158,0.69,0.08,0.33,0,0,1971591f,30.4,,,,,,,,,,,,,,,5,,,,,,1971591f,30.4,,,,,,,,,,,,,,,,,,,,,1971591f,30.4,,15,,,,,,,,,,,12,,,,1971591f,Cody Gakpo__Liverpool,0.23026315789473686,0.16447368421052633,0.493421052631579,0.39473684210526316,0.8881578947368421,MF,FW
Conor Gallagher,eng ENG,MF,Tottenham,25,2000,16,14,1184,13.2,1,1,2,1,0,0,2,0,0.08,0.08,0.15,0.08,0.15,c2731c10,13.2,1,11,4,36.4,0.8333333333333334,0.3,0.09,0.25,0,0,c2731c10,13.2,,,,,,,,,,,,,,,1,,,,,,c2731c10,13.2,,,,,,,,,,,,,,,,,,,,,c2731c10,13.2,,14,,,,,,,,,,,18,,,,c2731c10,Conor Gallagher__Tottenham,0.07575757575757576,0.07575757575757576,1.0606060606060606,1.3636363636363638,2.4242424242424243,MF,
Alejandro Garnacho,ar ARG,MF,Chelsea,21,2004,24,14,1268,14.1,1,4,5,1,0,0,2,0,0.07,0.28,0.35,0.07,0.35,7aa8adfe,14.1,1,33,7,21.2,2.3404255319148937,0.5,0.03,0.14,0,0,7aa8adfe,14.1,,,,,,,,,,,,,,,4,,,,,,7aa8adfe,14.1,,,,,,,,,,,,,,,,,,,,,7aa8adfe,14.1,,13,,,,,,,,,,,4,,,,7aa8adfe,Alejandro Garnacho__Chelsea,0.07092198581560284,0.28368794326241137,0.9219858156028369,0.28368794326241137,1.2056737588652482,MF,
James Garner,eng ENG,MFDF,Everton,24,2001,38,38,3413,37.9,2,7,9,2,0,0,12,0,0.05,0.18,0.24,0.05,0.24,4e015693,37.9,2,45,14,31.1,1.187335092348285,0.37,0.04,0.14,0,0,4e015693,37.9,,,,,,,,,,,,,,,7,,,,,,4e015693,37.9,,,,,,,,,,,,,,,,,,,,,4e015693,37.9,,72,,,,,,,,,,,57,,,,4e015693,James Garner__Everton,0.052770448548812667,0.18469656992084432,1.899736147757256,1.503957783641161,3.403693931398417,MF,DF
Lutsharel Geertruida,nl NED,DFMF,Sunderland,25,2000,28,17,1693,18.8,0,0,0,0,0,0,2,0,0.0,0.0,0.0,0.0,0.0,242e1043,18.8,0,11,3,27.3,0.5851063829787234,0.16,0.0,0.0,0,0,242e1043,18.8,,,,,,,,,,,,,,,0,,,,,,242e1043,18.8,,,,,,,,,,,,,,,,,,,,,242e1043,18.8,,22,,,,,,,,,,,20,,,,242e1043,Lutsharel Geertruida__Sunderland,0.0,0.0,1.1702127659574468,1.0638297872340425,2.234042553191489,DF,MF
Morgan Gibbs-White,eng ENG,MF,Nottingham,25,2000,37,35,3097,34.4,15,4,19,14,1,1,1,0,0.44,0.12,0.55,0.41,0.52,32f60ed8,34.4,15,83,32,38.6,2.412790697674419,0.93,0.18,0.47,1,1,32f60ed8,34.4,,,,,,,,,,,,,,,4,,,,,,32f60ed8,34.4,,,,,,,,,,,,,,,,,,,,,32f60ed8,34.4,,16,,,,,,,,,,,12,,,,32f60ed8,Morgan Gibbs-White__Nottingham,0.436046511627907,0.11627906976744186,0.46511627906976744,0.3488372093023256,0.813953488372093,MF,
João Gomes,br BRA,MF,Wolves,24,2001,35,32,2829,31.4,1,1,2,1,0,0,10,0,0.03,0.03,0.06,0.03,0.06,8b57ad2c,31.4,1,19,7,36.8,0.6050955414012739,0.22,0.05,0.14,0,0,8b57ad2c,31.4,,,,,,,,,,,,,,,1,,,,,,8b57ad2c,31.4,,,,,,,,,,,,,,,,,,,,,8b57ad2c,31.4,,68,,,,,,,,,,,36,,,,8b57ad2c,João Gomes__Wolves,0.03184713375796178,0.03184713375796178,2.1656050955414012,1.1464968152866242,3.3121019108280256,MF,
Rodrigo Gomes,pt POR,MFFW,Wolves,22,2003,22,9,960,10.7,3,0,3,3,0,0,0,0,0.28,0.0,0.28,0.28,0.28,8dcf77c0,10.7,3,20,6,30.0,1.869158878504673,0.56,0.15,0.5,0,0,8dcf77c0,10.7,,,,,,,,,,,,,,,0,,,,,,8dcf77c0,10.7,,,,,,,,,,,,,,,,,,,,,8dcf77c0,10.7,,18,,,,,,,,,,,11,,,,8dcf77c0,Rodrigo Gomes__Wolves,0.28037383177570097,0.0,1.6822429906542058,1.0280373831775702,2.710280373831776,MF,FW
Toti Gomes,pt POR,DF,Wolves,26,1999,19,17,1424,15.8,0,0,0,0,0,0,2,1,0.0,0.0,0.0,0.0,0.0,f0caab96,15.8,0,5,2,40.0,0.3164556962025316,0.13,0.0,0.0,0,0,f0caab96,15.8,,,,,,,,,,,,,,,0,,,,,,f0caab96,15.8,,,,,,,,,,,,,,,,,,,,,f0caab96,15.8,,11,,,,,,,,,,,13,,,,f0caab96,Toti Gomes__Wolves,0.0,0.0,0.6962025316455696,0.8227848101265822,1.5189873417721518,DF,
Diego Gómez,py PAR,MFFW,Brighton,22,2003,32,26,2120,23.6,5,1,6,5,0,0,9,0,0.21,0.04,0.25,0.21,0.25,916728da,23.6,5,42,14,33.3,1.7796610169491525,0.59,0.12,0.36,0,0,916728da,23.6,,,,,,,,,,,,,,,1,,,,,,916728da,23.6,,,,,,,,,,,,,,,,,,,,,916728da,23.6,,49,,,,,,,,,,,19,,,,916728da,Diego Gómez__Brighton,0.211864406779661,0.0423728813559322,2.0762711864406778,0.8050847457627118,2.8813559322033897,MF,FW
Joe Gomez,eng ENG,DF,Liverpool,28,1997,21,7,607,6.7,0,2,2,0,0,0,4,0,0.0,0.3,0.3,0.0,0.3,7a11550b,6.7,0,5,1,20.0,0.7462686567164178,0.15,0.0,0.0,0,0,7a11550b,6.7,,,,,,,,,,,,,,,2,,,,,,7a11550b,6.7,,,,,,,,,,,,,,,,,,,,,7a11550b,6.7,,7,,,,,,,,,,,8,,,,7a11550b,Joe Gomez__Liverpool,0.0,0.29850746268656714,1.044776119402985,1.1940298507462686,2.2388059701492535,DF,
Nicolás González,es ESP,MF,Manchester City,23,2002,25,17,1569,17.4,1,0,1,1,0,0,6,0,0.06,0.0,0.06,0.06,0.06,2c56a792,17.4,1,14,2,14.3,0.8045977011494253,0.11,0.07,0.5,0,0,2c56a792,17.4,,,,,,,,,,,,,,,0,,,,,,2c56a792,17.4,,,,,,,,,,,,,,,,,,,,,2c56a792,17.4,,30,,,,,,,,,,,24,,,,2c56a792,Nicolás González__Manchester City,0.0574712643678161,0.0,1.7241379310344829,1.3793103448275863,3.1034482758620694,MF,
Anthony Gordon,eng ENG,FW,Newcastle,24,2001,26,24,1795,19.9,6,2,8,3,3,3,3,1,0.3,0.1,0.4,0.15,0.25,2bd83368,19.9,6,48,20,41.7,2.412060301507538,1.0,0.13,0.3,3,3,2bd83368,19.9,,,,,,,,,,,,,,,2,,,,,,2bd83368,19.9,,,,,,,,,,,,,,,,,,,,,2bd83368,19.9,,13,,,,,,,,,,,3,,,,2bd83368,Anthony Gordon__Newcastle,0.30150753768844224,0.10050251256281408,0.6532663316582915,0.15075376884422112,0.8040201005025126,FW,
Ryan Gravenberch,nl NED,MF,Liverpool,23,2002,36,34,2992,33.2,5,3,8,5,0,0,5,0,0.15,0.09,0.24,0.15,0.24,b8e740fb,33.2,5,38,13,34.2,1.1445783132530118,0.39,0.13,0.38,0,0,b8e740fb,33.2,,,,,,,,,,,,,,,3,,,,,,b8e740fb,33.2,,,,,,,,,,,,,,,,,,,,,b8e740fb,33.2,,35,,,,,,,,,,,44,,,,b8e740fb,Ryan Gravenberch__Liverpool,0.1506024096385542,0.09036144578313252,1.0542168674698795,1.325301204819277,2.3795180722891565,MF,
Archie Gray,eng ENG,MFDF,Tottenham,19,2006,24,18,1478,16.4,2,2,4,2,0,0,5,0,0.12,0.12,0.24,0.12,0.24,f58515f5,16.4,2,11,5,45.5,0.6707317073170732,0.3,0.18,0.4,0,0,f58515f5,16.4,,,,,,,,,,,,,,,2,,,,,,f58515f5,16.4,,,,,,,,,,,,,,,,,,,,,f58515f5,16.4,,8,,,,,,,,,,,17,,,,f58515f5,Archie Gray__Tottenham,0.12195121951219513,0.12195121951219513,0.48780487804878053,1.0365853658536586,1.524390243902439,MF,DF
Jack Grealish,eng ENG,MF,Everton,29,1995,20,18,1627,18.1,2,6,8,2,0,0,5,1,0.11,0.33,0.44,0.11,0.44,b0b4fd3e,18.1,2,26,8,30.8,1.43646408839779,0.44,0.08,0.25,0,0,b0b4fd3e,18.1,,,,,,,,,,,,,,,6,,,,,,b0b4fd3e,18.1,,,,,,,,,,,,,,,,,,,,,b0b4fd3e,18.1,,15,,,,,,,,,,,11,,,,b0b4fd3e,Jack Grealish__Everton,0.11049723756906077,0.3314917127071823,0.8287292817679557,0.6077348066298343,1.43646408839779,MF,
Pascal Groß,de GER,MF,Brighton,34,1991,19,18,1636,18.2,1,3,4,1,0,0,2,0,0.06,0.17,0.22,0.06,0.22,8aec0537,18.2,1,18,9,50.0,0.989010989010989,0.5,0.06,0.11,0,0,8aec0537,18.2,,,,,,,,,,,,,,,3,,,,,,8aec0537,18.2,,,,,,,,,,,,,,,,,,,,,8aec0537,18.2,,17,,,,,,,,,,,11,,,,8aec0537,Pascal Groß__Brighton,0.054945054945054944,0.16483516483516483,0.9340659340659341,0.6043956043956045,1.5384615384615385,MF,
Brajan Gruda,de GER,MF,Brighton,21,2004,18,8,719,8.0,1,1,2,1,0,0,2,0,0.13,0.13,0.25,0.13,0.25,ae9b998d,8.0,1,16,6,37.5,2.0,0.75,0.06,0.17,0,0,ae9b998d,8.0,,,,,,,,,,,,,,,1,,,,,,ae9b998d,8.0,,,,,,,,,,,,,,,,,,,,,ae9b998d,8.0,,5,,,,,,,,,,,2,,,,ae9b998d,Brajan Gruda__Brighton,0.125,0.125,0.625,0.25,0.875,MF,
Ilia Gruev,bg BUL,MF,Leeds United,25,2000,23,15,1323,14.7,0,3,3,0,0,0,3,0,0.0,0.2,0.2,0.0,0.2,1fc4f3d1,14.7,0,7,1,14.3,0.4761904761904762,0.07,0.0,0.0,0,0,1fc4f3d1,14.7,,,,,,,,,,,,,,,3,,,,,,1fc4f3d1,14.7,,,,,,,,,,,,,,,,,,,,,1fc4f3d1,14.7,,13,,,,,,,,,,,14,,,,1fc4f3d1,Ilia Gruev__Leeds United,0.0,0.20408163265306123,0.8843537414965987,0.9523809523809524,1.836734693877551,MF,
Gabriel Gudmundsson,se SWE,DFMF,Leeds United,26,1999,32,31,2631,29.2,0,0,0,0,0,0,6,1,0.0,0.0,0.0,0.0,0.0,d5d22a58,29.2,0,18,3,16.7,0.6164383561643836,0.1,0.0,0.0,0,0,d5d22a58,29.2,,,,,,,,,,,,,,,0,,,,,,d5d22a58,29.2,,,,,,,,,,,,,,,,,,,,,d5d22a58,29.2,,47,,,,,,,,,,,28,,,,d5d22a58,Gabriel Gudmundsson__Leeds United,0.0,0.0,1.6095890410958904,0.9589041095890412,2.568493150684932,DF,MF
Marc Guéhi,eng ENG,DF,Crystal Palace,25,2000,20,20,1800,20.0,2,2,4,2,0,0,4,0,0.1,0.1,0.2,0.1,0.2,d0706b27,20.0,2,15,4,26.7,0.75,0.2,0.13,0.5,0,0,d0706b27,20.0,,,,,,,,,,,,,,,2,,,,,,d0706b27,20.0,,,,,,,,,,,,,,,,,,,,,d0706b27,20.0,,19,,,,,,,,,,,24,,,,d0706b27,Marc Guéhi__Crystal Palace,0.1,0.1,0.95,1.2,2.15,DF,
Marc Guéhi,eng ENG,DF,Manchester City,25,2000,15,15,1350,15.0,1,1,2,1,0,0,2,0,0.07,0.07,0.13,0.07,0.13,d0706b27,15.0,1,17,5,29.4,1.1333333333333333,0.33,0.06,0.2,0,0,d0706b27,15.0,,,,,,,,,,,,,,,1,,,,,,d0706b27,15.0,,,,,,,,,,,,,,,,,,,,,d0706b27,15.0,,12,,,,,,,,,,,25,,,,d0706b27,Marc Guéhi__Manchester City,0.06666666666666667,0.06666666666666667,0.8,1.6666666666666667,2.466666666666667,DF,
Idrissa Gueye,sn SEN,MF,Everton,35,1989,25,25,2093,23.3,2,3,5,2,0,0,1,1,0.09,0.13,0.22,0.09,0.22,72c812f3,23.3,2,29,7,24.1,1.2446351931330473,0.3,0.07,0.29,0,0,72c812f3,23.3,,,,,,,,,,,,,,,3,,,,,,72c812f3,23.3,,,,,,,,,,,,,,,,,,,,,72c812f3,23.3,,21,,,,,,,,,,,29,,,,72c812f3,Idrissa Gueye__Everton,0.08583690987124463,0.12875536480686695,0.9012875536480687,1.2446351931330473,2.1459227467811157,MF,
Bruno Guimarães,br BRA,MF,Newcastle,27,1997,29,27,2453,27.3,9,5,14,7,2,2,6,0,0.33,0.18,0.51,0.26,0.44,82518f62,27.3,9,42,23,54.8,1.5384615384615383,0.84,0.21,0.39,2,2,82518f62,27.3,,,,,,,,,,,,,,,5,,,,,,82518f62,27.3,,,,,,,,,,,,,,,,,,,,,82518f62,27.3,,41,,,,,,,,,,,16,,,,82518f62,Bruno Guimarães__Newcastle,0.32967032967032966,0.18315018315018314,1.5018315018315018,0.5860805860805861,2.087912087912088,MF,
Malo Gusto,fr FRA,DFMF,Chelsea,22,2003,34,26,2261,25.1,2,3,5,2,0,0,5,1,0.08,0.12,0.2,0.08,0.2,d56b9520,25.1,2,12,6,50.0,0.4780876494023904,0.24,0.17,0.33,0,0,d56b9520,25.1,,,,,,,,,,,,,,,3,,,,,,d56b9520,25.1,,,,,,,,,,,,,,,,,,,,,d56b9520,25.1,,23,,,,,,,,,,,30,,,,d56b9520,Malo Gusto__Chelsea,0.0796812749003984,0.1195219123505976,0.9163346613545816,1.195219123505976,2.1115537848605577,DF,MF
Joško Gvardiol,hr CRO,DF,Manchester City,23,2002,18,16,1372,15.2,2,2,4,2,0,0,2,0,0.13,0.13,0.26,0.13,0.26,5ad50391,15.2,2,17,6,35.3,1.118421052631579,0.39,0.12,0.33,0,0,5ad50391,15.2,,,,,,,,,,,,,,,2,,,,,,5ad50391,15.2,,,,,,,,,,,,,,,,,,,,,5ad50391,15.2,,13,,,,,,,,,,,16,,,,5ad50391,Joško Gvardiol__Manchester City,0.13157894736842105,0.13157894736842105,0.8552631578947368,1.0526315789473684,1.9078947368421053,DF,
Viktor Gyökeres,se SWE,FW,Arsenal,27,1998,36,26,2224,24.7,14,1,15,11,3,3,5,0,0.57,0.04,0.61,0.45,0.49,4d5a9185,24.7,14,55,22,40.0,2.2267206477732793,0.89,0.25,0.64,3,3,4d5a9185,24.7,,,,,,,,,,,,,,,1,,,,,,4d5a9185,24.7,,,,,,,,,,,,,,,,,,,,,4d5a9185,24.7,,5,,,,,,,,,,,1,,,,4d5a9185,Viktor Gyökeres__Arsenal,0.5668016194331984,0.04048582995951417,0.20242914979757085,0.04048582995951417,0.24291497975708504,FW,
Erling Haaland,no NOR,FW,Manchester City,25,2000,35,34,2953,32.8,27,8,35,24,3,4,2,0,0.82,0.24,1.07,0.73,0.98,1f44ac21,32.8,27,126,59,46.8,3.8414634146341466,1.8,0.21,0.46,3,4,1f44ac21,32.8,,,,,,,,,,,,,,,8,,,,,,1f44ac21,32.8,,,,,,,,,,,,,,,,,,,,,1f44ac21,32.8,,7,,,,,,,,,,,4,,,,1f44ac21,Erling Haaland__Manchester City,0.8231707317073171,0.24390243902439027,0.2134146341463415,0.12195121951219513,0.3353658536585366,FW,
Lewis Hall,eng ENG,DF,Newcastle,20,2004,30,24,2181,24.2,1,1,2,1,0,0,4,0,0.04,0.04,0.08,0.04,0.08,da011f18,24.2,1,25,6,24.0,1.0330578512396695,0.25,0.04,0.17,0,0,da011f18,24.2,,,,,,,,,,,,,,,1,,,,,,da011f18,24.2,,,,,,,,,,,,,,,,,,,,,da011f18,24.2,,31,,,,,,,,,,,29,,,,da011f18,Lewis Hall__Newcastle,0.04132231404958678,0.04132231404958678,1.28099173553719,1.1983471074380165,2.479338842975207,DF,
Quilindschy Hartman,nl NED,DF,Burnley,23,2001,21,21,1825,20.3,0,5,5,0,0,0,1,0,0.0,0.25,0.25,0.0,0.25,39e1138f,20.3,0,9,3,33.3,0.44334975369458124,0.15,0.0,0.0,0,0,39e1138f,20.3,,,,,,,,,,,,,,,5,,,,,,39e1138f,20.3,,,,,,,,,,,,,,,,,,,,,39e1138f,20.3,,31,,,,,,,,,,,32,,,,39e1138f,Quilindschy Hartman__Burnley,0.0,0.24630541871921183,1.5270935960591132,1.5763546798029555,3.103448275862069,DF,
Jorrel Hato,nl NED,DF,Chelsea,19,2006,22,12,1148,12.8,0,0,0,0,0,0,7,0,0.0,0.0,0.0,0.0,0.0,bde35051,12.8,0,4,0,0.0,0.3125,0.0,0.0,0.0,0,0,bde35051,12.8,,,,,,,,,,,,,,,0,,,,,,bde35051,12.8,,,,,,,,,,,,,,,,,,,,,bde35051,12.8,,19,,,,,,,,,,,17,,,,bde35051,Jorrel Hato__Chelsea,0.0,0.0,1.484375,1.328125,2.8125,DF,
Ayden Heaven,eng ENG,DF,Manchester Utd,18,2006,17,11,924,10.3,0,1,1,0,0,0,2,0,0.0,0.1,0.1,0.0,0.1,64e17fab,10.3,0,3,0,0.0,0.2912621359223301,0.0,0.0,0.0,0,0,64e17fab,10.3,,,,,,,,,,,,,,,1,,,,,,64e17fab,10.3,,,,,,,,,,,,,,,,,,,,,64e17fab,10.3,,13,,,,,,,,,,,1,,,,64e17fab,Ayden Heaven__Manchester Utd,0.0,0.0970873786407767,1.262135922330097,0.0970873786407767,1.3592233009708736,DF,
Jan Paul van Hecke,nl NED,DF,Brighton,25,2000,36,36,3210,35.7,3,3,6,3,0,0,9,0,0.08,0.08,0.17,0.08,0.17,4fd08daa,35.7,3,23,10,43.5,0.6442577030812324,0.28,0.13,0.3,0,0,4fd08daa,35.7,,,,,,,,,,,,,,,3,,,,,,4fd08daa,35.7,,,,,,,,,,,,,,,,,,,,,4fd08daa,35.7,,31,,,,,,,,,,,45,,,,4fd08daa,Jan Paul van Hecke__Brighton,0.08403361344537814,0.08403361344537814,0.8683473389355741,1.2605042016806722,2.1288515406162465,DF,
Hwang Hee-chan,kr KOR,FWMF,Wolves,29,1996,26,18,1446,16.1,2,2,4,1,1,1,5,0,0.12,0.12,0.25,0.06,0.19,169fd162,16.1,2,19,6,31.6,1.1801242236024843,0.37,0.11,0.33,1,1,169fd162,16.1,,,,,,,,,,,,,,,2,,,,,,169fd162,16.1,,,,,,,,,,,,,,,,,,,,,169fd162,16.1,,4,,,,,,,,,,,12,,,,169fd162,Hwang Hee-chan__Wolves,0.12422360248447203,0.12422360248447203,0.24844720496894407,0.7453416149068323,0.9937888198757763,FW,MF
Jordan Henderson,eng ENG,MF,Brentford,35,1990,32,22,1919,21.3,1,3,4,1,0,0,6,0,0.05,0.14,0.19,0.05,0.19,935e6b8f,21.3,1,6,1,16.7,0.28169014084507044,0.05,0.17,1.0,0,0,935e6b8f,21.3,,,,,,,,,,,,,,,3,,,,,,935e6b8f,21.3,,,,,,,,,,,,,,,,,,,,,935e6b8f,21.3,,14,,,,,,,,,,,16,,,,935e6b8f,Jordan Henderson__Brentford,0.046948356807511735,0.14084507042253522,0.6572769953051643,0.7511737089201878,1.408450704225352,MF,
Rico Henry,jm JAM,DF,Brentford,28,1997,25,14,1328,14.8,0,1,1,0,0,0,2,0,0.0,0.07,0.07,0.0,0.07,8a3c1dc7,14.8,0,5,0,0.0,0.33783783783783783,0.0,0.0,0.0,0,0,8a3c1dc7,14.8,,,,,,,,,,,,,,,1,,,,,,8a3c1dc7,14.8,,,,,,,,,,,,,,,,,,,,,8a3c1dc7,14.8,,11,,,,,,,,,,,7,,,,8a3c1dc7,Rico Henry__Brentford,0.0,0.06756756756756756,0.7432432432432432,0.47297297297297297,1.2162162162162162,DF,
Aaron Hickey,sct SCO,DFMF,Brentford,23,2002,21,8,691,7.7,0,0,0,0,0,0,1,0,0.0,0.0,0.0,0.0,0.0,1780bb4a,7.7,0,6,1,16.7,0.7792207792207793,0.13,0.0,0.0,0,0,1780bb4a,7.7,,,,,,,,,,,,,,,0,,,,,,1780bb4a,7.7,,,,,,,,,,,,,,,,,,,,,1780bb4a,7.7,,7,,,,,,,,,,,8,,,,1780bb4a,Aaron Hickey__Brentford,0.0,0.0,0.9090909090909091,1.0389610389610389,1.948051948051948,DF,MF
James Hill,eng ENG,DF,Bournemouth,23,2002,29,22,2106,23.4,0,3,3,0,0,0,5,0,0.0,0.13,0.13,0.0,0.13,69942fb3,23.4,0,12,2,16.7,0.5128205128205129,0.09,0.0,0.0,0,0,69942fb3,23.4,,,,,,,,,,,,,,,3,,,,,,69942fb3,23.4,,,,,,,,,,,,,,,,,,,,,69942fb3,23.4,,20,,,,,,,,,,,37,,,,69942fb3,James Hill__Bournemouth,0.0,0.12820512820512822,0.8547008547008548,1.5811965811965814,2.435897435897436,DF,
Piero Hincapié,ec ECU,DF,Arsenal,23,2002,25,20,1792,19.9,1,2,3,1,0,0,2,0,0.05,0.1,0.15,0.05,0.15,0c7a48f8,19.9,1,3,2,66.7,0.15075376884422112,0.1,0.33,0.5,0,0,0c7a48f8,19.9,,,,,,,,,,,,,,,2,,,,,,0c7a48f8,19.9,,,,,,,,,,,,,,,,,,,,,0c7a48f8,19.9,,26,,,,,,,,,,,26,,,,0c7a48f8,Piero Hincapié__Arsenal,0.05025125628140704,0.10050251256281408,1.306532663316583,1.306532663316583,2.613065326633166,DF,
Jack Hinshelwood,eng ENG,MF,Brighton,20,2005,27,20,1741,19.3,4,3,7,4,0,0,0,0,0.21,0.16,0.36,0.21,0.36,e98211e7,19.3,4,37,15,40.5,1.9170984455958548,0.78,0.11,0.27,0,0,e98211e7,19.3,,,,,,,,,,,,,,,3,,,,,,e98211e7,19.3,,,,,,,,,,,,,,,,,,,,,e98211e7,19.3,,13,,,,,,,,,,,6,,,,e98211e7,Jack Hinshelwood__Brighton,0.20725388601036268,0.15544041450777202,0.6735751295336787,0.31088082901554404,0.9844559585492227,MF,
Callum Hudson-Odoi,eng ENG,MF,Nottingham,24,2000,30,21,1841,20.5,3,4,7,3,0,0,0,0,0.15,0.2,0.34,0.15,0.34,15f3ec41,20.5,3,30,10,33.3,1.4634146341463414,0.49,0.1,0.3,0,0,15f3ec41,20.5,,,,,,,,,,,,,,,4,,,,,,15f3ec41,20.5,,,,,,,,,,,,,,,,,,,,,15f3ec41,20.5,,7,,,,,,,,,,,8,,,,15f3ec41,Callum Hudson-Odoi__Nottingham,0.14634146341463414,0.1951219512195122,0.34146341463414637,0.3902439024390244,0.7317073170731707,MF,
Will Hughes,eng ENG,MF,Crystal Palace,30,1995,31,19,1571,17.5,0,0,0,0,0,0,7,0,0.0,0.0,0.0,0.0,0.0,a0666d3e,17.5,0,17,0,0.0,0.9714285714285714,0.0,0.0,0.0,0,0,a0666d3e,17.5,,,,,,,,,,,,,,,0,,,,,,a0666d3e,17.5,,,,,,,,,,,,,,,,,,,,,a0666d3e,17.5,,16,,,,,,,,,,,15,,,,a0666d3e,Will Hughes__Crystal Palace,0.0,0.0,0.9142857142857143,0.8571428571428571,1.7714285714285714,MF,
Trai Hume,nir NIR,DFMF,Sunderland,23,2002,38,34,3036,33.7,2,1,3,2,0,0,9,0,0.06,0.03,0.09,0.06,0.09,4fa3a3a4,33.7,2,34,7,20.6,1.0089020771513353,0.21,0.06,0.29,0,0,4fa3a3a4,33.7,,,,,,,,,,,,,,,1,,,,,,4fa3a3a4,33.7,,,,,,,,,,,,,,,,,,,,,4fa3a3a4,33.7,,46,,,,,,,,,,,25,,,,4fa3a3a4,Trai Hume__Sunderland,0.05934718100890207,0.029673590504451036,1.3649851632047476,0.7418397626112759,2.1068249258160234,DF,MF
Bashir Humphreys,eng ENG,DFMF,Burnley,22,2003,20,17,1578,17.5,0,0,0,0,0,0,6,0,0.0,0.0,0.0,0.0,0.0,d2b32e91,17.5,0,9,3,33.3,0.5142857142857142,0.17,0.0,0.0,0,0,d2b32e91,17.5,,,,,,,,,,,,,,,0,,,,,,d2b32e91,17.5,,,,,,,,,,,,,,,,,,,,,d2b32e91,17.5,,17,,,,,,,,,,,11,,,,d2b32e91,Bashir Humphreys__Burnley,0.0,0.0,0.9714285714285714,0.6285714285714286,1.6,DF,MF
Omari Hutchinson,eng ENG,MF,Nottingham,21,2003,31,17,1688,18.8,1,5,6,1,0,0,1,0,0.05,0.27,0.32,0.05,0.32,bd9553e6,18.8,1,25,11,44.0,1.3297872340425532,0.59,0.04,0.09,0,0,bd9553e6,18.8,,,,,,,,,,,,,,,5,,,,,,bd9553e6,18.8,,,,,,,,,,,,,,,,,,,,,bd9553e6,18.8,,11,,,,,,,,,,,11,,,,bd9553e6,Omari Hutchinson__Nottingham,0.05319148936170213,0.26595744680851063,0.5851063829787234,0.5851063829787234,1.1702127659574468,MF,
Tim Iroegbunam,eng ENG,MF,Everton,22,2003,29,17,1487,16.5,0,2,2,0,0,0,9,0,0.0,0.12,0.12,0.0,0.12,84c5ceea,16.5,0,12,1,8.3,0.7272727272727273,0.06,0.0,0.0,0,0,84c5ceea,16.5,,,,,,,,,,,,,,,2,,,,,,84c5ceea,16.5,,,,,,,,,,,,,,,,,,,,,84c5ceea,16.5,,44,,,,,,,,,,,22,,,,84c5ceea,Tim Iroegbunam__Everton,0.0,0.12121212121212122,2.6666666666666665,1.3333333333333333,4.0,MF,
Alexander Isak,se SWE,FW,Liverpool,25,1999,14,8,699,7.8,3,1,4,3,0,0,0,0,0.39,0.13,0.52,0.39,0.52,8e92be30,7.8,3,17,6,35.3,2.1794871794871797,0.77,0.18,0.5,0,0,8e92be30,7.8,,,,,,,,,,,,,,,1,,,,,,8e92be30,7.8,,,,,,,,,,,,,,,,,,,,,8e92be30,7.8,,6,,,,,,,,,,,0,,,,8e92be30,Alexander Isak__Liverpool,0.38461538461538464,0.12820512820512822,0.7692307692307693,0.0,0.7692307692307693,FW,
Wilson Isidor,ht HAI,FW,Sunderland,24,2000,32,11,1165,12.9,6,0,6,6,0,0,1,0,0.46,0.0,0.46,0.46,0.46,a671316d,12.9,6,43,17,39.5,3.333333333333333,1.31,0.14,0.35,0,0,a671316d,12.9,,,,,,,,,,,,,,,0,,,,,,a671316d,12.9,,,,,,,,,,,,,,,,,,,,,a671316d,12.9,,8,,,,,,,,,,,2,,,,a671316d,Wilson Isidor__Sunderland,0.46511627906976744,0.0,0.6201550387596899,0.15503875968992248,0.7751937984496123,FW,
Alex Iwobi,ng NGA,MF,Fulham,29,1996,29,29,2419,26.9,4,3,7,4,0,0,3,0,0.15,0.11,0.26,0.15,0.26,6ca5ec4b,26.9,4,39,15,38.5,1.449814126394052,0.56,0.1,0.27,0,0,6ca5ec4b,26.9,,,,,,,,,,,,,,,3,,,,,,6ca5ec4b,26.9,,,,,,,,,,,,,,,,,,,,,6ca5ec4b,26.9,,18,,,,,,,,,,,15,,,,6ca5ec4b,Alex Iwobi__Fulham,0.14869888475836432,0.11152416356877325,0.6691449814126395,0.5576208178438662,1.2267657992565058,MF,
Reece James,eng ENG,DFMF,Chelsea,25,1999,29,20,1963,21.8,2,4,6,2,0,0,4,0,0.09,0.18,0.28,0.09,0.28,1265a93a,21.8,2,22,7,31.8,1.0091743119266054,0.32,0.09,0.29,0,0,1265a93a,21.8,,,,,,,,,,,,,,,4,,,,,,1265a93a,21.8,,,,,,,,,,,,,,,,,,,,,1265a93a,21.8,,33,,,,,,,,,,,32,,,,1265a93a,Reece James__Chelsea,0.09174311926605504,0.18348623853211007,1.5137614678899083,1.4678899082568806,2.981651376146789,DF,MF
Vitaly Janelt,de GER,MF,Brentford,27,1998,25,15,1443,16.0,1,4,5,1,0,0,8,0,0.06,0.25,0.31,0.06,0.31,8449d35e,16.0,1,12,3,25.0,0.75,0.19,0.08,0.33,0,0,8449d35e,16.0,,,,,,,,,,,,,,,4,,,,,,8449d35e,16.0,,,,,,,,,,,,,,,,,,,,,8449d35e,16.0,,17,,,,,,,,,,,27,,,,8449d35e,Vitaly Janelt__Brentford,0.0625,0.25,1.0625,1.6875,2.75,MF,
Mathias Jensen,dk DEN,MF,Brentford,29,1996,36,26,2247,25.0,3,1,4,3,0,0,3,0,0.12,0.04,0.16,0.12,0.16,0f134faf,25.0,3,29,8,27.6,1.16,0.32,0.1,0.38,0,0,0f134faf,25.0,,,,,,,,,,,,,,,1,,,,,,0f134faf,25.0,,,,,,,,,,,,,,,,,,,,,0f134faf,25.0,,23,,,,,,,,,,,21,,,,0f134faf,Mathias Jensen__Brentford,0.12,0.04,0.92,0.84,1.76,MF,
Igor Jesus,br BRA,FW,Nottingham,24,2001,37,28,2298,25.5,6,4,10,5,1,1,2,0,0.23,0.16,0.39,0.2,0.35,dbe24cce,25.5,6,70,21,30.0,2.7450980392156863,0.82,0.09,0.29,1,1,dbe24cce,25.5,,,,,,,,,,,,,,,4,,,,,,dbe24cce,25.5,,,,,,,,,,,,,,,,,,,,,dbe24cce,25.5,,16,,,,,,,,,,,2,,,,dbe24cce,Igor Jesus__Nottingham,0.23529411764705882,0.1568627450980392,0.6274509803921569,0.0784313725490196,0.7058823529411765,FW,
Álex Jiménez,es ESP,DFMF,Bournemouth,20,2005,31,26,2317,25.7,1,0,1,1,0,0,10,0,0.04,0.0,0.04,0.04,0.04,faa13947,25.7,1,21,4,19.0,0.8171206225680934,0.16,0.05,0.25,0,0,faa13947,25.7,,,,,,,,,,,,,,,0,,,,,,faa13947,25.7,,,,,,,,,,,,,,,,,,,,,faa13947,25.7,,45,,,,,,,,,,,27,,,,faa13947,Álex Jiménez__Bournemouth,0.038910505836575876,0.0,1.7509727626459144,1.0505836575875487,2.8015564202334633,DF,MF
Raúl Jiménez,mx MEX,FW,Fulham,34,1991,36,27,2189,24.3,9,3,12,5,4,4,5,0,0.37,0.12,0.49,0.21,0.33,b561db50,24.3,9,73,18,24.7,3.0041152263374484,0.74,0.12,0.5,4,4,b561db50,24.3,,,,,,,,,,,,,,,3,,,,,,b561db50,24.3,,,,,,,,,,,,,,,,,,,,,b561db50,24.3,,20,,,,,,,,,,,7,,,,b561db50,Raúl Jiménez__Fulham,0.37037037037037035,0.12345679012345678,0.823045267489712,0.28806584362139914,1.1111111111111112,FW,
João Pedro,br BRA,FWMF,Chelsea,23,2001,35,31,2661,29.6,15,5,20,15,0,0,5,0,0.51,0.17,0.68,0.51,0.68,e8832875,29.6,15,73,28,38.4,2.4662162162162162,0.95,0.21,0.54,0,0,e8832875,29.6,,,,,,,,,,,,,,,5,,,,,,e8832875,29.6,,,,,,,,,,,,,,,,,,,,,e8832875,29.6,,17,,,,,,,,,,,6,,,,e8832875,João Pedro__Chelsea,0.5067567567567567,0.16891891891891891,0.5743243243243243,0.2027027027027027,0.777027027027027,FW,MF
Joelinton,br BRA,MF,Newcastle,28,1996,27,23,1951,21.7,2,1,3,2,0,0,10,0,0.09,0.05,0.14,0.09,0.14,c17bfb65,21.7,2,32,11,34.4,1.4746543778801844,0.51,0.06,0.18,0,0,c17bfb65,21.7,,,,,,,,,,,,,,,1,,,,,,c17bfb65,21.7,,,,,,,,,,,,,,,,,,,,,c17bfb65,21.7,,23,,,,,,,,,,,28,,,,c17bfb65,Joelinton__Newcastle,0.09216589861751152,0.04608294930875576,1.0599078341013826,1.2903225806451613,2.350230414746544,MF,
Brennan Johnson,wls WAL,MFFW,Tottenham,24,2001,16,6,610,6.8,2,0,2,2,0,0,2,0,0.3,0.0,0.3,0.3,0.3,0cd31129,6.8,2,6,2,33.3,0.8823529411764706,0.3,0.33,1.0,0,0,0cd31129,6.8,,,,,,,,,,,,,,,0,,,,,,0cd31129,6.8,,,,,,,,,,,,,,,,,,,,,0cd31129,6.8,,9,,,,,,,,,,,2,,,,0cd31129,Brennan Johnson__Tottenham,0.29411764705882354,0.0,1.3235294117647058,0.29411764705882354,1.6176470588235294,MF,FW
Brennan Johnson,wls WAL,MFFW,Crystal Palace,24,2001,18,13,1112,12.4,0,1,1,0,0,0,4,0,0.0,0.08,0.08,0.0,0.08,0cd31129,12.4,0,17,3,17.6,1.3709677419354838,0.24,0.0,0.0,0,0,0cd31129,12.4,,,,,,,,,,,,,,,1,,,,,,0cd31129,12.4,,,,,,,,,,,,,,,,,,,,,0cd31129,12.4,,7,,,,,,,,,,,2,,,,0cd31129,Brennan Johnson__Crystal Palace,0.0,0.08064516129032258,0.564516129032258,0.16129032258064516,0.7258064516129032,MF,FW
Curtis Jones,eng ENG,MFDF,Liverpool,24,2001,34,18,1937,21.5,1,2,3,1,0,0,2,0,0.05,0.09,0.14,0.05,0.14,4fb9c88f,21.5,1,22,7,31.8,1.0232558139534884,0.33,0.05,0.14,0,0,4fb9c88f,21.5,,,,,,,,,,,,,,,2,,,,,,4fb9c88f,21.5,,,,,,,,,,,,,,,,,,,,,4fb9c88f,21.5,,23,,,,,,,,,,,18,,,,4fb9c88f,Curtis Jones__Liverpool,0.046511627906976744,0.09302325581395349,1.069767441860465,0.8372093023255814,1.9069767441860466,MF,DF
Eli Junior Kroupi,fr FRA,MFFW,Bournemouth,19,2006,33,21,1672,18.6,13,0,13,11,2,2,5,0,0.7,0.0,0.7,0.59,0.59,b2fe86e5,18.6,13,52,22,42.3,2.7956989247311825,1.18,0.25,0.59,2,2,b2fe86e5,18.6,,,,,,,,,,,,,,,0,,,,,,b2fe86e5,18.6,,,,,,,,,,,,,,,,,,,,,b2fe86e5,18.6,,6,,,,,,,,,,,9,,,,b2fe86e5,Eli Junior Kroupi__Bournemouth,0.6989247311827956,0.0,0.3225806451612903,0.48387096774193544,0.8064516129032258,MF,FW
James Justin,eng ENG,DFMF,Leeds United,27,1998,29,21,1901,21.1,2,1,3,2,0,0,4,0,0.09,0.05,0.14,0.09,0.14,fb614c44,21.1,2,24,6,25.0,1.1374407582938388,0.28,0.08,0.33,0,0,fb614c44,21.1,,,,,,,,,,,,,,,1,,,,,,fb614c44,21.1,,,,,,,,,,,,,,,,,,,,,fb614c44,21.1,,38,,,,,,,,,,,26,,,,fb614c44,James Justin__Leeds United,0.0947867298578199,0.04739336492890995,1.8009478672985781,1.2322274881516586,3.0331753554502368,DF,MF
Ferdi Kadioglu,tr TUR,DFMF,Brighton,25,1999,37,34,3133,34.8,1,0,1,1,0,0,6,0,0.03,0.0,0.03,0.03,0.03,66c52a77,34.8,1,28,13,46.4,0.8045977011494253,0.37,0.04,0.08,0,0,66c52a77,34.8,,,,,,,,,,,,,,,0,,,,,,66c52a77,34.8,,,,,,,,,,,,,,,,,,,,,66c52a77,34.8,,39,,,,,,,,,,,25,,,,66c52a77,Ferdi Kadioglu__Brighton,0.02873563218390805,0.0,1.120689655172414,0.7183908045977012,1.8390804597701151,DF,MF
Daichi Kamada,jp JPN,MF,Crystal Palace,28,1996,28,22,1902,21.1,0,0,0,0,0,0,3,0,0.0,0.0,0.0,0.0,0.0,15b287da,21.1,0,19,4,21.1,0.9004739336492891,0.19,0.0,0.0,0,0,15b287da,21.1,,,,,,,,,,,,,,,0,,,,,,15b287da,21.1,,,,,,,,,,,,,,,,,,,,,15b287da,21.1,,35,,,,,,,,,,,14,,,,15b287da,Daichi Kamada__Crystal Palace,0.0,0.0,1.6587677725118481,0.6635071090047393,2.3222748815165875,MF,
Boubacar Kamara,fr FRA,MF,Aston Villa,25,1999,18,17,1411,15.7,1,3,4,1,0,0,5,0,0.06,0.19,0.26,0.06,0.26,cc77354e,15.7,1,7,4,57.1,0.445859872611465,0.26,0.14,0.25,0,0,cc77354e,15.7,,,,,,,,,,,,,,,3,,,,,,cc77354e,15.7,,,,,,,,,,,,,,,,,,,,,cc77354e,15.7,,16,,,,,,,,,,,15,,,,cc77354e,Boubacar Kamara__Aston Villa,0.06369426751592357,0.1910828025477707,1.019108280254777,0.9554140127388535,1.9745222929936306,MF,
Michael Kayode,it ITA,DF,Brentford,21,2004,37,37,3258,36.2,1,1,2,1,0,0,8,0,0.03,0.03,0.06,0.03,0.06,e19660a8,36.2,1,9,3,33.3,0.24861878453038672,0.08,0.11,0.33,0,0,e19660a8,36.2,,,,,,,,,,,,,,,1,,,,,,e19660a8,36.2,,,,,,,,,,,,,,,,,,,,,e19660a8,36.2,,47,,,,,,,,,,,39,,,,e19660a8,Michael Kayode__Brentford,0.027624309392265192,0.027624309392265192,1.298342541436464,1.0773480662983426,2.3756906077348066,DF,
Michael Keane,eng ENG,DF,Everton,32,1993,33,29,2591,28.8,3,1,4,3,0,0,1,1,0.1,0.03,0.14,0.1,0.14,c5b7c315,28.8,3,27,7,25.9,0.9375,0.24,0.11,0.43,0,0,c5b7c315,28.8,,,,,,,,,,,,,,,1,,,,,,c5b7c315,28.8,,,,,,,,,,,,,,,,,,,,,c5b7c315,28.8,,24,,,,,,,,,,,37,,,,c5b7c315,Michael Keane__Everton,0.10416666666666666,0.034722222222222224,0.8333333333333333,1.284722222222222,2.1180555555555554,DF,
Milos Kerkez,hu HUN,DF,Liverpool,21,2003,34,27,2257,25.1,2,1,3,2,0,0,4,0,0.08,0.04,0.12,0.08,0.12,0ad53bdc,25.1,2,9,2,22.2,0.3585657370517928,0.08,0.22,1.0,0,0,0ad53bdc,25.1,,,,,,,,,,,,,,,1,,,,,,0ad53bdc,25.1,,,,,,,,,,,,,,,,,,,,,0ad53bdc,25.1,,26,,,,,,,,,,,15,,,,0ad53bdc,Milos Kerkez__Liverpool,0.0796812749003984,0.0398406374501992,1.0358565737051793,0.597609561752988,1.6334661354581672,DF,
Kevin,br BRA,MF,Fulham,22,2003,26,9,1041,11.6,1,1,2,1,0,0,1,0,0.09,0.09,0.17,0.09,0.17,93508980,11.6,1,25,10,40.0,2.1551724137931036,0.86,0.04,0.1,0,0,93508980,11.6,,,,,,,,,,,,,,,1,,,,,,93508980,11.6,,,,,,,,,,,,,,,,,,,,,93508980,11.6,,10,,,,,,,,,,,9,,,,93508980,Kevin__Fulham,0.08620689655172414,0.08620689655172414,0.8620689655172414,0.7758620689655172,1.6379310344827587,MF,
Abdukodir Khusanov,uz UZB,DF,Manchester City,21,2004,21,15,1432,15.9,0,0,0,0,0,0,2,0,0.0,0.0,0.0,0.0,0.0,d17ce930,15.9,0,7,1,14.3,0.44025157232704404,0.06,0.0,0.0,0,0,d17ce930,15.9,,,,,,,,,,,,,,,0,,,,,,d17ce930,15.9,,,,,,,,,,,,,,,,,,,,,d17ce930,15.9,,20,,,,,,,,,,,29,,,,d17ce930,Abdukodir Khusanov__Manchester City,0.0,0.0,1.2578616352201257,1.8238993710691824,3.081761006289308,DF,
Max Kilman,eng ENG,DF,West Ham,28,1997,21,17,1561,17.3,0,0,0,0,0,0,4,0,0.0,0.0,0.0,0.0,0.0,d0f72bf1,17.3,0,7,1,14.3,0.40462427745664736,0.06,0.0,0.0,0,0,d0f72bf1,17.3,,,,,,,,,,,,,,,0,,,,,,d0f72bf1,17.3,,,,,,,,,,,,,,,,,,,,,d0f72bf1,17.3,,8,,,,,,,,,,,6,,,,d0f72bf1,Max Kilman__West Ham,0.0,0.0,0.4624277456647399,0.3468208092485549,0.8092485549132947,DF,
Joshua King,eng ENG,MF,Fulham,18,2007,32,15,1308,14.5,1,2,3,1,0,0,4,0,0.07,0.14,0.21,0.07,0.21,86109b3b,14.5,1,26,11,42.3,1.793103448275862,0.76,0.04,0.09,0,0,86109b3b,14.5,,,,,,,,,,,,,,,2,,,,,,86109b3b,14.5,,,,,,,,,,,,,,,,,,,,,86109b3b,14.5,,12,,,,,,,,,,,3,,,,86109b3b,Joshua King__Fulham,0.06896551724137931,0.13793103448275862,0.8275862068965517,0.20689655172413793,1.0344827586206897,MF,
Justin Kluivert,nl NED,MF,Bournemouth,26,1999,20,10,952,10.6,2,0,2,2,0,0,5,0,0.19,0.0,0.19,0.19,0.19,4c3a6744,10.6,2,17,4,23.5,1.6037735849056605,0.38,0.12,0.5,0,0,4c3a6744,10.6,,,,,,,,,,,,,,,0,,,,,,4c3a6744,10.6,,,,,,,,,,,,,,,,,,,,,4c3a6744,10.6,,7,,,,,,,,,,,4,,,,4c3a6744,Justin Kluivert__Bournemouth,0.18867924528301888,0.0,0.6603773584905661,0.37735849056603776,1.0377358490566038,MF,
Randal Kolo Muani,fr FRA,FWMF,Tottenham,26,1998,30,21,1664,18.5,1,1,2,1,0,0,3,0,0.05,0.05,0.11,0.05,0.11,c0b3669f,18.5,1,20,4,20.0,1.0810810810810811,0.22,0.05,0.25,0,0,c0b3669f,18.5,,,,,,,,,,,,,,,1,,,,,,c0b3669f,18.5,,,,,,,,,,,,,,,,,,,,,c0b3669f,18.5,,16,,,,,,,,,,,2,,,,c0b3669f,Randal Kolo Muani__Tottenham,0.05405405405405406,0.05405405405405406,0.8648648648648649,0.10810810810810811,0.972972972972973,FW,MF
Ibrahima Konaté,fr FRA,DF,Liverpool,26,1999,36,36,3090,34.3,1,0,1,1,0,0,7,0,0.03,0.0,0.03,0.03,0.03,5ed9b537,34.3,1,12,4,33.3,0.34985422740524785,0.12,0.08,0.25,0,0,5ed9b537,34.3,,,,,,,,,,,,,,,0,,,,,,5ed9b537,34.3,,,,,,,,,,,,,,,,,,,,,5ed9b537,34.3,,31,,,,,,,,,,,28,,,,5ed9b537,Ibrahima Konaté__Liverpool,0.02915451895043732,0.0,0.9037900874635569,0.8163265306122449,1.7201166180758019,DF,
Ezri Konsa,eng ENG,DF,Aston Villa,27,1997,34,34,3035,33.7,0,0,0,0,0,0,0,1,0.0,0.0,0.0,0.0,0.0,0313a347,33.7,0,11,2,18.2,0.32640949554896137,0.06,0.0,0.0,0,0,0313a347,33.7,,,,,,,,,,,,,,,0,,,,,,0313a347,33.7,,,,,,,,,,,,,,,,,,,,,0313a347,33.7,,8,,,,,,,,,,,22,,,,0313a347,Ezri Konsa__Aston Villa,0.0,0.0,0.2373887240356083,0.6528189910979227,0.890207715133531,DF,
Ladislav Krejčí,cz CZE,DFMF,Wolves,26,1999,28,27,2356,26.2,2,1,3,2,0,0,5,1,0.08,0.04,0.11,0.08,0.11,5b5c2228,26.2,2,21,10,47.6,0.8015267175572519,0.38,0.1,0.2,0,0,5b5c2228,26.2,,,,,,,,,,,,,,,1,,,,,,5b5c2228,26.2,,,,,,,,,,,,,,,,,,,,,5b5c2228,26.2,,21,,,,,,,,,,,32,,,,5b5c2228,Ladislav Krejčí__Wolves,0.07633587786259542,0.03816793893129771,0.8015267175572519,1.2213740458015268,2.0229007633587788,DF,MF
Mohammed Kudus,gh GHA,MFFW,Tottenham,24,2000,19,19,1535,17.1,2,5,7,2,0,0,3,0,0.12,0.29,0.41,0.12,0.41,b62878a5,17.1,2,26,9,34.6,1.5204678362573099,0.53,0.08,0.22,0,0,b62878a5,17.1,,,,,,,,,,,,,,,5,,,,,,b62878a5,17.1,,,,,,,,,,,,,,,,,,,,,b62878a5,17.1,,17,,,,,,,,,,,3,,,,b62878a5,Mohammed Kudus__Tottenham,0.11695906432748537,0.29239766081871343,0.9941520467836257,0.17543859649122806,1.1695906432748537,MF,FW
Maxence Lacroix,fr FRA,DF,Crystal Palace,25,2000,35,35,3085,34.3,1,2,3,1,0,0,4,1,0.03,0.06,0.09,0.03,0.09,277c49ed,34.3,1,25,7,28.0,0.728862973760933,0.2,0.04,0.14,0,0,277c49ed,34.3,,,,,,,,,,,,,,,2,,,,,,277c49ed,34.3,,,,,,,,,,,,,,,,,,,,,277c49ed,34.3,,38,,,,,,,,,,,45,,,,277c49ed,Maxence Lacroix__Crystal Palace,0.02915451895043732,0.05830903790087464,1.1078717201166182,1.3119533527696794,2.419825072886298,DF,
Josh Laurent,eng ENG,DFMF,Burnley,30,1995,33,18,1764,19.6,1,0,1,1,0,0,7,1,0.05,0.0,0.05,0.05,0.05,f0068e0f,19.6,1,15,4,26.7,0.7653061224489796,0.2,0.07,0.25,0,0,f0068e0f,19.6,,,,,,,,,,,,,,,0,,,,,,f0068e0f,19.6,,,,,,,,,,,,,,,,,,,,,f0068e0f,19.6,,25,,,,,,,,,,,28,,,,f0068e0f,Josh Laurent__Burnley,0.0510204081632653,0.0,1.2755102040816326,1.4285714285714284,2.704081632653061,DF,MF
Enzo Le Fée,fr FRA,MFFW,Sunderland,25,2000,36,33,2930,32.6,5,6,11,2,3,4,5,0,0.15,0.18,0.34,0.06,0.25,6f806d99,32.6,5,36,12,33.3,1.1042944785276072,0.37,0.14,0.42,3,4,6f806d99,32.6,,,,,,,,,,,,,,,6,,,,,,6f806d99,32.6,,,,,,,,,,,,,,,,,,,,,6f806d99,32.6,,56,,,,,,,,,,,28,,,,6f806d99,Enzo Le Fée__Sunderland,0.15337423312883436,0.18404907975460122,1.7177914110429446,0.8588957055214723,2.576687116564417,MF,FW
Jefferson Lerma,co COL,MFDF,Crystal Palace,30,1994,31,18,1733,19.3,0,2,2,0,0,0,7,0,0.0,0.1,0.1,0.0,0.1,9b5ce51a,19.3,0,19,7,36.8,0.9844559585492227,0.36,0.0,0.0,0,0,9b5ce51a,19.3,,,,,,,,,,,,,,,2,,,,,,9b5ce51a,19.3,,,,,,,,,,,,,,,,,,,,,9b5ce51a,19.3,,18,,,,,,,,,,,25,,,,9b5ce51a,Jefferson Lerma__Crystal Palace,0.0,0.10362694300518134,0.9326424870466321,1.2953367875647668,2.227979274611399,MF,DF
Keane Lewis-Potter,eng ENG,DFMF,Brentford,24,2001,36,22,1972,21.9,3,3,6,3,0,0,1,0,0.14,0.14,0.27,0.14,0.27,41f08ac8,21.9,3,31,9,29.0,1.4155251141552512,0.41,0.1,0.33,0,0,41f08ac8,21.9,,,,,,,,,,,,,,,3,,,,,,41f08ac8,21.9,,,,,,,,,,,,,,,,,,,,,41f08ac8,21.9,,14,,,,,,,,,,,10,,,,41f08ac8,Keane Lewis-Potter__Brentford,0.13698630136986303,0.13698630136986303,0.6392694063926941,0.4566210045662101,1.0958904109589043,DF,MF
Myles Lewis-Skelly,eng ENG,MFDF,Arsenal,18,2006,20,5,709,7.9,0,0,0,0,0,0,3,0,0.0,0.0,0.0,0.0,0.0,5dff6c28,7.9,0,2,0,0.0,0.2531645569620253,0.0,0.0,0.0,0,0,5dff6c28,7.9,,,,,,,,,,,,,,,0,,,,,,5dff6c28,7.9,,,,,,,,,,,,,,,,,,,,,5dff6c28,7.9,,5,,,,,,,,,,,5,,,,5dff6c28,Myles Lewis-Skelly__Arsenal,0.0,0.0,0.6329113924050632,0.6329113924050632,1.2658227848101264,MF,DF
Matthijs de Ligt,nl NED,DF,Manchester Utd,25,1999,13,13,1170,13.0,1,0,1,1,0,0,0,0,0.08,0.0,0.08,0.08,0.08,d6e53a3a,13.0,1,11,3,27.3,0.8461538461538461,0.23,0.09,0.33,0,0,d6e53a3a,13.0,,,,,,,,,,,,,,,0,,,,,,d6e53a3a,13.0,,,,,,,,,,,,,,,,,,,,,d6e53a3a,13.0,,13,,,,,,,,,,,11,,,,d6e53a3a,Matthijs de Ligt__Manchester Utd,0.07692307692307693,0.0,1.0,0.8461538461538461,1.8461538461538463,DF,
Victor Lindelöf,se SWE,DFMF,Aston Villa,31,1994,17,11,948,10.5,0,1,1,0,0,0,0,0,0.0,0.09,0.09,0.0,0.09,f5deef4c,10.5,0,3,0,0.0,0.2857142857142857,0.0,0.0,0.0,0,0,f5deef4c,10.5,,,,,,,,,,,,,,,1,,,,,,f5deef4c,10.5,,,,,,,,,,,,,,,,,,,,,f5deef4c,10.5,,3,,,,,,,,,,,8,,,,f5deef4c,Victor Lindelöf__Aston Villa,0.0,0.09523809523809523,0.2857142857142857,0.7619047619047619,1.0476190476190477,DF,MF
Tino Livramento,eng ENG,DF,Newcastle,22,2002,17,14,1328,14.8,0,1,1,0,0,0,1,0,0.0,0.07,0.07,0.0,0.07,afed6722,14.8,0,3,0,0.0,0.2027027027027027,0.0,0.0,0.0,0,0,afed6722,14.8,,,,,,,,,,,,,,,1,,,,,,afed6722,14.8,,,,,,,,,,,,,,,,,,,,,afed6722,14.8,,14,,,,,,,,,,,2,,,,afed6722,Tino Livramento__Newcastle,0.0,0.06756756756756756,0.9459459459459459,0.13513513513513511,1.081081081081081,DF,
Sean Longstaff,eng ENG,MF,Leeds United,27,1997,23,10,1011,11.2,2,2,4,2,0,0,2,0,0.18,0.18,0.36,0.18,0.36,a2b105e0,11.2,2,16,4,25.0,1.4285714285714286,0.36,0.13,0.5,0,0,a2b105e0,11.2,,,,,,,,,,,,,,,2,,,,,,a2b105e0,11.2,,,,,,,,,,,,,,,,,,,,,a2b105e0,11.2,,24,,,,,,,,,,,12,,,,a2b105e0,Sean Longstaff__Leeds United,0.17857142857142858,0.17857142857142858,2.142857142857143,1.0714285714285714,3.2142857142857144,MF,
Lucas,br BRA,MFDF,Burnley,24,2001,20,15,1409,15.7,0,0,0,0,0,0,1,1,0.0,0.0,0.0,0.0,0.0,5d68f5b2,15.7,0,16,4,25.0,1.019108280254777,0.26,0.0,0.0,0,0,5d68f5b2,15.7,,,,,,,,,,,,,,,0,,,,,,5d68f5b2,15.7,,,,,,,,,,,,,,,,,,,,,5d68f5b2,15.7,,22,,,,,,,,,,,19,,,,5d68f5b2,Lucas__Burnley,0.0,0.0,1.4012738853503186,1.2101910828025477,2.6114649681528666,MF,DF
Florentino Luís,pt POR,MF,Burnley,25,1999,31,25,2105,23.4,0,2,2,0,0,0,6,0,0.0,0.09,0.09,0.0,0.09,881cd6be,23.4,0,13,2,15.4,0.5555555555555556,0.09,0.0,0.0,0,0,881cd6be,23.4,,,,,,,,,,,,,,,2,,,,,,881cd6be,23.4,,,,,,,,,,,,,,,,,,,,,881cd6be,23.4,,49,,,,,,,,,,,40,,,,881cd6be,Florentino Luís__Burnley,0.0,0.08547008547008547,2.094017094017094,1.7094017094017095,3.8034188034188037,MF,
Douglas Luiz,br BRA,MF,Aston Villa,27,1998,13,7,604,6.7,1,0,1,1,0,0,1,0,0.15,0.0,0.15,0.15,0.15,6f7d826d,6.7,1,6,4,66.7,0.8955223880597015,0.6,0.17,0.25,0,0,6f7d826d,6.7,,,,,,,,,,,,,,,0,,,,,,6f7d826d,6.7,,,,,,,,,,,,,,,,,,,,,6f7d826d,6.7,,11,,,,,,,,,,,7,,,,6f7d826d,Douglas Luiz__Aston Villa,0.14925373134328357,0.0,1.6417910447761193,1.044776119402985,2.6865671641791042,MF,
Saša Lukić,rs SRB,MF,Fulham,28,1996,26,20,1734,19.3,1,2,3,1,0,0,9,0,0.05,0.1,0.16,0.05,0.16,c6e8cf1f,19.3,1,18,6,33.3,0.9326424870466321,0.31,0.06,0.17,0,0,c6e8cf1f,19.3,,,,,,,,,,,,,,,2,,,,,,c6e8cf1f,19.3,,,,,,,,,,,,,,,,,,,,,c6e8cf1f,19.3,,28,,,,,,,,,,,16,,,,c6e8cf1f,Saša Lukić__Fulham,0.05181347150259067,0.10362694300518134,1.450777202072539,0.8290155440414507,2.2797927461139897,MF,
Ian Maatsen,nl NED,DF,Aston Villa,23,2002,30,17,1605,17.8,0,1,1,0,0,0,2,0,0.0,0.06,0.06,0.0,0.06,cab9634e,17.8,0,20,5,25.0,1.1235955056179774,0.28,0.0,0.0,0,0,cab9634e,17.8,,,,,,,,,,,,,,,1,,,,,,cab9634e,17.8,,,,,,,,,,,,,,,,,,,,,cab9634e,17.8,,31,,,,,,,,,,,18,,,,cab9634e,Ian Maatsen__Aston Villa,0.0,0.056179775280898875,1.7415730337078652,1.0112359550561798,2.752808988764045,DF,
Alexis Mac Allister,ar ARG,MF,Liverpool,26,1998,37,31,2658,29.5,2,4,6,2,0,0,7,0,0.07,0.14,0.2,0.07,0.2,83d074ff,29.5,2,52,12,23.1,1.7627118644067796,0.41,0.04,0.17,0,0,83d074ff,29.5,,,,,,,,,,,,,,,4,,,,,,83d074ff,29.5,,,,,,,,,,,,,,,,,,,,,83d074ff,29.5,,27,,,,,,,,,,,18,,,,83d074ff,Alexis Mac Allister__Liverpool,0.06779661016949153,0.13559322033898305,0.9152542372881356,0.6101694915254238,1.5254237288135593,MF,
Noni Madueke,eng ENG,FWMF,Arsenal,23,2002,26,16,1211,13.5,3,1,4,3,0,0,0,0,0.22,0.07,0.3,0.22,0.3,bf34eebd,13.5,3,25,9,36.0,1.8518518518518519,0.67,0.12,0.33,0,0,bf34eebd,13.5,,,,,,,,,,,,,,,1,,,,,,bf34eebd,13.5,,,,,,,,,,,,,,,,,,,,,bf34eebd,13.5,,10,,,,,,,,,,,5,,,,bf34eebd,Noni Madueke__Arsenal,0.2222222222222222,0.07407407407407407,0.7407407407407407,0.37037037037037035,1.1111111111111112,FW,MF
Gabriel Magalhães,br BRA,DF,Arsenal,27,1997,32,30,2751,30.6,3,4,7,3,0,0,4,0,0.1,0.13,0.23,0.1,0.23,67ac5bb8,30.6,3,27,7,25.9,0.8823529411764706,0.23,0.11,0.43,0,0,67ac5bb8,30.6,,,,,,,,,,,,,,,4,,,,,,67ac5bb8,30.6,,,,,,,,,,,,,,,,,,,,,67ac5bb8,30.6,,20,,,,,,,,,,,22,,,,67ac5bb8,Gabriel Magalhães__Arsenal,0.09803921568627451,0.13071895424836602,0.6535947712418301,0.7189542483660131,1.3725490196078431,DF,
Soungoutou Magassa,fr FRA,MF,West Ham,21,2003,22,11,981,10.9,1,0,1,1,0,0,4,0,0.09,0.0,0.09,0.09,0.09,dfc5d4fa,10.9,1,7,2,28.6,0.6422018348623852,0.18,0.14,0.5,0,0,dfc5d4fa,10.9,,,,,,,,,,,,,,,0,,,,,,dfc5d4fa,10.9,,,,,,,,,,,,,,,,,,,,,dfc5d4fa,10.9,,23,,,,,,,,,,,17,,,,dfc5d4fa,Soungoutou Magassa__West Ham,0.09174311926605504,0.0,2.110091743119266,1.5596330275229358,3.6697247706422016,MF,
Harry Maguire,eng ENG,DF,Manchester Utd,32,1993,23,19,1653,18.4,1,2,3,1,0,0,3,1,0.05,0.11,0.16,0.05,0.16,d8931174,18.4,1,14,4,28.6,0.7608695652173914,0.22,0.07,0.25,0,0,d8931174,18.4,,,,,,,,,,,,,,,2,,,,,,d8931174,18.4,,,,,,,,,,,,,,,,,,,,,d8931174,18.4,,17,,,,,,,,,,,12,,,,d8931174,Harry Maguire__Manchester Utd,0.05434782608695653,0.10869565217391305,0.923913043478261,0.6521739130434783,1.5760869565217392,DF,
Kobbie Mainoo,eng ENG,MF,Manchester Utd,20,2005,28,16,1662,18.5,1,2,3,1,0,0,2,0,0.05,0.11,0.16,0.05,0.16,c6220452,18.5,1,13,3,23.1,0.7027027027027027,0.16,0.08,0.33,0,0,c6220452,18.5,,,,,,,,,,,,,,,2,,,,,,c6220452,18.5,,,,,,,,,,,,,,,,,,,,,c6220452,18.5,,20,,,,,,,,,,,19,,,,c6220452,Kobbie Mainoo__Manchester Utd,0.05405405405405406,0.10810810810810811,1.0810810810810811,1.027027027027027,2.108108108108108,MF,
Donyell Malen,nl NED,FWMF,Aston Villa,26,1999,21,5,656,7.3,4,1,5,4,0,0,0,0,0.55,0.14,0.69,0.55,0.69,116c35df,7.3,4,27,9,33.3,3.6986301369863015,1.23,0.15,0.44,0,0,116c35df,7.3,,,,,,,,,,,,,,,1,,,,,,116c35df,7.3,,,,,,,,,,,,,,,,,,,,,116c35df,7.3,,2,,,,,,,,,,,0,,,,116c35df,Donyell Malen__Aston Villa,0.547945205479452,0.136986301369863,0.273972602739726,0.0,0.273972602739726,FW,MF
Reinildo Mandava,mz MOZ,DF,Sunderland,31,1994,25,23,1966,21.8,0,1,1,0,0,0,7,1,0.0,0.05,0.05,0.0,0.05,c20bdcd7,21.8,0,4,0,0.0,0.18348623853211007,0.0,0.0,0.0,0,0,c20bdcd7,21.8,,,,,,,,,,,,,,,1,,,,,,c20bdcd7,21.8,,,,,,,,,,,,,,,,,,,,,c20bdcd7,21.8,,23,,,,,,,,,,,29,,,,c20bdcd7,Reinildo Mandava__Sunderland,0.0,0.04587155963302752,1.055045871559633,1.3302752293577982,2.385321100917431,DF,
Mateus Mane,pt POR,MF,Wolves,17,2007,27,19,1795,19.9,3,1,4,3,0,0,0,0,0.15,0.05,0.2,0.15,0.2,c15cb409,19.9,3,41,17,41.5,2.0603015075376887,0.85,0.07,0.18,0,0,c15cb409,19.9,,,,,,,,,,,,,,,1,,,,,,c15cb409,19.9,,,,,,,,,,,,,,,,,,,,,c15cb409,19.9,,13,,,,,,,,,,,5,,,,c15cb409,Mateus Mane__Wolves,0.15075376884422112,0.05025125628140704,0.6532663316582915,0.2512562814070352,0.9045226130653267,MF,
Omar Marmoush,eg EGY,FWMF,Manchester City,26,1999,21,8,700,7.8,3,3,6,3,0,0,3,0,0.39,0.39,0.77,0.39,0.77,0e0102eb,7.8,3,30,9,30.0,3.8461538461538463,1.16,0.1,0.33,0,0,0e0102eb,7.8,,,,,,,,,,,,,,,3,,,,,,0e0102eb,7.8,,,,,,,,,,,,,,,,,,,,,0e0102eb,7.8,,8,,,,,,,,,,,2,,,,0e0102eb,Omar Marmoush__Manchester City,0.38461538461538464,0.38461538461538464,1.0256410256410258,0.25641025641025644,1.2820512820512822,FW,MF
Gabriel Martinelli,br BRA,FWMF,Arsenal,24,2001,30,11,1081,12.0,1,4,5,1,0,0,3,0,0.08,0.33,0.42,0.08,0.42,48a5a5d6,12.0,1,29,13,44.8,2.4166666666666665,1.08,0.03,0.08,0,0,48a5a5d6,12.0,,,,,,,,,,,,,,,4,,,,,,48a5a5d6,12.0,,,,,,,,,,,,,,,,,,,,,48a5a5d6,12.0,,8,,,,,,,,,,,1,,,,48a5a5d6,Gabriel Martinelli__Arsenal,0.08333333333333333,0.3333333333333333,0.6666666666666666,0.08333333333333333,0.75,FW,MF
Lisandro Martínez,ar ARG,DF,Manchester Utd,27,1998,18,13,1233,13.7,0,0,0,0,0,0,0,1,0.0,0.0,0.0,0.0,0.0,bac46a10,13.7,0,5,0,0.0,0.36496350364963503,0.0,0.0,0.0,0,0,bac46a10,13.7,,,,,,,,,,,,,,,0,,,,,,bac46a10,13.7,,,,,,,,,,,,,,,,,,,,,bac46a10,13.7,,11,,,,,,,,,,,12,,,,bac46a10,Lisandro Martínez__Manchester Utd,0.0,0.0,0.8029197080291971,0.8759124087591241,1.6788321167883213,DF,
Pape Matar Sarr,sn SEN,MF,Tottenham,22,2002,26,13,1398,15.5,2,4,6,2,0,0,3,0,0.13,0.26,0.39,0.13,0.39,feb5d972,15.5,2,17,6,35.3,1.096774193548387,0.39,0.12,0.33,0,0,feb5d972,15.5,,,,,,,,,,,,,,,4,,,,,,feb5d972,15.5,,,,,,,,,,,,,,,,,,,,,feb5d972,15.5,,21,,,,,,,,,,,14,,,,feb5d972,Pape Matar Sarr__Tottenham,0.12903225806451613,0.25806451612903225,1.3548387096774193,0.9032258064516129,2.2580645161290325,MF,
Jean-Philippe Mateta,fr FRA,FW,Crystal Palace,28,1997,32,25,2218,24.6,12,0,12,8,4,4,2,0,0.49,0.0,0.49,0.32,0.32,50e6dc35,24.6,12,63,32,50.8,2.5609756097560976,1.3,0.19,0.38,4,4,50e6dc35,24.6,,,,,,,,,,,,,,,0,,,,,,50e6dc35,24.6,,,,,,,,,,,,,,,,,,,,,50e6dc35,24.6,,4,,,,,,,,,,,6,,,,50e6dc35,Jean-Philippe Mateta__Crystal Palace,0.4878048780487805,0.0,0.16260162601626016,0.24390243902439024,0.4065040650406504,FW,
Konstantinos Mavropanos,gr GRE,DF,West Ham,27,1997,31,27,2534,28.2,3,0,3,3,0,0,2,0,0.11,0.0,0.11,0.11,0.11,00963611,28.2,3,23,8,34.8,0.8156028368794327,0.28,0.13,0.38,0,0,00963611,28.2,,,,,,,,,,,,,,,0,,,,,,00963611,28.2,,,,,,,,,,,,,,,,,,,,,00963611,28.2,,24,,,,,,,,,,,47,,,,00963611,Konstantinos Mavropanos__West Ham,0.10638297872340426,0.0,0.851063829787234,1.6666666666666667,2.517730496453901,DF,
Eliezer Mayenda,es ESP,FWMF,Sunderland,20,2005,20,8,759,8.4,2,0,2,2,0,0,0,0,0.24,0.0,0.24,0.24,0.24,6a021e43,8.4,2,13,6,46.2,1.5476190476190474,0.71,0.15,0.33,0,0,6a021e43,8.4,,,,,,,,,,,,,,,0,,,,,,6a021e43,8.4,,,,,,,,,,,,,,,,,,,,,6a021e43,8.4,,3,,,,,,,,,,,1,,,,6a021e43,Eliezer Mayenda__Sunderland,0.23809523809523808,0.0,0.35714285714285715,0.11904761904761904,0.47619047619047616,FW,MF
Noussair Mazraoui,ma MAR,DFMF,Manchester Utd,27,1997,20,11,985,10.9,0,0,0,0,0,0,3,0,0.0,0.0,0.0,0.0,0.0,b74277a0,10.9,0,5,0,0.0,0.4587155963302752,0.0,0.0,0.0,0,0,b74277a0,10.9,,,,,,,,,,,,,,,0,,,,,,b74277a0,10.9,,,,,,,,,,,,,,,,,,,,,b74277a0,10.9,,15,,,,,,,,,,,11,,,,b74277a0,Noussair Mazraoui__Manchester Utd,0.0,0.0,1.3761467889908257,1.0091743119266054,2.385321100917431,DF,MF
Bryan Mbeumo,cm CMR,MFFW,Manchester Utd,25,1999,33,31,2609,29.0,11,3,14,11,0,0,4,0,0.38,0.1,0.48,0.38,0.48,6afaebf2,29.0,11,73,32,43.8,2.5172413793103448,1.1,0.15,0.34,0,0,6afaebf2,29.0,,,,,,,,,,,,,,,3,,,,,,6afaebf2,29.0,,,,,,,,,,,,,,,,,,,,,6afaebf2,29.0,,11,,,,,,,,,,,7,,,,6afaebf2,Bryan Mbeumo__Manchester Utd,0.3793103448275862,0.10344827586206896,0.3793103448275862,0.2413793103448276,0.6206896551724138,MF,FW
John McGinn,sct SCO,MF,Aston Villa,30,1994,30,28,2137,23.7,5,4,9,5,0,0,5,0,0.21,0.17,0.38,0.21,0.38,90f91999,23.7,5,28,12,42.9,1.1814345991561181,0.51,0.18,0.42,0,0,90f91999,23.7,,,,,,,,,,,,,,,4,,,,,,90f91999,23.7,,,,,,,,,,,,,,,,,,,,,90f91999,23.7,,17,,,,,,,,,,,12,,,,90f91999,John McGinn__Aston Villa,0.2109704641350211,0.16877637130801687,0.7172995780590717,0.5063291139240507,1.2236286919831223,MF,
Dwight McNeil,eng ENG,MF,Everton,25,1999,22,14,1168,13.0,0,1,1,0,0,0,1,0,0.0,0.08,0.08,0.0,0.08,fc15fb84,13.0,0,24,5,20.8,1.8461538461538463,0.39,0.0,0.0,0,0,fc15fb84,13.0,,,,,,,,,,,,,,,1,,,,,,fc15fb84,13.0,,,,,,,,,,,,,,,,,,,,,fc15fb84,13.0,,16,,,,,,,,,,,10,,,,fc15fb84,Dwight McNeil__Everton,0.0,0.07692307692307693,1.2307692307692308,0.7692307692307693,2.0,MF,
Hannibal Mejbri,tn TUN,MF,Burnley,22,2003,27,15,1229,13.7,1,4,5,1,0,0,10,0,0.07,0.29,0.37,0.07,0.37,ca22ccb0,13.7,1,19,5,26.3,1.3868613138686132,0.37,0.05,0.2,0,0,ca22ccb0,13.7,,,,,,,,,,,,,,,4,,,,,,ca22ccb0,13.7,,,,,,,,,,,,,,,,,,,,,ca22ccb0,13.7,,17,,,,,,,,,,,7,,,,ca22ccb0,Hannibal Mejbri__Burnley,0.07299270072992702,0.29197080291970806,1.2408759124087592,0.5109489051094891,1.7518248175182483,MF,
Mikel Merino,es ESP,MFFW,Arsenal,29,1996,22,10,1036,11.5,4,3,7,4,0,0,1,0,0.35,0.26,0.61,0.35,0.61,d080ed5e,11.5,4,22,8,36.4,1.9130434782608696,0.69,0.18,0.5,0,0,d080ed5e,11.5,,,,,,,,,,,,,,,3,,,,,,d080ed5e,11.5,,,,,,,,,,,,,,,,,,,,,d080ed5e,11.5,,13,,,,,,,,,,,9,,,,d080ed5e,Mikel Merino__Arsenal,0.34782608695652173,0.2608695652173913,1.1304347826086956,0.782608695652174,1.9130434782608696,MF,FW
Nikola Milenković,rs SRB,DF,Nottingham,27,1997,38,37,3375,37.5,0,0,0,0,0,0,6,0,0.0,0.0,0.0,0.0,0.0,bee704fc,37.5,0,16,1,6.3,0.4266666666666667,0.03,0.0,0.0,0,0,bee704fc,37.5,,,,,,,,,,,,,,,0,,,,,,bee704fc,37.5,,,,,,,,,,,,,,,,,,,,,bee704fc,37.5,,19,,,,,,,,,,,29,,,,bee704fc,Nikola Milenković__Nottingham,0.0,0.0,0.5066666666666667,0.7733333333333333,1.28,DF,
Lewis Miley,eng ENG,MFDF,Newcastle,19,2006,23,15,1496,16.6,1,4,5,1,0,0,0,0,0.06,0.24,0.3,0.06,0.3,2c6835e5,16.6,1,12,4,33.3,0.7228915662650601,0.24,0.08,0.25,0,0,2c6835e5,16.6,,,,,,,,,,,,,,,4,,,,,,2c6835e5,16.6,,,,,,,,,,,,,,,,,,,,,2c6835e5,16.6,,18,,,,,,,,,,,20,,,,2c6835e5,Lewis Miley__Newcastle,0.06024096385542168,0.24096385542168672,1.0843373493975903,1.2048192771084336,2.2891566265060237,MF,DF
James Milner,eng ENG,MF,Brighton,39,1986,20,7,784,8.7,1,1,2,0,1,1,2,0,0.11,0.11,0.23,0.0,0.11,2f90f6b8,8.7,1,8,2,25.0,0.9195402298850576,0.23,0.13,0.5,1,1,2f90f6b8,8.7,,,,,,,,,,,,,,,1,,,,,,2f90f6b8,8.7,,,,,,,,,,,,,,,,,,,,,2f90f6b8,8.7,,9,,,,,,,,,,,5,,,,2f90f6b8,James Milner__Brighton,0.1149425287356322,0.1149425287356322,1.0344827586206897,0.574712643678161,1.6091954022988506,MF,
Tyrone Mings,eng ENG,DF,Aston Villa,32,1993,17,15,1324,14.7,0,0,0,0,0,0,1,0,0.0,0.0,0.0,0.0,0.0,8397a50c,14.7,0,9,1,11.1,0.6122448979591837,0.07,0.0,0.0,0,0,8397a50c,14.7,,,,,,,,,,,,,,,0,,,,,,8397a50c,14.7,,,,,,,,,,,,,,,,,,,,,8397a50c,14.7,,2,,,,,,,,,,,11,,,,8397a50c,Tyrone Mings__Aston Villa,0.0,0.0,0.1360544217687075,0.7482993197278912,0.8843537414965987,DF,
Yankuba Minteh,gm GAM,MF,Brighton,21,2004,34,26,2391,26.6,3,4,7,3,0,0,3,0,0.11,0.15,0.26,0.11,0.26,c3cf087d,26.6,3,41,11,26.8,1.5413533834586466,0.41,0.07,0.27,0,0,c3cf087d,26.6,,,,,,,,,,,,,,,4,,,,,,c3cf087d,26.6,,,,,,,,,,,,,,,,,,,,,c3cf087d,26.6,,37,,,,,,,,,,,15,,,,c3cf087d,Yankuba Minteh__Brighton,0.11278195488721804,0.15037593984962405,1.3909774436090225,0.5639097744360902,1.9548872180451127,MF,
Tyrick Mitchell,eng ENG,MF,Crystal Palace,25,1999,38,36,3251,36.1,1,2,3,1,0,0,6,0,0.03,0.06,0.08,0.03,0.08,5cbd1eb0,36.1,1,19,7,36.8,0.5263157894736842,0.19,0.05,0.14,0,0,5cbd1eb0,36.1,,,,,,,,,,,,,,,2,,,,,,5cbd1eb0,36.1,,,,,,,,,,,,,,,,,,,,,5cbd1eb0,36.1,,65,,,,,,,,,,,33,,,,5cbd1eb0,Tyrick Mitchell__Crystal Palace,0.027700831024930747,0.055401662049861494,1.8005540166204985,0.9141274238227146,2.714681440443213,MF,
Kaoru Mitoma,jp JPN,MFFW,Brighton,28,1997,25,19,1721,19.1,3,1,4,3,0,0,5,0,0.16,0.05,0.21,0.16,0.21,74618572,19.1,3,32,13,40.6,1.6753926701570678,0.68,0.09,0.23,0,0,74618572,19.1,,,,,,,,,,,,,,,1,,,,,,74618572,19.1,,,,,,,,,,,,,,,,,,,,,74618572,19.1,,12,,,,,,,,,,,8,,,,74618572,Kaoru Mitoma__Brighton,0.15706806282722513,0.05235602094240837,0.6282722513089005,0.41884816753926696,1.0471204188481675,MF,FW
Morato,br BRA,DF,Nottingham,24,2001,21,14,1345,14.9,1,0,1,1,0,0,5,0,0.07,0.0,0.07,0.07,0.07,0f41e2ee,14.9,1,5,2,40.0,0.33557046979865773,0.13,0.2,0.5,0,0,0f41e2ee,14.9,,,,,,,,,,,,,,,0,,,,,,0f41e2ee,14.9,,,,,,,,,,,,,,,,,,,,,0f41e2ee,14.9,,18,,,,,,,,,,,11,,,,0f41e2ee,Morato__Nottingham,0.06711409395973154,0.0,1.2080536912751678,0.7382550335570469,1.9463087248322146,DF,
Cristhian Mosquera,es ESP,DF,Arsenal,21,2004,20,9,994,11.0,0,0,0,0,0,0,4,0,0.0,0.0,0.0,0.0,0.0,dc1ce4f5,11.0,0,1,0,0.0,0.09090909090909091,0.0,0.0,0.0,0,0,dc1ce4f5,11.0,,,,,,,,,,,,,,,0,,,,,,dc1ce4f5,11.0,,,,,,,,,,,,,,,,,,,,,dc1ce4f5,11.0,,21,,,,,,,,,,,8,,,,dc1ce4f5,Cristhian Mosquera__Arsenal,0.0,0.0,1.9090909090909092,0.7272727272727273,2.6363636363636362,DF,
Yerson Mosquera,co COL,DF,Wolves,24,2001,27,24,2136,23.7,0,0,0,0,0,0,12,0,0.0,0.0,0.0,0.0,0.0,1e159d70,23.7,0,30,6,20.0,1.2658227848101267,0.25,0.0,0.0,0,0,1e159d70,23.7,,,,,,,,,,,,,,,0,,,,,,1e159d70,23.7,,,,,,,,,,,,,,,,,,,,,1e159d70,23.7,,36,,,,,,,,,,,25,,,,1e159d70,Yerson Mosquera__Wolves,0.0,0.0,1.518987341772152,1.0548523206751055,2.5738396624472575,DF,
Mason Mount,eng ENG,MF,Manchester Utd,26,1999,23,12,1017,11.3,3,0,3,3,0,0,2,0,0.27,0.0,0.27,0.27,0.27,9674002f,11.3,3,19,5,26.3,1.6814159292035398,0.44,0.16,0.6,0,0,9674002f,11.3,,,,,,,,,,,,,,,0,,,,,,9674002f,11.3,,,,,,,,,,,,,,,,,,,,,9674002f,11.3,,13,,,,,,,,,,,9,,,,9674002f,Mason Mount__Manchester Utd,0.2654867256637168,0.0,1.1504424778761062,0.7964601769911503,1.9469026548672566,MF,
Nordi Mukiele,fr FRA,DF,Sunderland,27,1997,32,32,2784,30.9,3,3,6,3,0,0,5,0,0.1,0.1,0.19,0.1,0.19,ac73ec79,30.9,3,26,4,15.4,0.8414239482200647,0.13,0.12,0.75,0,0,ac73ec79,30.9,,,,,,,,,,,,,,,3,,,,,,ac73ec79,30.9,,,,,,,,,,,,,,,,,,,,,ac73ec79,30.9,,45,,,,,,,,,,,37,,,,ac73ec79,Nordi Mukiele__Sunderland,0.0970873786407767,0.0970873786407767,1.4563106796116505,1.197411003236246,2.6537216828478964,DF,
Marshall Munetsi,zw ZIM,MFFW,Wolves,29,1996,13,9,875,9.7,1,1,2,1,0,0,2,0,0.1,0.1,0.21,0.1,0.21,2acf0cd7,9.7,1,14,6,42.9,1.4432989690721651,0.62,0.07,0.17,0,0,2acf0cd7,9.7,,,,,,,,,,,,,,,1,,,,,,2acf0cd7,9.7,,,,,,,,,,,,,,,,,,,,,2acf0cd7,9.7,,13,,,,,,,,,,,5,,,,2acf0cd7,Marshall Munetsi__Wolves,0.10309278350515465,0.10309278350515465,1.3402061855670104,0.5154639175257733,1.8556701030927836,MF,FW
Rodrigo Muniz,br BRA,FW,Fulham,24,2001,21,10,1000,11.1,1,1,2,1,0,0,2,0,0.09,0.09,0.18,0.09,0.18,a755db8c,11.1,1,32,5,15.6,2.882882882882883,0.45,0.03,0.2,0,0,a755db8c,11.1,,,,,,,,,,,,,,,1,,,,,,a755db8c,11.1,,,,,,,,,,,,,,,,,,,,,a755db8c,11.1,,3,,,,,,,,,,,2,,,,a755db8c,Rodrigo Muniz__Fulham,0.0900900900900901,0.0900900900900901,0.2702702702702703,0.1801801801801802,0.45045045045045046,FW,
Daniel Muñoz,co COL,MF,Crystal Palace,29,1996,29,29,2399,26.7,4,3,7,4,0,0,7,0,0.15,0.11,0.26,0.15,0.26,778ef829,26.7,4,26,12,46.2,0.9737827715355806,0.45,0.15,0.33,0,0,778ef829,26.7,,,,,,,,,,,,,,,3,,,,,,778ef829,26.7,,,,,,,,,,,,,,,,,,,,,778ef829,26.7,,48,,,,,,,,,,,24,,,,778ef829,Daniel Muñoz__Crystal Palace,0.149812734082397,0.11235955056179775,1.797752808988764,0.898876404494382,2.696629213483146,MF,
Murillo,br BRA,DF,Nottingham,23,2002,25,25,2130,23.7,1,0,1,1,0,0,5,0,0.04,0.0,0.04,0.04,0.04,1704b0b8,23.7,1,11,4,36.4,0.4641350210970464,0.17,0.09,0.25,0,0,1704b0b8,23.7,,,,,,,,,,,,,,,0,,,,,,1704b0b8,23.7,,,,,,,,,,,,,,,,,,,,,1704b0b8,23.7,,23,,,,,,,,,,,29,,,,1704b0b8,Murillo__Nottingham,0.04219409282700422,0.0,0.9704641350210971,1.2236286919831223,2.1940928270042193,DF,
Jacob Murphy,eng ENG,FWMF,Newcastle,30,1995,33,19,1617,18.0,3,2,5,3,0,0,2,0,0.17,0.11,0.28,0.17,0.28,de112b84,18.0,3,42,13,31.0,2.3333333333333335,0.72,0.07,0.23,0,0,de112b84,18.0,,,,,,,,,,,,,,,2,,,,,,de112b84,18.0,,,,,,,,,,,,,,,,,,,,,de112b84,18.0,,12,,,,,,,,,,,6,,,,de112b84,Jacob Murphy__Newcastle,0.16666666666666666,0.1111111111111111,0.6666666666666666,0.3333333333333333,1.0,FW,MF
Vitaliy Mykolenko,ua UKR,DF,Everton,26,1999,33,33,2958,32.9,0,1,1,0,0,0,6,0,0.0,0.03,0.03,0.0,0.03,30d4a2e5,32.9,0,9,2,22.2,0.27355623100303955,0.06,0.0,0.0,0,0,30d4a2e5,32.9,,,,,,,,,,,,,,,1,,,,,,30d4a2e5,32.9,,,,,,,,,,,,,,,,,,,,,30d4a2e5,32.9,,25,,,,,,,,,,,27,,,,30d4a2e5,Vitaliy Mykolenko__Everton,0.0,0.030395136778115502,0.7598784194528876,0.8206686930091186,1.580547112462006,DF,
David Møller Wolfe,no NOR,MFDF,Wolves,23,2002,22,11,1049,11.7,0,2,2,0,0,0,1,0,0.0,0.17,0.17,0.0,0.17,9affc5f2,11.7,0,3,0,0.0,0.25641025641025644,0.0,0.0,0.0,0,0,9affc5f2,11.7,,,,,,,,,,,,,,,2,,,,,,9affc5f2,11.7,,,,,,,,,,,,,,,,,,,,,9affc5f2,11.7,,5,,,,,,,,,,,7,,,,9affc5f2,David Møller Wolfe__Wolves,0.0,0.17094017094017094,0.4273504273504274,0.5982905982905983,1.0256410256410258,MF,DF
Iliman Ndiaye,sn SEN,MF,Everton,25,2000,32,32,2778,30.9,6,3,9,4,2,2,2,0,0.19,0.1,0.29,0.13,0.23,5ed97752,30.9,6,43,22,51.2,1.3915857605177995,0.71,0.14,0.27,2,2,5ed97752,30.9,,,,,,,,,,,,,,,3,,,,,,5ed97752,30.9,,,,,,,,,,,,,,,,,,,,,5ed97752,30.9,,40,,,,,,,,,,,17,,,,5ed97752,Iliman Ndiaye__Everton,0.1941747572815534,0.0970873786407767,1.2944983818770228,0.5501618122977346,1.8446601941747574,MF,
Dan Ndoye,ch SUI,MF,Nottingham,24,2000,24,14,1173,13.0,1,1,2,1,0,0,1,0,0.08,0.08,0.15,0.08,0.15,8e697a8f,13.0,1,15,4,26.7,1.1538461538461537,0.31,0.07,0.25,0,0,8e697a8f,13.0,,,,,,,,,,,,,,,1,,,,,,8e697a8f,13.0,,,,,,,,,,,,,,,,,,,,,8e697a8f,13.0,,11,,,,,,,,,,,10,,,,8e697a8f,Dan Ndoye__Nottingham,0.07692307692307693,0.07692307692307693,0.8461538461538461,0.7692307692307693,1.6153846153846154,MF,
Pedro Neto,pt POR,MFFW,Chelsea,25,2000,34,30,2631,29.2,5,6,11,5,0,0,4,1,0.17,0.21,0.38,0.17,0.38,7ba2eaa9,29.2,5,46,13,28.3,1.5753424657534247,0.44,0.11,0.38,0,0,7ba2eaa9,29.2,,,,,,,,,,,,,,,6,,,,,,7ba2eaa9,29.2,,,,,,,,,,,,,,,,,,,,,7ba2eaa9,29.2,,11,,,,,,,,,,,6,,,,7ba2eaa9,Pedro Neto__Chelsea,0.17123287671232876,0.20547945205479454,0.3767123287671233,0.20547945205479454,0.5821917808219178,MF,FW
Lukas Nmecha,de GER,FW,Leeds United,26,1998,31,10,1083,12.0,6,1,7,4,2,3,0,0,0.5,0.08,0.58,0.33,0.42,0cc5f4a5,12.0,6,30,16,53.3,2.5,1.33,0.2,0.38,2,3,0cc5f4a5,12.0,,,,,,,,,,,,,,,1,,,,,,0cc5f4a5,12.0,,,,,,,,,,,,,,,,,,,,,0cc5f4a5,12.0,,7,,,,,,,,,,,3,,,,0cc5f4a5,Lukas Nmecha__Leeds United,0.5,0.08333333333333333,0.5833333333333334,0.25,0.8333333333333334,FW,
Matheus Nunes,pt POR,DF,Manchester City,26,1998,34,32,2862,31.8,1,5,6,1,0,0,5,0,0.03,0.16,0.19,0.03,0.19,e6af02e0,31.8,1,7,2,28.6,0.22012578616352202,0.06,0.14,0.5,0,0,e6af02e0,31.8,,,,,,,,,,,,,,,5,,,,,,e6af02e0,31.8,,,,,,,,,,,,,,,,,,,,,e6af02e0,31.8,,41,,,,,,,,,,,29,,,,e6af02e0,Matheus Nunes__Manchester City,0.031446540880503145,0.15723270440251572,1.2893081761006289,0.9119496855345912,2.20125786163522,DF,
Jake O'Brien,ie IRL,DF,Everton,24,2001,37,35,3120,34.7,1,1,2,1,0,0,6,1,0.03,0.03,0.06,0.03,0.06,25f2ef01,34.7,1,13,6,46.2,0.37463976945244953,0.17,0.08,0.17,0,0,25f2ef01,34.7,,,,,,,,,,,,,,,1,,,,,,25f2ef01,34.7,,,,,,,,,,,,,,,,,,,,,25f2ef01,34.7,,32,,,,,,,,,,,13,,,,25f2ef01,Jake O'Brien__Everton,0.02881844380403458,0.02881844380403458,0.9221902017291066,0.37463976945244953,1.296829971181556,DF,
Nico O'Reilly,eng ENG,DFMF,Manchester City,20,2005,34,29,2646,29.4,5,3,8,5,0,0,5,0,0.17,0.1,0.27,0.17,0.27,91ca4a16,29.4,5,41,15,36.6,1.3945578231292517,0.51,0.12,0.33,0,0,91ca4a16,29.4,,,,,,,,,,,,,,,3,,,,,,91ca4a16,29.4,,,,,,,,,,,,,,,,,,,,,91ca4a16,29.4,,36,,,,,,,,,,,20,,,,91ca4a16,Nico O'Reilly__Manchester City,0.17006802721088435,0.10204081632653061,1.2244897959183674,0.6802721088435374,1.9047619047619049,DF,MF
Wilson Odobert,fr FRA,MFFW,Tottenham,20,2004,24,10,985,10.9,0,2,2,0,0,0,0,0,0.0,0.18,0.18,0.0,0.18,35516eac,10.9,0,21,8,38.1,1.926605504587156,0.73,0.0,0.0,0,0,35516eac,10.9,,,,,,,,,,,,,,,2,,,,,,35516eac,10.9,,,,,,,,,,,,,,,,,,,,,35516eac,10.9,,8,,,,,,,,,,,0,,,,35516eac,Wilson Odobert__Tottenham,0.0,0.18348623853211007,0.7339449541284403,0.0,0.7339449541284403,MF,FW
Noah Okafor,ch SUI,FWMF,Leeds United,25,2000,28,19,1561,17.3,8,1,9,8,0,0,3,0,0.46,0.06,0.52,0.46,0.52,ca607d59,17.3,8,35,15,42.9,2.0231213872832368,0.86,0.23,0.53,0,0,ca607d59,17.3,,,,,,,,,,,,,,,1,,,,,,ca607d59,17.3,,,,,,,,,,,,,,,,,,,,,ca607d59,17.3,,15,,,,,,,,,,,12,,,,ca607d59,Noah Okafor__Leeds United,0.4624277456647399,0.057803468208092484,0.8670520231213873,0.6936416184971098,1.560693641618497,FW,MF
Amadou Onana,be BEL,MF,Aston Villa,23,2001,25,21,1758,19.5,2,0,2,2,0,0,3,0,0.1,0.0,0.1,0.1,0.1,828657ff,19.5,2,19,7,36.8,0.9743589743589743,0.36,0.11,0.29,0,0,828657ff,19.5,,,,,,,,,,,,,,,0,,,,,,828657ff,19.5,,,,,,,,,,,,,,,,,,,,,828657ff,19.5,,30,,,,,,,,,,,19,,,,828657ff,Amadou Onana__Aston Villa,0.10256410256410256,0.0,1.5384615384615385,0.9743589743589743,2.5128205128205128,MF,
William Osula,dk DEN,FW,Newcastle,21,2003,24,8,819,9.1,7,0,7,7,0,0,0,0,0.77,0.0,0.77,0.77,0.77,7b355808,9.1,7,23,12,52.2,2.5274725274725274,1.32,0.3,0.58,0,0,7b355808,9.1,,,,,,,,,,,,,,,0,,,,,,7b355808,9.1,,,,,,,,,,,,,,,,,,,,,7b355808,9.1,,5,,,,,,,,,,,1,,,,7b355808,William Osula__Newcastle,0.7692307692307693,0.0,0.5494505494505495,0.10989010989010989,0.6593406593406593,FW,
Dango Ouattara,bf BFA,MF,Brentford,23,2002,32,25,2276,25.3,7,3,10,7,0,0,5,0,0.28,0.12,0.4,0.28,0.4,2f9e4435,25.3,7,56,20,35.7,2.2134387351778657,0.79,0.13,0.35,0,0,2f9e4435,25.3,,,,,,,,,,,,,,,3,,,,,,2f9e4435,25.3,,,,,,,,,,,,,,,,,,,,,2f9e4435,25.3,,14,,,,,,,,,,,24,,,,2f9e4435,Dango Ouattara__Brentford,0.2766798418972332,0.11857707509881422,0.5533596837944664,0.9486166007905138,1.5019762845849802,MF,
Pablo,br BRA,MFFW,West Ham,21,2004,14,10,823,9.1,0,1,1,0,0,0,0,0,0.0,0.11,0.11,0.0,0.11,866ba412,9.1,0,12,3,25.0,1.3186813186813187,0.33,0.0,0.0,0,0,866ba412,9.1,,,,,,,,,,,,,,,1,,,,,,866ba412,9.1,,,,,,,,,,,,,,,,,,,,,866ba412,9.1,,14,,,,,,,,,,,5,,,,866ba412,Pablo__West Ham,0.0,0.10989010989010989,1.5384615384615385,0.5494505494505495,2.087912087912088,MF,FW
João Palhinha,pt POR,MF,Tottenham,30,1995,33,23,2198,24.4,5,2,7,5,0,0,8,0,0.2,0.08,0.29,0.2,0.29,a78ff07f,24.4,5,33,9,27.3,1.3524590163934427,0.37,0.15,0.56,0,0,a78ff07f,24.4,,,,,,,,,,,,,,,2,,,,,,a78ff07f,24.4,,,,,,,,,,,,,,,,,,,,,a78ff07f,24.4,,61,,,,,,,,,,,28,,,,a78ff07f,João Palhinha__Tottenham,0.20491803278688525,0.0819672131147541,2.5,1.1475409836065575,3.6475409836065578,MF,
Cole Palmer,eng ENG,MF,Chelsea,23,2002,26,24,1955,21.7,10,1,11,5,5,6,5,0,0.46,0.05,0.51,0.23,0.28,dc7f8a28,21.7,10,64,25,39.1,2.9493087557603688,1.15,0.16,0.4,5,6,dc7f8a28,21.7,,,,,,,,,,,,,,,1,,,,,,dc7f8a28,21.7,,,,,,,,,,,,,,,,,,,,,dc7f8a28,21.7,,12,,,,,,,,,,,13,,,,dc7f8a28,Cole Palmer__Chelsea,0.4608294930875576,0.04608294930875576,0.5529953917050692,0.599078341013825,1.1520737327188941,MF,
Lucas Paquetá,br BRA,MFFW,West Ham,27,1997,18,18,1511,16.8,4,1,5,2,2,2,7,1,0.24,0.06,0.3,0.12,0.18,9b6f7fd5,16.8,4,23,11,47.8,1.369047619047619,0.66,0.17,0.36,2,2,9b6f7fd5,16.8,,,,,,,,,,,,,,,1,,,,,,9b6f7fd5,16.8,,,,,,,,,,,,,,,,,,,,,9b6f7fd5,16.8,,22,,,,,,,,,,,7,,,,9b6f7fd5,Lucas Paquetá__West Ham,0.23809523809523808,0.05952380952380952,1.3095238095238095,0.41666666666666663,1.726190476190476,MF,FW
Yéremy Pino,es ESP,MFFW,Crystal Palace,22,2002,34,26,2080,23.1,2,2,4,2,0,0,4,0,0.09,0.09,0.17,0.09,0.17,540ec57b,23.1,2,45,11,24.4,1.948051948051948,0.48,0.04,0.18,0,0,540ec57b,23.1,,,,,,,,,,,,,,,2,,,,,,540ec57b,23.1,,,,,,,,,,,,,,,,,,,,,540ec57b,23.1,,20,,,,,,,,,,,8,,,,540ec57b,Yéremy Pino__Crystal Palace,0.08658008658008658,0.08658008658008658,0.8658008658008658,0.3463203463203463,1.2121212121212122,MF,FW
Pedro Porro,es ESP,DF,Tottenham,25,1999,34,32,2796,31.1,1,2,3,1,0,0,10,0,0.03,0.06,0.1,0.03,0.1,27d0a506,31.1,1,32,8,25.0,1.0289389067524115,0.26,0.03,0.13,0,0,27d0a506,31.1,,,,,,,,,,,,,,,2,,,,,,27d0a506,31.1,,,,,,,,,,,,,,,,,,,,,27d0a506,31.1,,50,,,,,,,,,,,31,,,,27d0a506,Pedro Porro__Tottenham,0.03215434083601286,0.06430868167202572,1.607717041800643,0.9967845659163986,2.6045016077170415,DF,
Freddie Potts,eng ENG,MF,West Ham,21,2003,22,12,1171,13.0,0,1,1,0,0,0,1,0,0.0,0.08,0.08,0.0,0.08,86bf27f0,13.0,0,3,1,33.3,0.23076923076923078,0.08,0.0,0.0,0,0,86bf27f0,13.0,,,,,,,,,,,,,,,1,,,,,,86bf27f0,13.0,,,,,,,,,,,,,,,,,,,,,86bf27f0,13.0,,18,,,,,,,,,,,16,,,,86bf27f0,Freddie Potts__West Ham,0.0,0.07692307692307693,1.3846153846153846,1.2307692307692308,2.6153846153846154,MF,
Jacob Ramsey,eng ENG,MF,Newcastle,24,2001,28,15,1450,16.1,2,3,5,2,0,0,5,1,0.12,0.19,0.31,0.12,0.31,1544f145,16.1,2,16,4,25.0,0.9937888198757763,0.25,0.13,0.5,0,0,1544f145,16.1,,,,,,,,,,,,,,,3,,,,,,1544f145,16.1,,,,,,,,,,,,,,,,,,,,,1544f145,16.1,,21,,,,,,,,,,,9,,,,1544f145,Jacob Ramsey__Newcastle,0.12422360248447203,0.18633540372670807,1.3043478260869563,0.5590062111801242,1.8633540372670805,MF,
Rayan,br BRA,MF,Bournemouth,18,2006,15,13,1111,12.3,5,2,7,5,0,0,1,0,0.41,0.16,0.57,0.41,0.57,288647fc,12.3,5,28,8,28.6,2.2764227642276422,0.65,0.18,0.63,0,0,288647fc,12.3,,,,,,,,,,,,,,,2,,,,,,288647fc,12.3,,,,,,,,,,,,,,,,,,,,,288647fc,12.3,,6,,,,,,,,,,,8,,,,288647fc,Rayan__Bournemouth,0.4065040650406504,0.16260162601626016,0.4878048780487805,0.6504065040650406,1.1382113821138211,MF,
Tijjani Reijnders,nl NED,MF,Manchester City,27,1998,28,19,1631,18.1,5,2,7,5,0,0,2,0,0.28,0.11,0.39,0.28,0.39,afb61630,18.1,5,49,16,32.7,2.707182320441989,0.88,0.1,0.31,0,0,afb61630,18.1,,,,,,,,,,,,,,,2,,,,,,afb61630,18.1,,,,,,,,,,,,,,,,,,,,,afb61630,18.1,,4,,,,,,,,,,,11,,,,afb61630,Tijjani Reijnders__Manchester City,0.2762430939226519,0.11049723756906077,0.22099447513812154,0.6077348066298343,0.8287292817679557,MF,
Declan Rice,eng ENG,MF,Arsenal,26,1999,36,35,3094,34.4,4,5,9,4,0,0,3,0,0.12,0.15,0.26,0.12,0.26,1c7012b8,34.4,4,40,13,32.5,1.1627906976744187,0.38,0.1,0.31,0,0,1c7012b8,34.4,,,,,,,,,,,,,,,5,,,,,,1c7012b8,34.4,,,,,,,,,,,,,,,,,,,,,1c7012b8,34.4,,33,,,,,,,,,,,33,,,,1c7012b8,Declan Rice__Arsenal,0.11627906976744186,0.14534883720930233,0.9593023255813954,0.9593023255813954,1.9186046511627908,MF,
Chris Richards,us USA,DF,Crystal Palace,25,2000,33,31,2827,31.4,1,0,1,1,0,0,4,0,0.03,0.0,0.03,0.03,0.03,0a3d6d2b,31.4,1,15,2,13.3,0.47770700636942676,0.06,0.07,0.5,0,0,0a3d6d2b,31.4,,,,,,,,,,,,,,,0,,,,,,0a3d6d2b,31.4,,,,,,,,,,,,,,,,,,,,,0a3d6d2b,31.4,,35,,,,,,,,,,,43,,,,0a3d6d2b,Chris Richards__Crystal Palace,0.03184713375796178,0.0,1.1146496815286624,1.3694267515923568,2.484076433121019,DF,
Richarlison,br BRA,FWMF,Tottenham,28,1997,32,20,1964,21.8,11,4,15,11,0,0,5,0,0.5,0.18,0.69,0.5,0.69,fa031b34,21.8,11,61,26,42.6,2.7981651376146788,1.19,0.18,0.42,0,0,fa031b34,21.8,,,,,,,,,,,,,,,4,,,,,,fa031b34,21.8,,,,,,,,,,,,,,,,,,,,,fa031b34,21.8,,16,,,,,,,,,,,7,,,,fa031b34,Richarlison__Tottenham,0.5045871559633027,0.18348623853211007,0.7339449541284403,0.3211009174311926,1.055045871559633,FW,MF
Chris Rigg,eng ENG,MF,Sunderland,18,2007,18,11,761,8.5,1,1,2,1,0,0,1,0,0.12,0.12,0.24,0.12,0.24,35741fe2,8.5,1,12,3,25.0,1.411764705882353,0.35,0.08,0.33,0,0,35741fe2,8.5,,,,,,,,,,,,,,,1,,,,,,35741fe2,8.5,,,,,,,,,,,,,,,,,,,,,35741fe2,8.5,,8,,,,,,,,,,,4,,,,35741fe2,Chris Rigg__Sunderland,0.11764705882352941,0.11764705882352941,0.9411764705882353,0.47058823529411764,1.411764705882353,MF,
Andy Robertson,sct SCO,DF,Liverpool,31,1994,24,11,1176,13.1,1,0,1,1,0,0,0,0,0.08,0.0,0.08,0.08,0.08,2e4f5f03,13.1,1,10,3,30.0,0.7633587786259542,0.23,0.1,0.33,0,0,2e4f5f03,13.1,,,,,,,,,,,,,,,0,,,,,,2e4f5f03,13.1,,,,,,,,,,,,,,,,,,,,,2e4f5f03,13.1,,10,,,,,,,,,,,7,,,,2e4f5f03,Andy Robertson__Liverpool,0.07633587786259542,0.0,0.7633587786259542,0.5343511450381679,1.297709923664122,DF,
Antonee Robinson,us USA,DFMF,Fulham,27,1997,22,17,1492,16.6,1,0,1,0,1,1,5,0,0.06,0.0,0.06,0.0,0.0,289601e6,16.6,1,6,1,16.7,0.36144578313253006,0.06,0.17,1.0,1,1,289601e6,16.6,,,,,,,,,,,,,,,0,,,,,,289601e6,16.6,,,,,,,,,,,,,,,,,,,,,289601e6,16.6,,31,,,,,,,,,,,28,,,,289601e6,Antonee Robinson__Fulham,0.06024096385542168,0.0,1.8674698795180722,1.686746987951807,3.5542168674698793,DF,MF
Joe Rodon,wls WAL,DF,Leeds United,27,1997,35,33,2951,32.8,2,0,2,2,0,0,3,0,0.06,0.0,0.06,0.06,0.06,8d62d31a,32.8,2,18,7,38.9,0.5487804878048781,0.21,0.11,0.29,0,0,8d62d31a,32.8,,,,,,,,,,,,,,,0,,,,,,8d62d31a,32.8,,,,,,,,,,,,,,,,,,,,,8d62d31a,32.8,,19,,,,,,,,,,,30,,,,8d62d31a,Joe Rodon__Leeds United,0.06097560975609757,0.0,0.5792682926829269,0.9146341463414634,1.4939024390243905,DF,
Rodri,es ESP,MF,Manchester City,29,1996,21,17,1511,16.8,1,0,1,1,0,0,3,0,0.06,0.0,0.06,0.06,0.06,6434f10d,16.8,1,16,3,18.8,0.9523809523809523,0.18,0.06,0.33,0,0,6434f10d,16.8,,,,,,,,,,,,,,,0,,,,,,6434f10d,16.8,,,,,,,,,,,,,,,,,,,,,6434f10d,16.8,,25,,,,,,,,,,,12,,,,6434f10d,Rodri__Manchester City,0.05952380952380952,0.0,1.4880952380952381,0.7142857142857143,2.202380952380952,MF,
Morgan Rogers,eng ENG,MF,Aston Villa,23,2002,37,37,3280,36.4,10,6,16,10,0,0,7,0,0.27,0.16,0.44,0.27,0.44,2e5915f1,36.4,10,84,32,38.1,2.307692307692308,0.88,0.12,0.31,0,0,2e5915f1,36.4,,,,,,,,,,,,,,,6,,,,,,2e5915f1,36.4,,,,,,,,,,,,,,,,,,,,,2e5915f1,36.4,,23,,,,,,,,,,,13,,,,2e5915f1,Morgan Rogers__Aston Villa,0.27472527472527475,0.16483516483516483,0.6318681318681318,0.35714285714285715,0.989010989010989,MF,
Merlin Röhl,de GER,MF,Everton,23,2002,16,6,682,7.6,1,0,1,1,0,0,0,0,0.13,0.0,0.13,0.13,0.13,1f2c7b55,7.6,1,11,1,9.1,1.4473684210526316,0.13,0.09,1.0,0,0,1f2c7b55,7.6,,,,,,,,,,,,,,,0,,,,,,1f2c7b55,7.6,,,,,,,,,,,,,,,,,,,,,1f2c7b55,7.6,,13,,,,,,,,,,,4,,,,1f2c7b55,Merlin Röhl__Everton,0.13157894736842105,0.0,1.7105263157894737,0.5263157894736842,2.236842105263158,MF,
Cristian Romero,ar ARG,DF,Tottenham,27,1998,23,22,1868,20.8,4,1,5,4,0,0,11,2,0.19,0.05,0.24,0.19,0.24,a3d94a58,20.8,4,17,6,35.3,0.8173076923076923,0.29,0.24,0.67,0,0,a3d94a58,20.8,,,,,,,,,,,,,,,1,,,,,,a3d94a58,20.8,,,,,,,,,,,,,,,,,,,,,a3d94a58,20.8,,30,,,,,,,,,,,31,,,,a3d94a58,Cristian Romero__Tottenham,0.1923076923076923,0.04807692307692307,1.4423076923076923,1.4903846153846154,2.9326923076923075,DF,
Georginio Rutter,fr FRA,MFFW,Brighton,23,2002,32,20,1786,19.8,3,3,6,3,0,0,2,0,0.15,0.15,0.3,0.15,0.3,c64c01fc,19.8,3,42,14,33.3,2.121212121212121,0.71,0.07,0.21,0,0,c64c01fc,19.8,,,,,,,,,,,,,,,3,,,,,,c64c01fc,19.8,,,,,,,,,,,,,,,,,,,,,c64c01fc,19.8,,19,,,,,,,,,,,11,,,,c64c01fc,Georginio Rutter__Brighton,0.15151515151515152,0.15151515151515152,0.9595959595959596,0.5555555555555556,1.5151515151515151,MF,FW
Noah Sadiki,cd COD,MF,Sunderland,20,2004,33,33,2889,32.1,0,1,1,0,0,0,9,0,0.0,0.03,0.03,0.0,0.03,645481cc,32.1,0,19,5,26.3,0.5919003115264797,0.16,0.0,0.0,0,0,645481cc,32.1,,,,,,,,,,,,,,,1,,,,,,645481cc,32.1,,,,,,,,,,,,,,,,,,,,,645481cc,32.1,,26,,,,,,,,,,,33,,,,645481cc,Noah Sadiki__Sunderland,0.0,0.03115264797507788,0.8099688473520249,1.02803738317757,1.838006230529595,MF,
Bukayo Saka,eng ENG,FWMF,Arsenal,23,2001,31,25,2222,24.7,7,5,12,6,1,1,2,0,0.28,0.2,0.49,0.24,0.45,bc7dc64d,24.7,7,71,27,38.0,2.8744939271255063,1.09,0.1,0.26,1,1,bc7dc64d,24.7,,,,,,,,,,,,,,,5,,,,,,bc7dc64d,24.7,,,,,,,,,,,,,,,,,,,,,bc7dc64d,24.7,,19,,,,,,,,,,,16,,,,bc7dc64d,Bukayo Saka__Arsenal,0.2834008097165992,0.20242914979757085,0.7692307692307693,0.6477732793522267,1.417004048582996,FW,MF
Mohamed Salah,eg EGY,MF,Liverpool,33,1992,27,23,2146,23.8,7,7,14,6,1,1,1,0,0.29,0.29,0.59,0.25,0.55,e342ad68,23.8,7,68,19,27.9,2.857142857142857,0.8,0.1,0.37,1,1,e342ad68,23.8,,,,,,,,,,,,,,,7,,,,,,e342ad68,23.8,,,,,,,,,,,,,,,,,,,,,e342ad68,23.8,,12,,,,,,,,,,,3,,,,e342ad68,Mohamed Salah__Liverpool,0.29411764705882354,0.29411764705882354,0.5042016806722689,0.12605042016806722,0.6302521008403361,MF,
William Saliba,fr FRA,DF,Arsenal,24,2001,31,30,2614,29.0,1,0,1,1,0,0,2,0,0.03,0.0,0.03,0.03,0.03,972aeb2a,29.0,1,5,1,20.0,0.1724137931034483,0.03,0.2,1.0,0,0,972aeb2a,29.0,,,,,,,,,,,,,,,0,,,,,,972aeb2a,29.0,,,,,,,,,,,,,,,,,,,,,972aeb2a,29.0,,23,,,,,,,,,,,15,,,,972aeb2a,William Saliba__Arsenal,0.034482758620689655,0.0,0.7931034482758621,0.5172413793103449,1.3103448275862069,DF,
Jadon Sancho,eng ENG,MF,Aston Villa,25,2000,23,9,876,9.7,0,2,2,0,0,0,0,0,0.0,0.21,0.21,0.0,0.21,dbf053da,9.7,0,10,3,30.0,1.0309278350515465,0.31,0.0,0.0,0,0,dbf053da,9.7,,,,,,,,,,,,,,,2,,,,,,dbf053da,9.7,,,,,,,,,,,,,,,,,,,,,dbf053da,9.7,,2,,,,,,,,,,,2,,,,dbf053da,Jadon Sancho__Aston Villa,0.0,0.2061855670103093,0.2061855670103093,0.2061855670103093,0.4123711340206186,MF,
Ibrahim Sangaré,ci CIV,MF,Nottingham,27,1997,28,25,2075,23.1,2,2,4,2,0,0,5,0,0.09,0.09,0.17,0.09,0.17,bced0375,23.1,2,16,5,31.3,0.6926406926406926,0.22,0.13,0.4,0,0,bced0375,23.1,,,,,,,,,,,,,,,2,,,,,,bced0375,23.1,,,,,,,,,,,,,,,,,,,,,bced0375,23.1,,32,,,,,,,,,,,22,,,,bced0375,Ibrahim Sangaré__Nottingham,0.08658008658008658,0.08658008658008658,1.3852813852813852,0.9523809523809523,2.3376623376623376,MF,
Andrey Santos,br BRA,MF,Chelsea,21,2004,27,13,1260,14.0,1,0,1,1,0,0,4,0,0.07,0.0,0.07,0.07,0.07,dd745366,14.0,1,11,2,18.2,0.7857142857142857,0.14,0.09,0.5,0,0,dd745366,14.0,,,,,,,,,,,,,,,0,,,,,,dd745366,14.0,,,,,,,,,,,,,,,,,,,,,dd745366,14.0,,21,,,,,,,,,,,18,,,,dd745366,Andrey Santos__Chelsea,0.07142857142857142,0.0,1.5,1.2857142857142858,2.7857142857142856,MF,
Ismaila Sarr,sn SEN,MF,Crystal Palace,27,1998,28,24,2174,24.2,9,1,10,6,3,3,2,0,0.37,0.04,0.41,0.25,0.29,bfdb33aa,24.2,9,48,21,43.8,1.9834710743801653,0.87,0.19,0.43,3,3,bfdb33aa,24.2,,,,,,,,,,,,,,,1,,,,,,bfdb33aa,24.2,,,,,,,,,,,,,,,,,,,,,bfdb33aa,24.2,,9,,,,,,,,,,,7,,,,bfdb33aa,Ismaila Sarr__Crystal Palace,0.37190082644628103,0.04132231404958678,0.37190082644628103,0.2892561983471075,0.6611570247933884,MF,
Sávio,br BRA,MF,Manchester City,21,2004,24,7,833,9.3,1,1,2,1,0,0,2,0,0.11,0.11,0.22,0.11,0.22,fe6e7156,9.3,1,20,11,55.0,2.150537634408602,1.19,0.05,0.09,0,0,fe6e7156,9.3,,,,,,,,,,,,,,,1,,,,,,fe6e7156,9.3,,,,,,,,,,,,,,,,,,,,,fe6e7156,9.3,,5,,,,,,,,,,,5,,,,fe6e7156,Sávio__Manchester City,0.1075268817204301,0.1075268817204301,0.5376344086021505,0.5376344086021505,1.075268817204301,MF,
Nicolò Savona,it ITA,DF,Nottingham,22,2003,14,11,1028,11.4,2,0,2,2,0,0,2,0,0.18,0.0,0.18,0.18,0.18,e041497d,11.4,2,5,3,60.0,0.43859649122807015,0.26,0.4,0.67,0,0,e041497d,11.4,,,,,,,,,,,,,,,0,,,,,,e041497d,11.4,,,,,,,,,,,,,,,,,,,,,e041497d,11.4,,12,,,,,,,,,,,5,,,,e041497d,Nicolò Savona__Nottingham,0.17543859649122806,0.0,1.0526315789473684,0.43859649122807015,1.4912280701754386,DF,
Oliver Scarles,eng ENG,DFMF,West Ham,19,2005,13,9,659,7.3,0,0,0,0,0,0,2,0,0.0,0.0,0.0,0.0,0.0,242e5e6d,7.3,0,3,0,0.0,0.4109589041095891,0.0,0.0,0.0,0,0,242e5e6d,7.3,,,,,,,,,,,,,,,0,,,,,,242e5e6d,7.3,,,,,,,,,,,,,,,,,,,,,242e5e6d,7.3,,19,,,,,,,,,,,13,,,,242e5e6d,Oliver Scarles__West Ham,0.0,0.0,2.6027397260273974,1.7808219178082192,4.383561643835616,DF,MF
Kevin Schade,de GER,MFFW,Brentford,23,2001,35,32,2745,30.5,8,3,11,8,0,1,6,1,0.26,0.1,0.36,0.26,0.36,52afb588,30.5,8,57,24,42.1,1.8688524590163935,0.79,0.14,0.33,0,1,52afb588,30.5,,,,,,,,,,,,,,,3,,,,,,52afb588,30.5,,,,,,,,,,,,,,,,,,,,,52afb588,30.5,,27,,,,,,,,,,,19,,,,52afb588,Kevin Schade__Brentford,0.26229508196721313,0.09836065573770492,0.8852459016393442,0.6229508196721312,1.5081967213114753,MF,FW
Fabian Schär,ch SUI,DF,Newcastle,33,1991,16,11,1091,12.1,0,0,0,0,0,0,1,0,0.0,0.0,0.0,0.0,0.0,c8aa95da,12.1,0,17,4,23.5,1.4049586776859504,0.33,0.0,0.0,0,0,c8aa95da,12.1,,,,,,,,,,,,,,,0,,,,,,c8aa95da,12.1,,,,,,,,,,,,,,,,,,,,,c8aa95da,12.1,,9,,,,,,,,,,,16,,,,c8aa95da,Fabian Schär__Newcastle,0.0,0.0,0.7438016528925621,1.322314049586777,2.066115702479339,DF,
Alex Scott,eng ENG,MF,Bournemouth,21,2003,37,34,2849,31.7,3,1,4,3,0,0,5,0,0.09,0.03,0.13,0.09,0.13,104d0bb8,31.7,3,44,13,29.5,1.38801261829653,0.41,0.07,0.23,0,0,104d0bb8,31.7,,,,,,,,,,,,,,,1,,,,,,104d0bb8,31.7,,,,,,,,,,,,,,,,,,,,,104d0bb8,31.7,,38,,,,,,,,,,,35,,,,104d0bb8,Alex Scott__Bournemouth,0.09463722397476342,0.031545741324921134,1.1987381703470033,1.1041009463722398,2.302839116719243,MF,
Antoine Semenyo,gh GHA,MFFW,Manchester City,25,2000,17,17,1397,15.5,7,1,8,7,0,0,1,0,0.45,0.06,0.52,0.45,0.52,efd2ec23,15.5,7,34,14,41.2,2.193548387096774,0.9,0.21,0.5,0,0,efd2ec23,15.5,,,,,,,,,,,,,,,1,,,,,,efd2ec23,15.5,,,,,,,,,,,,,,,,,,,,,efd2ec23,15.5,,11,,,,,,,,,,,6,,,,efd2ec23,Antoine Semenyo__Manchester City,0.45161290322580644,0.06451612903225806,0.7096774193548387,0.3870967741935484,1.096774193548387,MF,FW
Antoine Semenyo,gh GHA,MF,Bournemouth,25,2000,20,20,1798,20.0,10,3,13,9,1,2,6,0,0.5,0.15,0.65,0.45,0.6,efd2ec23,20.0,10,49,27,55.1,2.45,1.35,0.2,0.37,1,2,efd2ec23,20.0,,,,,,,,,,,,,,,3,,,,,,efd2ec23,20.0,,,,,,,,,,,,,,,,,,,,,efd2ec23,20.0,,20,,,,,,,,,,,6,,,,efd2ec23,Antoine Semenyo__Bournemouth,0.5,0.15,1.0,0.3,1.3,MF,
Marcos Senesi,ar ARG,DF,Bournemouth,28,1997,37,37,3288,36.5,0,5,5,0,0,0,8,0,0.0,0.14,0.14,0.0,0.14,35141f4c,36.5,0,17,5,29.4,0.4657534246575342,0.14,0.0,0.0,0,0,35141f4c,36.5,,,,,,,,,,,,,,,5,,,,,,35141f4c,36.5,,,,,,,,,,,,,,,,,,,,,35141f4c,36.5,,34,,,,,,,,,,,50,,,,35141f4c,Marcos Senesi__Bournemouth,0.0,0.136986301369863,0.9315068493150684,1.36986301369863,2.3013698630136985,DF,
Benjamin Šeško,si SVN,FW,Manchester Utd,22,2003,30,17,1643,18.3,11,1,12,11,0,0,2,0,0.6,0.05,0.66,0.6,0.66,3260690c,18.3,11,61,34,55.7,3.333333333333333,1.86,0.18,0.32,0,0,3260690c,18.3,,,,,,,,,,,,,,,1,,,,,,3260690c,18.3,,,,,,,,,,,,,,,,,,,,,3260690c,18.3,,3,,,,,,,,,,,3,,,,3260690c,Benjamin Šeško__Manchester Utd,0.6010928961748634,0.0546448087431694,0.16393442622950818,0.16393442622950818,0.32786885245901637,FW,
Ryan Sessegnon,eng ENG,DFMF,Fulham,25,2000,27,20,1823,20.3,3,1,4,3,0,0,0,0,0.15,0.05,0.2,0.15,0.2,6aa3e78b,20.3,3,16,4,25.0,0.7881773399014778,0.2,0.19,0.75,0,0,6aa3e78b,20.3,,,,,,,,,,,,,,,1,,,,,,6aa3e78b,20.3,,,,,,,,,,,,,,,,,,,,,6aa3e78b,20.3,,29,,,,,,,,,,,23,,,,6aa3e78b,Ryan Sessegnon__Fulham,0.14778325123152708,0.04926108374384236,1.4285714285714286,1.1330049261083743,2.561576354679803,DF,MF
Luke Shaw,eng ENG,DF,Manchester Utd,30,1995,38,38,3219,35.8,1,1,2,1,0,0,9,0,0.03,0.03,0.06,0.03,0.06,9c94165b,35.8,1,10,3,30.0,0.2793296089385475,0.08,0.1,0.33,0,0,9c94165b,35.8,,,,,,,,,,,,,,,1,,,,,,9c94165b,35.8,,,,,,,,,,,,,,,,,,,,,9c94165b,35.8,,45,,,,,,,,,,,43,,,,9c94165b,Luke Shaw__Manchester Utd,0.02793296089385475,0.02793296089385475,1.2569832402234637,1.2011173184357542,2.458100558659218,DF,
Bernardo Silva,pt POR,MF,Manchester City,30,1994,38,34,2872,31.9,2,4,6,2,0,0,10,0,0.06,0.13,0.19,0.06,0.19,3eb22ec9,31.9,2,30,7,23.3,0.9404388714733543,0.22,0.07,0.29,0,0,3eb22ec9,31.9,,,,,,,,,,,,,,,4,,,,,,3eb22ec9,31.9,,,,,,,,,,,,,,,,,,,,,3eb22ec9,31.9,,28,,,,,,,,,,,21,,,,3eb22ec9,Bernardo Silva__Manchester City,0.06269592476489029,0.12539184952978058,0.877742946708464,0.658307210031348,1.536050156739812,MF,
Xavi Simons,nl NED,MFFW,Tottenham,22,2003,28,19,1755,19.5,2,5,7,2,0,0,5,1,0.1,0.26,0.36,0.1,0.36,da4d670f,19.5,2,42,10,23.8,2.1538461538461537,0.51,0.05,0.2,0,0,da4d670f,19.5,,,,,,,,,,,,,,,5,,,,,,da4d670f,19.5,,,,,,,,,,,,,,,,,,,,,da4d670f,19.5,,20,,,,,,,,,,,15,,,,da4d670f,Xavi Simons__Tottenham,0.10256410256410256,0.2564102564102564,1.0256410256410255,0.7692307692307693,1.794871794871795,MF,FW
Adam Smith,eng ENG,DF,Bournemouth,34,1991,22,14,1077,12.0,0,2,2,0,0,0,3,0,0.0,0.17,0.17,0.0,0.17,20b104bc,12.0,0,0,0,0.0,0.0,0.0,0.0,0.0,0,0,20b104bc,12.0,,,,,,,,,,,,,,,2,,,,,,20b104bc,12.0,,,,,,,,,,,,,,,,,,,,,20b104bc,12.0,,12,,,,,,,,,,,10,,,,20b104bc,Adam Smith__Bournemouth,0.0,0.16666666666666666,1.0,0.8333333333333334,1.8333333333333333,DF,
Emile Smith Rowe,eng ENG,MF,Fulham,25,2000,37,22,1923,21.4,3,0,3,3,0,0,1,0,0.14,0.0,0.14,0.14,0.14,17695062,21.4,3,36,11,30.6,1.6822429906542058,0.51,0.08,0.27,0,0,17695062,21.4,,,,,,,,,,,,,,,0,,,,,,17695062,21.4,,,,,,,,,,,,,,,,,,,,,17695062,21.4,,22,,,,,,,,,,,22,,,,17695062,Emile Smith Rowe__Fulham,0.14018691588785048,0.0,1.0280373831775702,1.0280373831775702,2.0560747663551404,MF,
Dominic Solanke,eng ENG,FW,Tottenham,27,1997,15,11,1001,11.1,3,0,3,3,0,0,1,0,0.27,0.0,0.27,0.27,0.27,e77dc3b2,11.1,3,20,11,55.0,1.8018018018018018,0.99,0.15,0.27,0,0,e77dc3b2,11.1,,,,,,,,,,,,,,,0,,,,,,e77dc3b2,11.1,,,,,,,,,,,,,,,,,,,,,e77dc3b2,11.1,,16,,,,,,,,,,,3,,,,e77dc3b2,Dominic Solanke__Tottenham,0.2702702702702703,0.0,1.4414414414414416,0.2702702702702703,1.7117117117117118,FW,
Tomáš Souček,cz CZE,MF,West Ham,30,1995,35,24,2200,24.4,5,0,5,5,0,0,3,1,0.2,0.0,0.2,0.2,0.2,6613c819,24.4,5,26,14,53.8,1.0655737704918034,0.57,0.19,0.36,0,0,6613c819,24.4,,,,,,,,,,,,,,,0,,,,,,6613c819,24.4,,,,,,,,,,,,,,,,,,,,,6613c819,24.4,,23,,,,,,,,,,,16,,,,6613c819,Tomáš Souček__West Ham,0.20491803278688525,0.0,0.9426229508196722,0.6557377049180328,1.598360655737705,MF,
Djed Spence,eng ENG,DFMF,Tottenham,24,2000,30,23,2056,22.8,0,0,0,0,0,0,4,0,0.0,0.0,0.0,0.0,0.0,9bc9a519,22.8,0,13,8,61.5,0.5701754385964912,0.35,0.0,0.0,0,0,9bc9a519,22.8,,,,,,,,,,,,,,,0,,,,,,9bc9a519,22.8,,,,,,,,,,,,,,,,,,,,,9bc9a519,22.8,,25,,,,,,,,,,,15,,,,9bc9a519,Djed Spence__Tottenham,0.0,0.0,1.0964912280701753,0.6578947368421052,1.7543859649122806,DF,MF
Anton Stach,de GER,MF,Leeds United,26,1998,29,28,2370,26.3,5,3,8,5,0,0,3,0,0.19,0.11,0.3,0.19,0.3,0f59a7bf,26.3,5,55,14,25.5,2.091254752851711,0.53,0.09,0.36,0,0,0f59a7bf,26.3,,,,,,,,,,,,,,,3,,,,,,0f59a7bf,26.3,,,,,,,,,,,,,,,,,,,,,0f59a7bf,26.3,,35,,,,,,,,,,,19,,,,0f59a7bf,Anton Stach__Leeds United,0.19011406844106463,0.11406844106463879,1.3307984790874525,0.7224334600760456,2.053231939163498,MF,
Jørgen Strand Larsen,no NOR,FW,Wolves,25,2000,22,14,1404,15.6,1,1,2,0,1,2,2,0,0.06,0.06,0.13,0.0,0.06,f553b2b3,15.6,1,21,7,33.3,1.3461538461538463,0.45,0.05,0.14,1,2,f553b2b3,15.6,,,,,,,,,,,,,,,1,,,,,,f553b2b3,15.6,,,,,,,,,,,,,,,,,,,,,f553b2b3,15.6,,2,,,,,,,,,,,3,,,,f553b2b3,Jørgen Strand Larsen__Wolves,0.06410256410256411,0.06410256410256411,0.12820512820512822,0.19230769230769232,0.32051282051282054,FW,
Jørgen Strand Larsen,no NOR,FW,Crystal Palace,25,2000,14,12,903,10.0,3,0,3,3,0,0,2,0,0.3,0.0,0.3,0.3,0.3,f553b2b3,10.0,3,23,7,30.4,2.3,0.7,0.13,0.43,0,0,f553b2b3,10.0,,,,,,,,,,,,,,,0,,,,,,f553b2b3,10.0,,,,,,,,,,,,,,,,,,,,,f553b2b3,10.0,,0,,,,,,,,,,,1,,,,f553b2b3,Jørgen Strand Larsen__Crystal Palace,0.3,0.0,0.0,0.1,0.1,FW,
Pascal Struijk,nl NED,DF,Leeds United,25,1999,34,33,2936,32.6,0,1,1,0,0,0,5,0,0.0,0.03,0.03,0.0,0.03,f4d296e4,32.6,0,31,5,16.1,0.950920245398773,0.15,0.0,0.0,0,0,f4d296e4,32.6,,,,,,,,,,,,,,,1,,,,,,f4d296e4,32.6,,,,,,,,,,,,,,,,,,,,,f4d296e4,32.6,,22,,,,,,,,,,,32,,,,f4d296e4,Pascal Struijk__Leeds United,0.0,0.03067484662576687,0.6748466257668712,0.9815950920245399,1.656441717791411,DF,
Crysencio Summerville,nl NED,MFFW,West Ham,23,2001,31,29,2470,27.4,5,2,7,5,0,0,6,0,0.18,0.07,0.26,0.18,0.26,df04eb4b,27.4,5,54,15,27.8,1.9708029197080292,0.55,0.09,0.33,0,0,df04eb4b,27.4,,,,,,,,,,,,,,,2,,,,,,df04eb4b,27.4,,,,,,,,,,,,,,,,,,,,,df04eb4b,27.4,,26,,,,,,,,,,,15,,,,df04eb4b,Crysencio Summerville__West Ham,0.18248175182481752,0.07299270072992702,0.9489051094890512,0.5474452554744526,1.4963503649635037,MF,FW
Dominik Szoboszlai,hu HUN,MFDF,Liverpool,24,2000,36,36,3231,35.9,6,7,13,6,0,1,8,1,0.17,0.19,0.36,0.17,0.36,934e1968,35.9,6,71,23,32.4,1.977715877437326,0.64,0.08,0.26,0,1,934e1968,35.9,,,,,,,,,,,,,,,7,,,,,,934e1968,35.9,,,,,,,,,,,,,,,,,,,,,934e1968,35.9,,32,,,,,,,,,,,29,,,,934e1968,Dominik Szoboszlai__Liverpool,0.1671309192200557,0.19498607242339833,0.8913649025069639,0.807799442896936,1.6991643454038998,MF,DF
Chemsdine Talbi,ma MAR,MFFW,Sunderland,20,2005,28,16,1561,17.3,4,1,5,4,0,0,0,0,0.23,0.06,0.29,0.23,0.29,47ce793b,17.3,4,25,10,40.0,1.445086705202312,0.58,0.16,0.4,0,0,47ce793b,17.3,,,,,,,,,,,,,,,1,,,,,,47ce793b,17.3,,,,,,,,,,,,,,,,,,,,,47ce793b,17.3,,6,,,,,,,,,,,3,,,,47ce793b,Chemsdine Talbi__Sunderland,0.23121387283236994,0.057803468208092484,0.3468208092485549,0.17341040462427745,0.5202312138728323,MF,FW
Ao Tanaka,jp JPN,MF,Leeds United,26,1998,28,14,1315,14.6,2,0,2,2,0,0,1,0,0.14,0.0,0.14,0.14,0.14,1d36d6b6,14.6,2,17,5,29.4,1.1643835616438356,0.34,0.12,0.4,0,0,1d36d6b6,14.6,,,,,,,,,,,,,,,0,,,,,,1d36d6b6,14.6,,,,,,,,,,,,,,,,,,,,,1d36d6b6,14.6,,15,,,,,,,,,,,21,,,,1d36d6b6,Ao Tanaka__Leeds United,0.136986301369863,0.0,1.0273972602739727,1.4383561643835616,2.4657534246575343,MF,
James Tarkowski,eng ENG,DF,Everton,32,1992,37,37,3330,37.0,2,3,5,2,0,0,8,0,0.05,0.08,0.14,0.05,0.14,15ea812b,37.0,2,20,10,50.0,0.5405405405405406,0.27,0.1,0.2,0,0,15ea812b,37.0,,,,,,,,,,,,,,,3,,,,,,15ea812b,37.0,,,,,,,,,,,,,,,,,,,,,15ea812b,37.0,,30,,,,,,,,,,,29,,,,15ea812b,James Tarkowski__Everton,0.05405405405405406,0.08108108108108109,0.8108108108108109,0.7837837837837838,1.5945945945945945,DF,
Marcus Tavernier,eng ENG,MF,Bournemouth,26,1999,34,31,2731,30.3,7,4,11,5,2,2,6,0,0.23,0.13,0.36,0.16,0.3,5c0da4a4,30.3,7,70,24,34.3,2.31023102310231,0.79,0.1,0.29,2,2,5c0da4a4,30.3,,,,,,,,,,,,,,,4,,,,,,5c0da4a4,30.3,,,,,,,,,,,,,,,,,,,,,5c0da4a4,30.3,,21,,,,,,,,,,,16,,,,5c0da4a4,Marcus Tavernier__Bournemouth,0.23102310231023102,0.132013201320132,0.693069306930693,0.528052805280528,1.221122112211221,MF,
Loum Tchaouna,fr FRA,MFFW,Burnley,21,2003,29,14,1272,14.1,2,1,3,2,0,0,2,0,0.14,0.07,0.21,0.14,0.21,a3c8b4d3,14.1,2,23,9,39.1,1.6312056737588654,0.64,0.09,0.22,0,0,a3c8b4d3,14.1,,,,,,,,,,,,,,,1,,,,,,a3c8b4d3,14.1,,,,,,,,,,,,,,,,,,,,,a3c8b4d3,14.1,,9,,,,,,,,,,,2,,,,a3c8b4d3,Loum Tchaouna__Burnley,0.14184397163120568,0.07092198581560284,0.6382978723404256,0.14184397163120568,0.7801418439716312,MF,FW
Jackson Tchatchoua,cm CMR,MFDF,Wolves,23,2001,31,19,1845,20.5,0,1,1,0,0,0,3,0,0.0,0.05,0.05,0.0,0.05,aeca7743,20.5,0,3,1,33.3,0.14634146341463414,0.05,0.0,0.0,0,0,aeca7743,20.5,,,,,,,,,,,,,,,1,,,,,,aeca7743,20.5,,,,,,,,,,,,,,,,,,,,,aeca7743,20.5,,15,,,,,,,,,,,14,,,,aeca7743,Jackson Tchatchoua__Wolves,0.0,0.04878048780487805,0.7317073170731707,0.6829268292682927,1.4146341463414633,MF,DF
Mathys Tel,fr FRA,MFFW,Tottenham,20,2005,31,13,1349,15.0,4,1,5,4,0,0,1,0,0.27,0.07,0.33,0.27,0.33,829aa60c,15.0,4,35,8,22.9,2.3333333333333335,0.53,0.11,0.5,0,0,829aa60c,15.0,,,,,,,,,,,,,,,1,,,,,,829aa60c,15.0,,,,,,,,,,,,,,,,,,,,,829aa60c,15.0,,12,,,,,,,,,,,5,,,,829aa60c,Mathys Tel__Tottenham,0.26666666666666666,0.06666666666666667,0.8,0.3333333333333333,1.1333333333333333,MF,FW
Kenny Tete,nl NED,DF,Fulham,29,1995,22,21,1791,19.9,1,0,1,1,0,0,2,0,0.05,0.0,0.05,0.05,0.05,77d7c96f,19.9,1,16,3,18.8,0.8040201005025126,0.15,0.06,0.33,0,0,77d7c96f,19.9,,,,,,,,,,,,,,,0,,,,,,77d7c96f,19.9,,,,,,,,,,,,,,,,,,,,,77d7c96f,19.9,,38,,,,,,,,,,,26,,,,77d7c96f,Kenny Tete__Fulham,0.05025125628140704,0.0,1.9095477386934674,1.306532663316583,3.2160804020100504,DF,
Igor Thiago,br BRA,FW,Brentford,24,2001,38,37,3282,36.5,22,1,23,14,8,9,7,0,0.6,0.03,0.63,0.38,0.41,dc45ac24,36.5,22,84,43,51.2,2.3013698630136985,1.18,0.26,0.51,8,9,dc45ac24,36.5,,,,,,,,,,,,,,,1,,,,,,dc45ac24,36.5,,,,,,,,,,,,,,,,,,,,,dc45ac24,36.5,,21,,,,,,,,,,,12,,,,dc45ac24,Igor Thiago__Brentford,0.6027397260273972,0.0273972602739726,0.5753424657534246,0.3287671232876712,0.9041095890410958,FW,
Malick Thiaw,de GER,DF,Newcastle,23,2001,35,33,2965,32.9,4,0,4,4,0,0,4,0,0.12,0.0,0.12,0.12,0.12,ff5ea0bf,32.9,4,28,14,50.0,0.851063829787234,0.42,0.14,0.29,0,0,ff5ea0bf,32.9,,,,,,,,,,,,,,,0,,,,,,ff5ea0bf,32.9,,,,,,,,,,,,,,,,,,,,,ff5ea0bf,32.9,,34,,,,,,,,,,,30,,,,ff5ea0bf,Malick Thiaw__Newcastle,0.12158054711246201,0.0,1.033434650455927,0.9118541033434651,1.9452887537993921,DF,
Youri Tielemans,be BEL,MF,Aston Villa,28,1997,25,21,1862,20.7,0,4,4,0,0,0,0,0,0.0,0.19,0.19,0.0,0.19,56f7a928,20.7,0,24,7,29.2,1.1594202898550725,0.34,0.0,0.0,0,0,56f7a928,20.7,,,,,,,,,,,,,,,4,,,,,,56f7a928,20.7,,,,,,,,,,,,,,,,,,,,,56f7a928,20.7,,39,,,,,,,,,,,16,,,,56f7a928,Youri Tielemans__Aston Villa,0.0,0.1932367149758454,1.884057971014493,0.7729468599033816,2.6570048309178746,MF,
Jurriën Timber,nl NED,DF,Arsenal,24,2001,30,28,2454,27.3,3,5,8,3,0,0,5,0,0.11,0.18,0.29,0.11,0.29,41034650,27.3,3,25,7,28.0,0.9157509157509157,0.26,0.12,0.43,0,0,41034650,27.3,,,,,,,,,,,,,,,5,,,,,,41034650,27.3,,,,,,,,,,,,,,,,,,,,,41034650,27.3,,35,,,,,,,,,,,24,,,,41034650,Jurriën Timber__Arsenal,0.10989010989010989,0.18315018315018314,1.282051282051282,0.8791208791208791,2.161172161172161,DF,
Jean-Clair Todibo,fr FRA,DF,West Ham,25,1999,23,22,1814,20.2,0,1,1,0,0,0,5,1,0.0,0.05,0.05,0.0,0.05,88f130ed,20.2,0,2,0,0.0,0.09900990099009901,0.0,0.0,0.0,0,0,88f130ed,20.2,,,,,,,,,,,,,,,1,,,,,,88f130ed,20.2,,,,,,,,,,,,,,,,,,,,,88f130ed,20.2,,24,,,,,,,,,,,16,,,,88f130ed,Jean-Clair Todibo__West Ham,0.0,0.04950495049504951,1.188118811881188,0.7920792079207921,1.9801980198019802,DF,
Sandro Tonali,it ITA,MF,Newcastle,25,2000,35,31,2534,28.2,0,2,2,0,0,0,4,0,0.0,0.07,0.07,0.0,0.07,0db169ae,28.2,0,37,8,21.6,1.3120567375886525,0.28,0.0,0.0,0,0,0db169ae,28.2,,,,,,,,,,,,,,,2,,,,,,0db169ae,28.2,,,,,,,,,,,,,,,,,,,,,0db169ae,28.2,,25,,,,,,,,,,,28,,,,0db169ae,Sandro Tonali__Newcastle,0.0,0.07092198581560284,0.8865248226950355,0.9929078014184397,1.8794326241134751,MF,
Pau Torres,es ESP,DF,Aston Villa,28,1997,21,18,1676,18.6,0,0,0,0,0,0,1,0,0.0,0.0,0.0,0.0,0.0,532e1e4f,18.6,0,9,1,11.1,0.48387096774193544,0.05,0.0,0.0,0,0,532e1e4f,18.6,,,,,,,,,,,,,,,0,,,,,,532e1e4f,18.6,,,,,,,,,,,,,,,,,,,,,532e1e4f,18.6,,14,,,,,,,,,,,11,,,,532e1e4f,Pau Torres__Aston Villa,0.0,0.0,0.7526881720430108,0.5913978494623655,1.3440860215053763,DF,
Bertrand Traoré,bf BFA,MFFW,Sunderland,29,1995,12,9,632,7.0,1,0,1,1,0,0,1,0,0.14,0.0,0.14,0.14,0.14,c47541e0,7.0,1,12,6,50.0,1.7142857142857142,0.85,0.08,0.17,0,0,c47541e0,7.0,,,,,,,,,,,,,,,0,,,,,,c47541e0,7.0,,,,,,,,,,,,,,,,,,,,,c47541e0,7.0,,4,,,,,,,,,,,2,,,,c47541e0,Bertrand Traoré__Sunderland,0.14285714285714285,0.0,0.5714285714285714,0.2857142857142857,0.8571428571428571,MF,FW
Kieran Trippier,eng ENG,DF,Newcastle,34,1990,21,18,1586,17.6,0,1,1,0,0,0,3,0,0.0,0.06,0.06,0.0,0.06,21512407,17.6,0,2,0,0.0,0.11363636363636363,0.0,0.0,0.0,0,0,21512407,17.6,,,,,,,,,,,,,,,1,,,,,,21512407,17.6,,,,,,,,,,,,,,,,,,,,,21512407,17.6,,13,,,,,,,,,,,7,,,,21512407,Kieran Trippier__Newcastle,0.0,0.056818181818181816,0.7386363636363635,0.3977272727272727,1.1363636363636362,DF,
Leandro Trossard,be BEL,FWMF,Arsenal,30,1994,31,21,2000,22.2,6,6,12,6,0,0,2,0,0.27,0.27,0.54,0.27,0.54,38ceb24a,22.2,6,53,15,28.3,2.3873873873873874,0.68,0.11,0.4,0,0,38ceb24a,22.2,,,,,,,,,,,,,,,6,,,,,,38ceb24a,22.2,,,,,,,,,,,,,,,,,,,,,38ceb24a,22.2,,15,,,,,,,,,,,9,,,,38ceb24a,Leandro Trossard__Arsenal,0.2702702702702703,0.2702702702702703,0.6756756756756757,0.40540540540540543,1.0810810810810811,FW,MF
Adrien Truffert,fr FRA,DF,Bournemouth,23,2001,38,38,3379,37.5,1,5,6,1,0,0,5,0,0.03,0.13,0.16,0.03,0.16,5d0e0a1f,37.5,1,16,6,37.5,0.4266666666666667,0.16,0.06,0.17,0,0,5d0e0a1f,37.5,,,,,,,,,,,,,,,5,,,,,,5d0e0a1f,37.5,,,,,,,,,,,,,,,,,,,,,5d0e0a1f,37.5,,51,,,,,,,,,,,43,,,,5d0e0a1f,Adrien Truffert__Bournemouth,0.02666666666666667,0.13333333333333333,1.36,1.1466666666666667,2.506666666666667,DF,
Axel Tuanzebe,cd COD,DF,Burnley,27,1997,14,14,1201,13.3,1,0,1,1,0,0,1,0,0.07,0.0,0.07,0.07,0.07,2baec6ce,13.3,1,2,1,50.0,0.15037593984962405,0.07,0.5,1.0,0,0,2baec6ce,13.3,,,,,,,,,,,,,,,0,,,,,,2baec6ce,13.3,,,,,,,,,,,,,,,,,,,,,2baec6ce,13.3,,8,,,,,,,,,,,12,,,,2baec6ce,Axel Tuanzebe__Burnley,0.07518796992481203,0.0,0.6015037593984962,0.9022556390977443,1.5037593984962405,DF,
Destiny Udogie,it ITA,DFMF,Tottenham,22,2002,20,14,1338,14.9,0,1,1,0,0,0,4,0,0.0,0.07,0.07,0.0,0.07,7cd520e8,14.9,0,4,1,25.0,0.2684563758389262,0.07,0.0,0.0,0,0,7cd520e8,14.9,,,,,,,,,,,,,,,1,,,,,,7cd520e8,14.9,,,,,,,,,,,,,,,,,,,,,7cd520e8,14.9,,20,,,,,,,,,,,7,,,,7cd520e8,Destiny Udogie__Tottenham,0.0,0.06711409395973154,1.342281879194631,0.4697986577181208,1.8120805369127517,DF,MF
Manuel Ugarte,uy URU,MF,Manchester Utd,24,2001,22,8,887,9.9,0,0,0,0,0,0,1,0,0.0,0.0,0.0,0.0,0.0,c9817014,9.9,0,13,1,7.7,1.3131313131313131,0.1,0.0,0.0,0,0,c9817014,9.9,,,,,,,,,,,,,,,0,,,,,,c9817014,9.9,,,,,,,,,,,,,,,,,,,,,c9817014,9.9,,30,,,,,,,,,,,20,,,,c9817014,Manuel Ugarte__Manchester Utd,0.0,0.0,3.0303030303030303,2.0202020202020203,5.05050505050505,MF,
Lesley Ugochukwu,fr FRA,MF,Burnley,21,2004,35,27,2336,26.0,3,1,4,3,0,0,3,1,0.12,0.04,0.15,0.12,0.15,1df4a109,26.0,3,23,8,34.8,0.8846153846153846,0.31,0.13,0.38,0,0,1df4a109,26.0,,,,,,,,,,,,,,,1,,,,,,1df4a109,26.0,,,,,,,,,,,,,,,,,,,,,1df4a109,26.0,,26,,,,,,,,,,,17,,,,1df4a109,Lesley Ugochukwu__Burnley,0.11538461538461539,0.038461538461538464,1.0,0.6538461538461539,1.6538461538461537,MF,
Virgil van Dijk,nl NED,DF,Liverpool,34,1991,38,38,3420,38.0,6,0,6,6,0,0,4,0,0.16,0.0,0.16,0.16,0.16,e06683ca,38.0,6,30,14,46.7,0.7894736842105263,0.37,0.2,0.43,0,0,e06683ca,38.0,,,,,,,,,,,,,,,0,,,,,,e06683ca,38.0,,,,,,,,,,,,,,,,,,,,,e06683ca,38.0,,15,,,,,,,,,,,26,,,,e06683ca,Virgil van Dijk__Liverpool,0.15789473684210525,0.0,0.39473684210526316,0.6842105263157895,1.0789473684210527,DF,
Joël Veltman,nl NED,DF,Brighton,33,1992,24,9,1058,11.8,1,0,1,1,0,0,5,0,0.09,0.0,0.09,0.09,0.09,dad4b285,11.8,1,4,1,25.0,0.3389830508474576,0.09,0.25,1.0,0,0,dad4b285,11.8,,,,,,,,,,,,,,,0,,,,,,dad4b285,11.8,,,,,,,,,,,,,,,,,,,,,dad4b285,11.8,,17,,,,,,,,,,,19,,,,dad4b285,Joël Veltman__Brighton,0.0847457627118644,0.0,1.4406779661016949,1.6101694915254237,3.0508474576271185,DF,
Micky van de Ven,nl NED,DF,Tottenham,24,2001,35,35,3041,33.8,4,1,5,4,0,0,9,1,0.12,0.03,0.15,0.12,0.15,8fe2a392,33.8,4,16,6,37.5,0.4733727810650888,0.18,0.25,0.67,0,0,8fe2a392,33.8,,,,,,,,,,,,,,,1,,,,,,8fe2a392,33.8,,,,,,,,,,,,,,,,,,,,,8fe2a392,33.8,,20,,,,,,,,,,,21,,,,8fe2a392,Micky van de Ven__Tottenham,0.1183431952662722,0.02958579881656805,0.591715976331361,0.6213017751479291,1.2130177514792901,DF,
Kyle Walker,eng ENG,DFMF,Burnley,35,1990,36,35,3096,34.4,0,2,2,0,0,0,9,0,0.0,0.06,0.06,0.0,0.06,86dd77d1,34.4,0,4,0,0.0,0.11627906976744186,0.0,0.0,0.0,0,0,86dd77d1,34.4,,,,,,,,,,,,,,,2,,,,,,86dd77d1,34.4,,,,,,,,,,,,,,,,,,,,,86dd77d1,34.4,,32,,,,,,,,,,,43,,,,86dd77d1,Kyle Walker__Burnley,0.0,0.05813953488372093,0.9302325581395349,1.25,2.1802325581395348,DF,MF
Kyle Walker-Peters,eng ENG,DF,West Ham,28,1997,23,15,1383,15.4,1,0,1,1,0,0,2,0,0.07,0.0,0.07,0.07,0.07,984a5a64,15.4,1,5,3,60.0,0.3246753246753247,0.2,0.2,0.33,0,0,984a5a64,15.4,,,,,,,,,,,,,,,0,,,,,,984a5a64,15.4,,,,,,,,,,,,,,,,,,,,,984a5a64,15.4,,30,,,,,,,,,,,9,,,,984a5a64,Kyle Walker-Peters__West Ham,0.06493506493506493,0.0,1.948051948051948,0.5844155844155844,2.5324675324675323,DF,
Aaron Wan-Bissaka,cd COD,DFMF,West Ham,27,1997,25,23,2081,23.1,0,2,2,0,0,0,4,0,0.0,0.09,0.09,0.0,0.09,9e525177,23.1,0,0,0,0.0,0.0,0.0,0.0,0.0,0,0,9e525177,23.1,,,,,,,,,,,,,,,2,,,,,,9e525177,23.1,,,,,,,,,,,,,,,,,,,,,9e525177,23.1,,24,,,,,,,,,,,41,,,,9e525177,Aaron Wan-Bissaka__West Ham,0.0,0.08658008658008658,1.0389610389610389,1.7748917748917747,2.813852813852814,DF,MF
James Ward-Prowse,eng ENG,MF,Burnley,30,1994,13,7,684,7.6,0,1,1,0,0,0,1,0,0.0,0.13,0.13,0.0,0.13,3515d404,7.6,0,3,2,66.7,0.39473684210526316,0.26,0.0,0.0,0,0,3515d404,7.6,,,,,,,,,,,,,,,1,,,,,,3515d404,7.6,,,,,,,,,,,,,,,,,,,,,3515d404,7.6,,4,,,,,,,,,,,15,,,,3515d404,James Ward-Prowse__Burnley,0.0,0.13157894736842105,0.5263157894736842,1.973684210526316,2.5,MF,
Ollie Watkins,eng ENG,FW,Aston Villa,29,1995,37,33,2839,31.5,16,3,19,16,0,0,4,0,0.51,0.1,0.6,0.51,0.6,aed3a70f,31.5,16,83,38,45.8,2.634920634920635,1.2,0.19,0.42,0,0,aed3a70f,31.5,,,,,,,,,,,,,,,3,,,,,,aed3a70f,31.5,,,,,,,,,,,,,,,,,,,,,aed3a70f,31.5,,14,,,,,,,,,,,5,,,,aed3a70f,Ollie Watkins__Aston Villa,0.5079365079365079,0.09523809523809523,0.4444444444444444,0.15873015873015872,0.6031746031746031,FW,
Danny Welbeck,eng ENG,FW,Brighton,34,1990,37,26,2258,25.1,13,1,14,12,1,3,5,0,0.52,0.04,0.56,0.48,0.52,ce5143da,25.1,13,56,28,50.0,2.231075697211155,1.12,0.23,0.46,1,3,ce5143da,25.1,,,,,,,,,,,,,,,1,,,,,,ce5143da,25.1,,,,,,,,,,,,,,,,,,,,,ce5143da,25.1,,14,,,,,,,,,,,8,,,,ce5143da,Danny Welbeck__Brighton,0.5179282868525896,0.0398406374501992,0.5577689243027888,0.3187250996015936,0.8764940239043825,FW,
Adam Wharton,eng ENG,MF,Crystal Palace,21,2004,34,29,2552,28.4,1,5,6,1,0,0,6,1,0.04,0.18,0.21,0.04,0.21,4b542852,28.4,1,32,6,18.8,1.1267605633802817,0.21,0.03,0.17,0,0,4b542852,28.4,,,,,,,,,,,,,,,5,,,,,,4b542852,28.4,,,,,,,,,,,,,,,,,,,,,4b542852,28.4,,36,,,,,,,,,,,27,,,,4b542852,Adam Wharton__Crystal Palace,0.035211267605633804,0.17605633802816903,1.267605633802817,0.9507042253521127,2.2183098591549295,MF,
Ben White,eng ENG,DF,Arsenal,27,1997,12,9,702,7.8,0,1,1,0,0,0,0,0,0.0,0.13,0.13,0.0,0.13,35e413f1,7.8,0,5,1,20.0,0.6410256410256411,0.13,0.0,0.0,0,0,35e413f1,7.8,,,,,,,,,,,,,,,1,,,,,,35e413f1,7.8,,,,,,,,,,,,,,,,,,,,,35e413f1,7.8,,9,,,,,,,,,,,9,,,,35e413f1,Ben White__Arsenal,0.0,0.12820512820512822,1.153846153846154,1.153846153846154,2.307692307692308,DF,
Mats Wieffer,nl NED,DF,Brighton,25,1999,26,23,1903,21.1,2,3,5,2,0,0,8,0,0.09,0.14,0.24,0.09,0.24,4876c9ab,21.1,2,18,6,33.3,0.8530805687203791,0.28,0.11,0.33,0,0,4876c9ab,21.1,,,,,,,,,,,,,,,3,,,,,,4876c9ab,21.1,,,,,,,,,,,,,,,,,,,,,4876c9ab,21.1,,43,,,,,,,,,,,24,,,,4876c9ab,Mats Wieffer__Brighton,0.0947867298578199,0.14218009478672985,2.037914691943128,1.1374407582938388,3.1753554502369665,DF,
Neco Williams,wls WAL,DF,Nottingham,24,2001,37,36,3204,35.6,2,3,5,2,0,0,6,1,0.06,0.08,0.14,0.06,0.14,dd323728,35.6,2,46,19,41.3,1.2921348314606742,0.53,0.04,0.11,0,0,dd323728,35.6,,,,,,,,,,,,,,,3,,,,,,dd323728,35.6,,,,,,,,,,,,,,,,,,,,,dd323728,35.6,,61,,,,,,,,,,,46,,,,dd323728,Neco Williams__Nottingham,0.056179775280898875,0.08426966292134831,1.7134831460674156,1.2921348314606742,3.0056179775280896,DF,
Estêvão Willian,br BRA,MF,Chelsea,18,2007,22,12,848,9.4,2,2,4,2,0,0,4,0,0.21,0.21,0.42,0.21,0.42,2eda11b1,9.4,2,28,8,28.6,2.978723404255319,0.85,0.07,0.25,0,0,2eda11b1,9.4,,,,,,,,,,,,,,,2,,,,,,2eda11b1,9.4,,,,,,,,,,,,,,,,,,,,,2eda11b1,9.4,,6,,,,,,,,,,,4,,,,2eda11b1,Estêvão Willian__Chelsea,0.2127659574468085,0.2127659574468085,0.6382978723404255,0.425531914893617,1.0638297872340425,MF,
Joe Willock,eng ENG,MF,Newcastle,25,1999,24,10,983,10.9,0,2,2,0,0,0,3,0,0.0,0.18,0.18,0.0,0.18,a3b03921,10.9,0,17,6,35.3,1.5596330275229358,0.55,0.0,0.0,0,0,a3b03921,10.9,,,,,,,,,,,,,,,2,,,,,,a3b03921,10.9,,,,,,,,,,,,,,,,,,,,,a3b03921,10.9,,15,,,,,,,,,,,7,,,,a3b03921,Joe Willock__Newcastle,0.0,0.18348623853211007,1.3761467889908257,0.6422018348623852,2.018348623853211,MF,
Callum Wilson,eng ENG,FW,West Ham,33,1992,32,11,1251,13.9,7,1,8,7,0,0,1,0,0.5,0.07,0.58,0.5,0.58,c596fcb0,13.9,7,38,16,42.1,2.7338129496402876,1.15,0.18,0.44,0,0,c596fcb0,13.9,,,,,,,,,,,,,,,1,,,,,,c596fcb0,13.9,,,,,,,,,,,,,,,,,,,,,c596fcb0,13.9,,2,,,,,,,,,,,3,,,,c596fcb0,Callum Wilson__West Ham,0.5035971223021583,0.07194244604316546,0.14388489208633093,0.2158273381294964,0.3597122302158273,FW,
Harry Wilson,wls WAL,MF,Fulham,28,1997,36,32,2673,29.7,10,7,17,10,0,0,7,0,0.34,0.24,0.57,0.34,0.57,c6dc9ecd,29.7,10,78,25,32.1,2.6262626262626263,0.84,0.13,0.4,0,0,c6dc9ecd,29.7,,,,,,,,,,,,,,,7,,,,,,c6dc9ecd,29.7,,,,,,,,,,,,,,,,,,,,,c6dc9ecd,29.7,,19,,,,,,,,,,,16,,,,c6dc9ecd,Harry Wilson__Fulham,0.3367003367003367,0.2356902356902357,0.6397306397306397,0.5387205387205387,1.1784511784511784,MF,
Florian Wirtz,de GER,MF,Liverpool,22,2003,33,27,2378,26.4,5,3,8,5,0,0,1,0,0.19,0.11,0.3,0.19,0.3,e7fcf289,26.4,5,51,18,35.3,1.9318181818181819,0.68,0.1,0.28,0,0,e7fcf289,26.4,,,,,,,,,,,,,,,3,,,,,,e7fcf289,26.4,,,,,,,,,,,,,,,,,,,,,e7fcf289,26.4,,26,,,,,,,,,,,12,,,,e7fcf289,Florian Wirtz__Liverpool,0.1893939393939394,0.11363636363636365,0.9848484848484849,0.4545454545454546,1.4393939393939394,MF,
Nick Woltemade,de GER,FWMF,Newcastle,23,2002,33,24,1902,21.1,8,3,11,7,1,1,0,0,0.38,0.14,0.52,0.33,0.47,7ca196eb,21.1,8,32,13,40.6,1.5165876777251184,0.62,0.25,0.62,1,1,7ca196eb,21.1,,,,,,,,,,,,,,,3,,,,,,7ca196eb,21.1,,,,,,,,,,,,,,,,,,,,,7ca196eb,21.1,,13,,,,,,,,,,,5,,,,7ca196eb,Nick Woltemade__Newcastle,0.3791469194312796,0.14218009478672985,0.6161137440758293,0.23696682464454974,0.8530805687203791,FW,MF
Chris Wood,nz NZL,FW,Nottingham,33,1991,15,11,901,10.0,3,0,3,3,0,0,0,0,0.3,0.0,0.3,0.3,0.3,4e9a0555,10.0,3,23,9,39.1,2.3,0.9,0.13,0.33,0,0,4e9a0555,10.0,,,,,,,,,,,,,,,0,,,,,,4e9a0555,10.0,,,,,,,,,,,,,,,,,,,,,4e9a0555,10.0,,1,,,,,,,,,,,1,,,,4e9a0555,Chris Wood__Nottingham,0.3,0.0,0.1,0.1,0.2,FW,
Granit Xhaka,ch SUI,MF,Sunderland,32,1992,34,32,2904,32.3,1,6,7,1,0,0,8,0,0.03,0.19,0.22,0.03,0.22,e61b8aee,32.3,1,21,5,23.8,0.65015479876161,0.15,0.05,0.2,0,0,e61b8aee,32.3,,,,,,,,,,,,,,,6,,,,,,e61b8aee,32.3,,,,,,,,,,,,,,,,,,,,,e61b8aee,32.3,,33,,,,,,,,,,,29,,,,e61b8aee,Granit Xhaka__Sunderland,0.030959752321981428,0.18575851393188855,1.021671826625387,0.8978328173374613,1.9195046439628485,MF,
Yehor Yarmoliuk,ua UKR,MF,Brentford,21,2004,37,30,2659,29.5,1,2,3,1,0,0,7,0,0.03,0.07,0.1,0.03,0.1,907a5d7c,29.5,1,16,4,25.0,0.5423728813559322,0.14,0.06,0.25,0,0,907a5d7c,29.5,,,,,,,,,,,,,,,2,,,,,,907a5d7c,29.5,,,,,,,,,,,,,,,,,,,,,907a5d7c,29.5,,46,,,,,,,,,,,28,,,,907a5d7c,Yehor Yarmoliuk__Brentford,0.03389830508474576,0.06779661016949153,1.5593220338983051,0.9491525423728814,2.5084745762711864,MF,
Ryan Yates,eng ENG,MF,Nottingham,27,1997,22,2,617,6.9,0,2,2,0,0,0,3,0,0.0,0.29,0.29,0.0,0.29,c1fe2a48,6.9,0,9,2,22.2,1.3043478260869565,0.29,0.0,0.0,0,0,c1fe2a48,6.9,,,,,,,,,,,,,,,2,,,,,,c1fe2a48,6.9,,,,,,,,,,,,,,,,,,,,,c1fe2a48,6.9,,10,,,,,,,,,,,9,,,,c1fe2a48,Ryan Yates__Nottingham,0.0,0.2898550724637681,1.4492753623188406,1.3043478260869565,2.753623188405797,MF,
Leny Yoro,fr FRA,DF,Manchester Utd,19,2005,32,18,1740,19.3,0,0,0,0,0,0,1,0,0.0,0.0,0.0,0.0,0.0,6763f716,19.3,0,9,3,33.3,0.46632124352331605,0.16,0.0,0.0,0,0,6763f716,19.3,,,,,,,,,,,,,,,0,,,,,,6763f716,19.3,,,,,,,,,,,,,,,,,,,,,6763f716,19.3,,20,,,,,,,,,,,31,,,,6763f716,Leny Yoro__Manchester Utd,0.0,0.0,1.0362694300518134,1.6062176165803108,2.6424870466321244,DF,
Joshua Zirkzee,nl NED,FWMF,Manchester Utd,24,2001,24,5,626,7.0,2,1,3,2,0,0,3,0,0.29,0.14,0.43,0.29,0.43,028e70b9,7.0,2,25,9,36.0,3.5714285714285716,1.29,0.08,0.22,0,0,028e70b9,7.0,,,,,,,,,,,,,,,1,,,,,,028e70b9,7.0,,,,,,,,,,,,,,,,,,,,,028e70b9,7.0,,6,,,,,,,,,,,1,,,,028e70b9,Joshua Zirkzee__Manchester Utd,0.2857142857142857,0.14285714285714285,0.8571428571428571,0.14285714285714285,1.0,FW,MF
Martín Zubimendi,es ESP,MF,Arsenal,26,1999,38,34,2992,33.2,5,1,6,5,0,0,4,0,0.15,0.03,0.18,0.15,0.18,3ee0dd59,33.2,5,27,9,33.3,0.8132530120481927,0.27,0.19,0.56,0,0,3ee0dd59,33.2,,,,,,,,,,,,,,,1,,,,,,3ee0dd59,33.2,,,,,,,,,,,,,,,,,,,,,3ee0dd59,33.2,,39,,,,,,,,,,,39,,,,3ee0dd59,Martín Zubimendi__Arsenal,0.1506024096385542,0.03012048192771084,1.1746987951807228,1.1746987951807228,2.3493975903614457,MF,
Martin Ødegaard,no NOR,MF,Arsenal,26,1998,24,16,1369,15.2,1,6,7,1,0,0,0,0,0.07,0.39,0.46,0.07,0.46,79300479,15.2,1,22,8,36.4,1.4473684210526316,0.53,0.05,0.13,0,0,79300479,15.2,,,,,,,,,,,,,,,6,,,,,,79300479,15.2,,,,,,,,,,,,,,,,,,,,,79300479,15.2,,9,,,,,,,,,,,7,,,,79300479,Martin Ødegaard__Arsenal,0.06578947368421052,0.39473684210526316,0.5921052631578948,0.46052631578947373,1.0526315789473684,MF,
