Player,Nation,Pos,Squad,Age,Born,MP,Starts,Min,90s,Gls,Ast,G+A,G-PK,PK,PKatt,CrdY,CrdR,Gls.1,Ast.1,G+A.1,G-PK.1,G+A-PK,fbref_id,90s_shooting_dup,Gls_shooting_dup,Sh,SoT,SoT%,Sh/90,SoT/90,G/Sh,G/SoT,PK_shooting_dup,PKatt_shooting_dup,fbref_id_shooting_dup,90s_passing_dup,Cmp,Att,Cmp%,TotDist,PrgDist,Cmp.1,Att.1,Cmp%.1,Cmp.2,Att.2,Cmp%.2,Cmp.3,Att.3,Cmp%.3,Ast_passing_dup,A-xAG,KP,1/3,PPA,CrsPA,fbref_id_passing_dup,90s_possession_dup,Touches,Def Pen,Def 3rd,Mid 3rd,Att 3rd,Att Pen,Live,Att_possession_dup,Succ,Succ%,Tkld,Tkld%,Carries,TotDist_possession_dup,PrgDist_possession_dup,1/3_possession_dup,CPA,Mis,Dis,Rec,fbref_id_possession_dup,90s_defense_dup,Tkl,TklW,Def 3rd_defense_dup,Mid 3rd_defense_dup,Att 3rd_defense_dup,Tkl.1,Att_defense_dup,Tkl%,Lost,Blocks,Sh_defense_dup,Pass,Int,Tkl+Int,Clr,Err,fbref_id_defense_dup,stint_id
Brenden Aaronson,us USA,MFFW,Leeds United,24,2000,37,30,2449,27.2,4,5,9,4,0,0,3,0,0.15,0.18,0.33,0.15,0.33,5bc43860,27.2,4,47,17,36.2,1.73,0.62,0.09,0.24,0,0,5bc43860,27.2,,,,,,,,,,,,,,,5,,,,,,5bc43860,27.2,,,,,,,,,,,,,,,,,,,,,5bc43860,27.2,,27,,,,,,,,,,,17,,,,5bc43860,Brenden Aaronson__Leeds United
Jerome Abbey,eng ENG,MF,Wolves,15,2009,1,0,17,0.2,0,0,0,0,0,0,0,0,0.0,0.0,0.0,0.0,0.0,4f504fcc,0.2,0,0,0,,0.0,0.0,,,0,0,4f504fcc,0.2,,,,,,,,,,,,,,,0,,,,,,4f504fcc,0.2,,,,,,,,,,,,,,,,,,,,,4f504fcc,0.2,,0,,,,,,,,,,,1,,,,4f504fcc,Jerome Abbey__Wolves
Zach Abbott,eng ENG,DF,Nottingham,19,2006,3,2,164,1.8,0,0,0,0,0,0,0,0,0.0,0.0,0.0,0.0,0.0,c103921a,1.8,0,0,0,,0.0,0.0,,,0,0,c103921a,1.8,,,,,,,,,,,,,,,0,,,,,,c103921a,1.8,,,,,,,,,,,,,,,,,,,,,c103921a,1.8,,4,,,,,,,,,,,2,,,,c103921a,Zach Abbott__Nottingham
Tammy Abraham,eng ENG,FW,Aston Villa,27,1997,12,2,286,3.2,2,0,2,2,0,0,0,0,0.63,0.0,0.63,0.63,0.63,f586779e,3.2,2,9,3,33.3,2.83,0.94,0.22,0.67,0,0,f586779e,3.2,,,,,,,,,,,,,,,0,,,,,,f586779e,3.2,,,,,,,,,,,,,,,,,,,,,f586779e,3.2,,1,,,,,,,,,,,0,,,,f586779e,Tammy Abraham__Aston Villa
Joshua Acheampong,eng ENG,DF,Chelsea,19,2006,17,8,666,7.4,1,0,1,1,0,0,1,0,0.14,0.0,0.14,0.14,0.14,b7e62e1d,7.4,1,4,2,50.0,0.54,0.27,0.25,0.5,0,0,b7e62e1d,7.4,,,,,,,,,,,,,,,0,,,,,,b7e62e1d,7.4,,,,,,,,,,,,,,,,,,,,,b7e62e1d,7.4,,8,,,,,,,,,,,12,,,,b7e62e1d,Joshua Acheampong__Chelsea
Tyler Adams,us USA,MF,Bournemouth,26,1999,25,21,1772,19.7,2,2,4,2,0,0,8,0,0.1,0.1,0.2,0.1,0.2,2b09d998,19.7,2,10,6,60.0,0.51,0.3,0.2,0.33,0,0,2b09d998,19.7,,,,,,,,,,,,,,,2,,,,,,2b09d998,19.7,,,,,,,,,,,,,,,,,,,,,2b09d998,19.7,,24,,,,,,,,,,,30,,,,2b09d998,Tyler Adams__Bournemouth
Tosin Adarabioyo,eng ENG,DF,Chelsea,27,1997,16,8,795,8.8,0,0,0,0,0,0,2,0,0.0,0.0,0.0,0.0,0.0,c81d773d,8.8,0,2,0,0.0,0.23,0.0,0.0,,0,0,c81d773d,8.8,,,,,,,,,,,,,,,0,,,,,,c81d773d,8.8,,,,,,,,,,,,,,,,,,,,,c81d773d,8.8,,6,,,,,,,,,,,9,,,,c81d773d,Tosin Adarabioyo__Chelsea
Simon Adingra,ci CIV,MFFW,Sunderland,23,2002,14,9,653,7.3,1,0,1,1,0,0,2,0,0.14,0.0,0.14,0.14,0.14,4dcec659,7.3,1,6,2,33.3,0.83,0.28,0.17,0.5,0,0,4dcec659,7.3,,,,,,,,,,,,,,,0,,,,,,4dcec659,7.3,,,,,,,,,,,,,,,,,,,,,4dcec659,7.3,,8,,,,,,,,,,,2,,,,4dcec659,Simon Adingra__Sunderland
Amine Adli,ma MAR,MF,Bournemouth,25,2000,31,10,1094,12.2,3,1,4,3,0,0,2,0,0.25,0.08,0.33,0.25,0.33,dcfb17f4,12.2,3,20,9,45.0,1.65,0.74,0.15,0.33,0,0,dcfb17f4,12.2,,,,,,,,,,,,,,,1,,,,,,dcfb17f4,12.2,,,,,,,,,,,,,,,,,,,,,dcfb17f4,12.2,,17,,,,,,,,,,,6,,,,dcfb17f4,Amine Adli__Bournemouth
Emmanuel Agbadou,ci CIV,DF,Wolves,28,1997,14,12,1101,12.2,0,0,0,0,0,0,1,1,0.0,0.0,0.0,0.0,0.0,75f1ed80,12.2,0,10,3,30.0,0.82,0.25,0.0,0.0,0,0,75f1ed80,12.2,,,,,,,,,,,,,,,0,,,,,,75f1ed80,12.2,,,,,,,,,,,,,,,,,,,,,75f1ed80,12.2,,21,,,,,,,,,,,14,,,,75f1ed80,Emmanuel Agbadou__Wolves
Nayef Aguerd,ma MAR,DF,West Ham,29,1996,2,2,180,2.0,0,0,0,0,0,0,0,0,0.0,0.0,0.0,0.0,0.0,288e1e13,2.0,0,2,0,0.0,1.0,0.0,0.0,,0,0,288e1e13,2.0,,,,,,,,,,,,,,,0,,,,,,288e1e13,2.0,,,,,,,,,,,,,,,,,,,,,288e1e13,2.0,,0,,,,,,,,,,,1,,,,288e1e13,Nayef Aguerd__West Ham
Ola Aina,ng NGA,DF,Nottingham,28,1996,18,18,1588,17.6,0,0,0,0,0,0,3,0,0.0,0.0,0.0,0.0,0.0,246d153b,17.6,0,12,1,8.3,0.68,0.06,0.0,0.0,0,0,246d153b,17.6,,,,,,,,,,,,,,,0,,,,,,246d153b,17.6,,,,,,,,,,,,,,,,,,,,,246d153b,17.6,,21,,,,,,,,,,,26,,,,246d153b,Ola Aina__Nottingham
Rayan Aït-Nouri,dz ALG,DF,Manchester City,24,2001,17,12,974,10.8,0,2,2,0,0,0,2,0,0.0,0.18,0.18,0.0,0.18,9b398aea,10.8,0,10,2,20.0,0.92,0.18,0.0,0.0,0,0,9b398aea,10.8,,,,,,,,,,,,,,,2,,,,,,9b398aea,10.8,,,,,,,,,,,,,,,,,,,,,9b398aea,10.8,,21,,,,,,,,,,,13,,,,9b398aea,Rayan Aït-Nouri__Manchester City
Kristoffer Ajer,no NOR,DF,Brentford,27,1998,27,20,1810,20.1,0,1,1,0,0,0,4,0,0.0,0.05,0.05,0.0,0.05,a8c0acb7,20.1,0,10,3,30.0,0.5,0.15,0.0,0.0,0,0,a8c0acb7,20.1,,,,,,,,,,,,,,,1,,,,,,a8c0acb7,20.1,,,,,,,,,,,,,,,,,,,,,a8c0acb7,20.1,,23,,,,,,,,,,,15,,,,a8c0acb7,Kristoffer Ajer__Brentford
Nathan Aké,nl NED,DF,Manchester City,30,1995,18,6,695,7.7,0,0,0,0,0,0,1,0,0.0,0.0,0.0,0.0,0.0,eaeca114,7.7,0,7,1,14.3,0.91,0.13,0.0,0.0,0,0,eaeca114,7.7,,,,,,,,,,,,,,,0,,,,,,eaeca114,7.7,,,,,,,,,,,,,,,,,,,,,eaeca114,7.7,,6,,,,,,,,,,,5,,,,eaeca114,Nathan Aké__Manchester City
Carlos Alcaraz,ar ARG,MF,Everton,22,2002,20,6,689,7.7,0,1,1,0,0,0,4,0,0.0,0.13,0.13,0.0,0.13,4abac767,7.7,0,20,5,25.0,2.61,0.65,0.0,0.0,0,0,4abac767,7.7,,,,,,,,,,,,,,,1,,,,,,4abac767,7.7,,,,,,,,,,,,,,,,,,,,,4abac767,7.7,,9,,,,,,,,,,,2,,,,4abac767,Carlos Alcaraz__Everton
Omar Alderete,py PAR,DF,Sunderland,28,1996,33,32,2798,31.1,1,1,2,1,0,0,6,0,0.03,0.03,0.06,0.03,0.06,bb08bce9,31.1,1,24,9,37.5,0.77,0.29,0.04,0.11,0,0,bb08bce9,31.1,,,,,,,,,,,,,,,1,,,,,,bb08bce9,31.1,,,,,,,,,,,,,,,,,,,,,bb08bce9,31.1,,18,,,,,,,,,,,36,,,,bb08bce9,Omar Alderete__Sunderland
Alisson,br BRA,GK,Liverpool,32,1992,26,26,2340,26.0,0,0,0,0,0,0,1,0,0.0,0.0,0.0,0.0,0.0,7a2e46a8,26.0,0,0,0,,0.0,0.0,,,0,0,7a2e46a8,26.0,,,,,,,,,,,,,,,0,,,,,,7a2e46a8,26.0,,,,,,,,,,,,,,,,,,,,,7a2e46a8,26.0,,0,,,,,,,,,,,0,,,,7a2e46a8,Alisson__Liverpool
Max Alleyne,eng ENG,DF,Manchester City,20,2005,2,2,135,1.5,0,0,0,0,0,0,0,0,0.0,0.0,0.0,0.0,0.0,defcfd32,1.5,0,2,1,50.0,1.33,0.67,0.0,0.0,0,0,defcfd32,1.5,,,,,,,,,,,,,,,0,,,,,,defcfd32,1.5,,,,,,,,,,,,,,,,,,,,,defcfd32,1.5,,3,,,,,,,,,,,3,,,,defcfd32,Max Alleyne__Manchester City
Alysson,br BRA,MF,Aston Villa,19,2006,3,0,49,0.5,0,0,0,0,0,0,0,0,0.0,0.0,0.0,0.0,0.0,99b63a82,0.5,0,1,0,0.0,1.84,0.0,0.0,,0,0,99b63a82,0.5,,,,,,,,,,,,,,,0,,,,,,99b63a82,0.5,,,,,,,,,,,,,,,,,,,,,99b63a82,0.5,,0,,,,,,,,,,,1,,,,99b63a82,Alysson__Aston Villa
Jaydon Amauri Banel,nl NED,FWMF,Burnley,20,2004,1,0,10,0.1,0,0,0,0,0,0,0,0,0.0,0.0,0.0,0.0,0.0,98e0d76c,0.1,0,0,0,,0.0,0.0,,,0,0,98e0d76c,0.1,,,,,,,,,,,,,,,0,,,,,,98e0d76c,0.1,,,,,,,,,,,,,,,,,,,,,98e0d76c,0.1,,0,,,,,,,,,,,0,,,,98e0d76c,Jaydon Amauri Banel__Burnley
Zeki Amdouni,ch SUI,FWMF,Burnley,24,2000,4,0,73,0.8,0,0,0,0,0,0,0,0,0.0,0.0,0.0,0.0,0.0,2ee5b0c9,0.8,0,3,1,33.3,3.7,1.23,0.0,0.0,0,0,2ee5b0c9,0.8,,,,,,,,,,,,,,,0,,,,,,2ee5b0c9,0.8,,,,,,,,,,,,,,,,,,,,,2ee5b0c9,0.8,,0,,,,,,,,,,,0,,,,2ee5b0c9,Zeki Amdouni__Burnley
Ethan Ampadu,wls WAL,MF,Leeds United,24,2000,35,35,3119,34.7,1,1,2,1,0,0,10,0,0.03,0.03,0.06,0.03,0.06,10b9fa99,34.7,1,26,6,23.1,0.75,0.17,0.04,0.17,0,0,10b9fa99,34.7,,,,,,,,,,,,,,,1,,,,,,10b9fa99,34.7,,,,,,,,,,,,,,,,,,,,,10b9fa99,34.7,,46,,,,,,,,,,,50,,,,10b9fa99,Ethan Ampadu__Leeds United
Joachim Andersen,dk DEN,DF,Fulham,29,1996,33,33,2875,31.9,0,1,1,0,0,0,7,1,0.0,0.03,0.03,0.0,0.03,e34fc66d,31.9,0,16,4,25.0,0.5,0.13,0.0,0.0,0,0,e34fc66d,31.9,,,,,,,,,,,,,,,1,,,,,,e34fc66d,31.9,,,,,,,,,,,,,,,,,,,,,e34fc66d,31.9,,26,,,,,,,,,,,34,,,,e34fc66d,Joachim Andersen__Fulham
Elliot Anderson,eng ENG,MF,Nottingham,22,2002,38,37,3331,37.0,4,4,8,3,1,1,8,0,0.11,0.11,0.22,0.08,0.19,de31038e,37.0,4,44,10,22.7,1.19,0.27,0.09,0.4,1,1,de31038e,37.0,,,,,,,,,,,,,,,4,,,,,,de31038e,37.0,,,,,,,,,,,,,,,,,,,,,de31038e,37.0,,60,,,,,,,,,,,41,,,,de31038e,Elliot Anderson__Nottingham
André,br BRA,MF,Wolves,24,2001,35,30,2762,30.7,1,0,1,1,0,0,12,0,0.03,0.0,0.03,0.03,0.03,ec604e2c,30.7,1,15,1,6.7,0.49,0.03,0.07,1.0,0,0,ec604e2c,30.7,,,,,,,,,,,,,,,0,,,,,,ec604e2c,30.7,,,,,,,,,,,,,,,,,,,,,ec604e2c,30.7,,42,,,,,,,,,,,25,,,,ec604e2c,André__Wolves
Nilson Angulo,ec ECU,MF,Sunderland,22,2003,8,5,404,4.5,0,0,0,0,0,0,1,0,0.0,0.0,0.0,0.0,0.0,a9b9d89c,4.5,0,7,3,42.9,1.56,0.67,0.0,0.0,0,0,a9b9d89c,4.5,,,,,,,,,,,,,,,0,,,,,,a9b9d89c,4.5,,,,,,,,,,,,,,,,,,,,,a9b9d89c,4.5,,7,,,,,,,,,,,5,,,,a9b9d89c,Nilson Angulo__Sunderland
Jaidon Anthony,eng ENG,MF,Burnley,25,1999,37,32,2722,30.2,8,2,10,8,0,0,4,0,0.26,0.07,0.33,0.26,0.33,e4238fb1,30.2,8,55,23,41.8,1.82,0.76,0.15,0.35,0,0,e4238fb1,30.2,,,,,,,,,,,,,,,2,,,,,,e4238fb1,30.2,,,,,,,,,,,,,,,,,,,,,e4238fb1,30.2,,21,,,,,,,,,,,16,,,,e4238fb1,Jaidon Anthony__Burnley
Alphonse Areola,fr FRA,GK,West Ham,32,1993,20,20,1800,20.0,0,1,1,0,0,0,0,0,0.0,0.05,0.05,0.0,0.05,2f965a72,20.0,0,0,0,,0.0,0.0,,,0,0,2f965a72,20.0,,,,,,,,,,,,,,,1,,,,,,2f965a72,20.0,,,,,,,,,,,,,,,,,,,,,2f965a72,20.0,,0,,,,,,,,,,,1,,,,2f965a72,Alphonse Areola__West Ham
Jhon Arias,co COL,FWMF,Wolves,27,1997,23,14,1124,12.5,1,0,1,1,0,0,1,0,0.08,0.0,0.08,0.08,0.08,86d96066,12.5,1,16,3,18.8,1.28,0.24,0.06,0.33,0,0,86d96066,12.5,,,,,,,,,,,,,,,0,,,,,,86d96066,12.5,,,,,,,,,,,,,,,,,,,,,86d96066,12.5,,27,,,,,,,,,,,7,,,,86d96066,Jhon Arias__Wolves
Adam Armstrong,eng ENG,FWMF,Wolves,28,1997,14,14,1140,12.7,2,2,4,1,1,1,3,0,0.16,0.16,0.32,0.08,0.24,68c720b5,12.7,2,18,6,33.3,1.42,0.47,0.11,0.33,1,1,68c720b5,12.7,,,,,,,,,,,,,,,2,,,,,,68c720b5,12.7,,,,,,,,,,,,,,,,,,,,,68c720b5,12.7,,4,,,,,,,,,,,1,,,,68c720b5,Adam Armstrong__Wolves
Harrison Armstrong,eng ENG,MF,Everton,18,2007,13,6,529,5.9,0,0,0,0,0,0,0,0,0.0,0.0,0.0,0.0,0.0,de59e609,5.9,0,5,2,40.0,0.85,0.34,0.0,0.0,0,0,de59e609,5.9,,,,,,,,,,,,,,,0,,,,,,de59e609,5.9,,,,,,,,,,,,,,,,,,,,,de59e609,5.9,,10,,,,,,,,,,,4,,,,de59e609,Harrison Armstrong__Everton
Tolu Arokodare,ng NGA,FW,Wolves,24,2000,33,13,1419,15.8,3,1,4,3,0,1,1,0,0.19,0.06,0.25,0.19,0.25,a42760bc,15.8,3,46,16,34.8,2.92,1.01,0.07,0.19,0,1,a42760bc,15.8,,,,,,,,,,,,,,,1,,,,,,a42760bc,15.8,,,,,,,,,,,,,,,,,,,,,a42760bc,15.8,,4,,,,,,,,,,,5,,,,a42760bc,Tolu Arokodare__Wolves
Kepa Arrizabalaga,es ESP,GK,Arsenal,30,1994,1,1,90,1.0,0,0,0,0,0,0,0,0,0.0,0.0,0.0,0.0,0.0,28d596a0,1.0,0,0,0,,0.0,0.0,,,0,0,28d596a0,1.0,,,,,,,,,,,,,,,0,,,,,,28d596a0,1.0,,,,,,,,,,,,,,,,,,,,,28d596a0,1.0,,0,,,,,,,,,,,0,,,,28d596a0,Kepa Arrizabalaga__Arsenal
Taiwo Awoniyi,ng NGA,FW,Nottingham,27,1997,17,3,494,5.5,4,1,5,4,0,0,2,0,0.73,0.18,0.91,0.73,0.91,e5478b87,5.5,4,15,8,53.3,2.73,1.46,0.27,0.5,0,0,e5478b87,5.5,,,,,,,,,,,,,,,1,,,,,,e5478b87,5.5,,,,,,,,,,,,,,,,,,,,,e5478b87,5.5,,1,,,,,,,,,,,1,,,,e5478b87,Taiwo Awoniyi__Nottingham
Yasin Ayari,se SWE,MF,Brighton,21,2003,29,20,1929,21.4,3,3,6,3,0,0,1,0,0.14,0.14,0.28,0.14,0.28,f173303a,21.4,3,41,10,24.4,1.91,0.47,0.07,0.3,0,0,f173303a,21.4,,,,,,,,,,,,,,,3,,,,,,f173303a,21.4,,,,,,,,,,,,,,,,,,,,,f173303a,21.4,,25,,,,,,,,,,,26,,,,f173303a,Yasin Ayari__Brighton
Benoît Badiashile,fr FRA,DF,Chelsea,24,2001,8,6,471,5.2,0,0,0,0,0,0,2,0,0.0,0.0,0.0,0.0,0.0,06df8256,5.2,0,0,0,,0.0,0.0,,,0,0,06df8256,5.2,,,,,,,,,,,,,,,0,,,,,,06df8256,5.2,,,,,,,,,,,,,,,,,,,,,06df8256,5.2,,5,,,,,,,,,,,9,,,,06df8256,Benoît Badiashile__Chelsea
Leon Bailey,jm JAM,MF,Aston Villa,27,1997,13,3,459,5.1,0,1,1,0,0,0,1,0,0.0,0.2,0.2,0.0,0.2,3a233281,5.1,0,8,1,12.5,1.57,0.2,0.0,0.0,0,0,3a233281,5.1,,,,,,,,,,,,,,,1,,,,,,3a233281,5.1,,,,,,,,,,,,,,,,,,,,,3a233281,5.1,,6,,,,,,,,,,,4,,,,3a233281,Leon Bailey__Aston Villa
Dilane Bakwa,fr FRA,MF,Nottingham,22,2002,14,6,553,6.1,0,2,2,0,0,0,1,0,0.0,0.33,0.33,0.0,0.33,2b5a35e5,6.1,0,9,3,33.3,1.46,0.49,0.0,0.0,0,0,2b5a35e5,6.1,,,,,,,,,,,,,,,2,,,,,,2b5a35e5,6.1,,,,,,,,,,,,,,,,,,,,,2b5a35e5,6.1,,3,,,,,,,,,,,0,,,,2b5a35e5,Dilane Bakwa__Nottingham
Carlos Baleba,cm CMR,MF,Brighton,21,2004,31,23,1652,18.4,0,0,0,0,0,0,5,0,0.0,0.0,0.0,0.0,0.0,a1390d2f,18.4,0,20,2,10.0,1.09,0.11,0.0,0.0,0,0,a1390d2f,18.4,,,,,,,,,,,,,,,0,,,,,,a1390d2f,18.4,,,,,,,,,,,,,,,,,,,,,a1390d2f,18.4,,21,,,,,,,,,,,28,,,,a1390d2f,Carlos Baleba__Brighton
Daniel Ballard,nir NIR,DF,Sunderland,25,1999,29,24,2149,23.9,2,0,2,2,0,0,4,1,0.08,0.0,0.08,0.08,0.08,38f300f3,23.9,2,26,9,34.6,1.09,0.38,0.08,0.22,0,0,38f300f3,23.9,,,,,,,,,,,,,,,0,,,,,,38f300f3,23.9,,,,,,,,,,,,,,,,,,,,,38f300f3,23.9,,17,,,,,,,,,,,20,,,,38f300f3,Daniel Ballard__Sunderland
Ross Barkley,eng ENG,MF,Aston Villa,31,1993,21,7,857,9.5,3,1,4,3,0,0,1,0,0.32,0.11,0.42,0.32,0.42,3a24769f,9.5,3,18,8,44.4,1.89,0.84,0.17,0.38,0,0,3a24769f,9.5,,,,,,,,,,,,,,,1,,,,,,3a24769f,9.5,,,,,,,,,,,,,,,,,,,,,3a24769f,9.5,,11,,,,,,,,,,,2,,,,3a24769f,Ross Barkley__Aston Villa
Ashley Barnes,eng ENG,FWMF,Burnley,35,1989,7,0,46,0.5,0,0,0,0,0,0,2,0,0.0,0.0,0.0,0.0,0.0,2691c772,0.5,0,2,1,50.0,3.91,1.96,0.0,0.0,0,0,2691c772,0.5,,,,,,,,,,,,,,,0,,,,,,2691c772,0.5,,,,,,,,,,,,,,,,,,,,,2691c772,0.5,,0,,,,,,,,,,,0,,,,2691c772,Ashley Barnes__Burnley
Harvey Barnes,eng ENG,FWMF,Newcastle,27,1997,37,19,1966,21.8,7,1,8,7,0,0,1,0,0.32,0.05,0.37,0.32,0.37,3ea50f67,21.8,7,58,21,36.2,2.66,0.96,0.12,0.33,0,0,3ea50f67,21.8,,,,,,,,,,,,,,,1,,,,,,3ea50f67,21.8,,,,,,,,,,,,,,,,,,,,,3ea50f67,21.8,,5,,,,,,,,,,,3,,,,3ea50f67,Harvey Barnes__Newcastle
Thierno Barry,fr FRA,FW,Everton,22,2002,38,21,1914,21.3,8,0,8,8,0,0,3,0,0.38,0.0,0.38,0.38,0.38,52c3244b,21.3,8,38,14,36.8,1.79,0.66,0.21,0.57,0,0,52c3244b,21.3,,,,,,,,,,,,,,,0,,,,,,52c3244b,21.3,,,,,,,,,,,,,,,,,,,,,52c3244b,21.3,,4,,,,,,,,,,,5,,,,52c3244b,Thierno Barry__Everton
Calvin Bassey,ng NGA,DF,Fulham,25,1999,30,28,2534,28.2,1,0,1,1,0,0,5,0,0.04,0.0,0.04,0.04,0.04,a36524bf,28.2,1,12,1,8.3,0.43,0.04,0.08,1.0,0,0,a36524bf,28.2,,,,,,,,,,,,,,,0,,,,,,a36524bf,28.2,,,,,,,,,,,,,,,,,,,,,a36524bf,28.2,,32,,,,,,,,,,,22,,,,a36524bf,Calvin Bassey__Fulham
Altay Bayındır,tr TUR,GK,Manchester Utd,27,1998,6,6,540,6.0,0,0,0,0,0,0,0,0,0.0,0.0,0.0,0.0,0.0,072e68ed,6.0,0,0,0,,0.0,0.0,,,0,0,072e68ed,6.0,,,,,,,,,,,,,,,0,,,,,,072e68ed,6.0,,,,,,,,,,,,,,,,,,,,,072e68ed,6.0,,0,,,,,,,,,,,0,,,,072e68ed,Altay Bayındır__Manchester Utd
Jean-Ricner Bellegarde,ht HAI,MFFW,Wolves,27,1998,26,15,1248,13.9,1,1,2,1,0,0,5,0,0.07,0.07,0.14,0.07,0.14,10f0fdd3,13.9,1,21,7,33.3,1.51,0.5,0.05,0.14,0,0,10f0fdd3,13.9,,,,,,,,,,,,,,,1,,,,,,10f0fdd3,13.9,,,,,,,,,,,,,,,,,,,,,10f0fdd3,13.9,,15,,,,,,,,,,,9,,,,10f0fdd3,Jean-Ricner Bellegarde__Wolves
Walter Benítez,ar ARG,GK,Crystal Palace,32,1993,1,1,90,1.0,0,0,0,0,0,0,0,0,0.0,0.0,0.0,0.0,0.0,8a2248b4,1.0,0,0,0,,0.0,0.0,,,0,0,8a2248b4,1.0,,,,,,,,,,,,,,,0,,,,,,8a2248b4,1.0,,,,,,,,,,,,,,,,,,,,,8a2248b4,1.0,,0,,,,,,,,,,,0,,,,8a2248b4,Walter Benítez__Crystal Palace
Rodrigo Bentancur,uy URU,MF,Tottenham,28,1997,26,23,1883,20.9,1,1,2,1,0,0,7,0,0.05,0.05,0.1,0.05,0.1,3b8674e6,20.9,1,13,3,23.1,0.62,0.14,0.08,0.33,0,0,3b8674e6,20.9,,,,,,,,,,,,,,,1,,,,,,3b8674e6,20.9,,,,,,,,,,,,,,,,,,,,,3b8674e6,20.9,,36,,,,,,,,,,,36,,,,3b8674e6,Rodrigo Bentancur__Tottenham
Daniel Bentley,eng ENG,GK,Wolves,32,1993,3,3,270,3.0,0,0,0,0,0,0,0,0,0.0,0.0,0.0,0.0,0.0,68db6358,3.0,0,0,0,,0.0,0.0,,,0,0,68db6358,3.0,,,,,,,,,,,,,,,0,,,,,,68db6358,3.0,,,,,,,,,,,,,,,,,,,,,68db6358,3.0,,0,,,,,,,,,,,0,,,,68db6358,Daniel Bentley__Wolves
Sander Berge,no NOR,MF,Fulham,27,1998,35,34,2905,32.3,0,1,1,0,0,0,5,0,0.0,0.03,0.03,0.0,0.03,d0b6129f,32.3,0,14,3,21.4,0.43,0.09,0.0,0.0,0,0,d0b6129f,32.3,,,,,,,,,,,,,,,1,,,,,,d0b6129f,32.3,,,,,,,,,,,,,,,,,,,,,d0b6129f,32.3,,41,,,,,,,,,,,26,,,,d0b6129f,Sander Berge__Fulham
Lucas Bergvall,se SWE,MF,Tottenham,19,2006,23,11,965,10.7,1,3,4,1,0,0,2,0,0.09,0.28,0.37,0.09,0.37,a109e5c8,10.7,1,12,5,41.7,1.12,0.47,0.08,0.2,0,0,a109e5c8,10.7,,,,,,,,,,,,,,,3,,,,,,a109e5c8,10.7,,,,,,,,,,,,,,,,,,,,,a109e5c8,10.7,,14,,,,,,,,,,,3,,,,a109e5c8,Lucas Bergvall__Tottenham
Beto,gw GNB,FW,Everton,27,1998,37,17,1568,17.4,9,1,10,9,0,0,3,0,0.52,0.06,0.57,0.52,0.57,ed5c0319,17.4,9,43,17,39.5,2.47,0.98,0.21,0.53,0,0,ed5c0319,17.4,,,,,,,,,,,,,,,1,,,,,,ed5c0319,17.4,,,,,,,,,,,,,,,,,,,,,ed5c0319,17.4,,5,,,,,,,,,,,1,,,,ed5c0319,Beto__Everton
Jaka Bijol,si SVN,DF,Leeds United,26,1999,25,21,1890,21.0,1,2,3,1,0,0,4,0,0.05,0.1,0.14,0.05,0.14,6fdac234,21.0,1,15,6,40.0,0.71,0.29,0.07,0.17,0,0,6fdac234,21.0,,,,,,,,,,,,,,,2,,,,,,6fdac234,21.0,,,,,,,,,,,,,,,,,,,,,6fdac234,21.0,,13,,,,,,,,,,,22,,,,6fdac234,Jaka Bijol__Leeds United
Yves Bissouma,ml MLI,MF,Tottenham,28,1996,11,7,603,6.7,0,0,0,0,0,0,4,0,0.0,0.0,0.0,0.0,0.0,6c203af0,6.7,0,5,2,40.0,0.75,0.3,0.0,0.0,0,0,6c203af0,6.7,,,,,,,,,,,,,,,0,,,,,,6c203af0,6.7,,,,,,,,,,,,,,,,,,,,,6c203af0,6.7,,11,,,,,,,,,,,8,,,,6c203af0,Yves Bissouma__Tottenham
Marco Bizot,nl NED,GK,Aston Villa,34,1991,7,6,585,6.5,0,0,0,0,0,0,2,0,0.0,0.0,0.0,0.0,0.0,3d214e5f,6.5,0,0,0,,0.0,0.0,,,0,0,3d214e5f,6.5,,,,,,,,,,,,,,,0,,,,,,3d214e5f,6.5,,,,,,,,,,,,,,,,,,,,,3d214e5f,6.5,,0,,,,,,,,,,,0,,,,3d214e5f,Marco Bizot__Aston Villa
Oscar Bobb,no NOR,MFFW,Manchester City,22,2003,9,5,468,5.2,0,1,1,0,0,0,1,0,0.0,0.19,0.19,0.0,0.19,eed2427e,5.2,0,4,0,0.0,0.77,0.0,0.0,,0,0,eed2427e,5.2,,,,,,,,,,,,,,,1,,,,,,eed2427e,5.2,,,,,,,,,,,,,,,,,,,,,eed2427e,5.2,,5,,,,,,,,,,,3,,,,eed2427e,Oscar Bobb__Manchester City
Oscar Bobb,no NOR,MF,Fulham,22,2003,14,6,571,6.3,0,0,0,0,0,0,0,0,0.0,0.0,0.0,0.0,0.0,eed2427e,6.3,0,8,3,37.5,1.26,0.47,0.0,0.0,0,0,eed2427e,6.3,,,,,,,,,,,,,,,0,,,,,,eed2427e,6.3,,,,,,,,,,,,,,,,,,,,,eed2427e,6.3,,7,,,,,,,,,,,6,,,,eed2427e,Oscar Bobb__Fulham
Lamare Bogarde,nl NED,MFDF,Aston Villa,21,2004,28,11,1053,11.7,0,0,0,0,0,0,5,0,0.0,0.0,0.0,0.0,0.0,bca5c4a7,11.7,0,0,0,,0.0,0.0,,,0,0,bca5c4a7,11.7,,,,,,,,,,,,,,,0,,,,,,bca5c4a7,11.7,,,,,,,,,,,,,,,,,,,,,bca5c4a7,11.7,,19,,,,,,,,,,,4,,,,bca5c4a7,Lamare Bogarde__Aston Villa
Jayden Bogle,eng ENG,MFDF,Leeds United,25,2000,34,32,2793,31.0,1,2,3,1,0,0,6,0,0.03,0.06,0.1,0.03,0.1,ae5019e6,31.0,1,18,4,22.2,0.58,0.13,0.06,0.25,0,0,ae5019e6,31.0,,,,,,,,,,,,,,,2,,,,,,ae5019e6,31.0,,,,,,,,,,,,,,,,,,,,,ae5019e6,31.0,,43,,,,,,,,,,,30,,,,ae5019e6,Jayden Bogle__Leeds United
Sebastiaan Bornauw,be BEL,DF,Leeds United,26,1999,12,5,429,4.8,0,0,0,0,0,0,1,0,0.0,0.0,0.0,0.0,0.0,01834aa0,4.8,0,1,0,0.0,0.21,0.0,0.0,,0,0,01834aa0,4.8,,,,,,,,,,,,,,,0,,,,,,01834aa0,4.8,,,,,,,,,,,,,,,,,,,,,01834aa0,4.8,,4,,,,,,,,,,,7,,,,01834aa0,Sebastiaan Bornauw__Leeds United
Olivier Boscagli,fr FRA,DF,Brighton,27,1997,12,9,802,8.9,0,1,1,0,0,0,2,0,0.0,0.11,0.11,0.0,0.11,403f5d20,8.9,0,1,0,0.0,0.11,0.0,0.0,,0,0,403f5d20,8.9,,,,,,,,,,,,,,,1,,,,,,403f5d20,8.9,,,,,,,,,,,,,,,,,,,,,403f5d20,8.9,,11,,,,,,,,,,,16,,,,403f5d20,Olivier Boscagli__Brighton
Sven Botman,nl NED,DF,Newcastle,25,2000,25,21,1835,20.4,1,1,2,1,0,0,2,0,0.05,0.05,0.1,0.05,0.1,ccce7025,20.4,1,15,4,26.7,0.74,0.2,0.07,0.25,0,0,ccce7025,20.4,,,,,,,,,,,,,,,1,,,,,,ccce7025,20.4,,,,,,,,,,,,,,,,,,,,,ccce7025,20.4,,14,,,,,,,,,,,25,,,,ccce7025,Sven Botman__Newcastle
Jarrod Bowen,eng ENG,MFFW,West Ham,28,1996,38,38,3403,37.8,9,11,20,8,1,1,4,0,0.24,0.29,0.53,0.21,0.5,79c84d1c,37.8,9,79,28,35.4,2.09,0.74,0.11,0.32,1,1,79c84d1c,37.8,,,,,,,,,,,,,,,11,,,,,,79c84d1c,37.8,,,,,,,,,,,,,,,,,,,,,79c84d1c,37.8,,28,,,,,,,,,,,27,,,,79c84d1c,Jarrod Bowen__West Ham
Conor Bradley,nir NIR,DF,Liverpool,22,2003,15,12,929,10.3,0,1,1,0,0,0,5,0,0.0,0.1,0.1,0.0,0.1,bbd67769,10.3,0,6,0,0.0,0.58,0.0,0.0,,0,0,bbd67769,10.3,,,,,,,,,,,,,,,1,,,,,,bbd67769,10.3,,,,,,,,,,,,,,,,,,,,,bbd67769,10.3,,15,,,,,,,,,,,12,,,,bbd67769,Conor Bradley__Liverpool
Jarrad Branthwaite,eng ENG,DF,Everton,23,2002,10,7,680,7.6,1,0,1,1,0,0,1,0,0.13,0.0,0.13,0.13,0.13,c1949191,7.6,1,6,2,33.3,0.79,0.26,0.17,0.5,0,0,c1949191,7.6,,,,,,,,,,,,,,,0,,,,,,c1949191,7.6,,,,,,,,,,,,,,,,,,,,,c1949191,7.6,,6,,,,,,,,,,,11,,,,c1949191,Jarrad Branthwaite__Everton
Brian Brobbey,nl NED,FW,Sunderland,23,2002,31,22,1927,21.4,7,1,8,7,0,0,6,0,0.33,0.05,0.37,0.33,0.37,4c184730,21.4,7,36,18,50.0,1.68,0.84,0.19,0.39,0,0,4c184730,21.4,,,,,,,,,,,,,,,1,,,,,,4c184730,21.4,,,,,,,,,,,,,,,,,,,,,4c184730,21.4,,2,,,,,,,,,,,0,,,,4c184730,Brian Brobbey__Sunderland
Armando Broja,al ALB,FW,Burnley,23,2001,24,8,860,9.6,1,1,2,1,0,0,0,0,0.1,0.1,0.21,0.1,0.21,97220da2,9.6,1,16,6,37.5,1.67,0.63,0.06,0.17,0,0,97220da2,9.6,,,,,,,,,,,,,,,1,,,,,,97220da2,9.6,,,,,,,,,,,,,,,,,,,,,97220da2,9.6,,3,,,,,,,,,,,3,,,,97220da2,Armando Broja__Burnley
David Brooks,wls WAL,MF,Bournemouth,28,1997,31,13,1204,13.4,1,3,4,1,0,0,7,0,0.07,0.22,0.3,0.07,0.3,dc4cae05,13.4,1,48,13,27.1,3.59,0.97,0.02,0.08,0,0,dc4cae05,13.4,,,,,,,,,,,,,,,3,,,,,,dc4cae05,13.4,,,,,,,,,,,,,,,,,,,,,dc4cae05,13.4,,13,,,,,,,,,,,4,,,,dc4cae05,David Brooks__Bournemouth
Jacob Bruun Larsen,dk DEN,MFFW,Burnley,26,1998,28,10,1030,11.4,0,1,1,0,0,0,0,0,0.0,0.09,0.09,0.0,0.09,4e204552,11.4,0,17,4,23.5,1.49,0.35,0.0,0.0,0,0,4e204552,11.4,,,,,,,,,,,,,,,1,,,,,,4e204552,11.4,,,,,,,,,,,,,,,,,,,,,4e204552,11.4,,3,,,,,,,,,,,6,,,,4e204552,Jacob Bruun Larsen__Burnley
Emi Buendía,ar ARG,MF,Aston Villa,28,1996,36,21,1755,19.5,6,2,8,6,0,0,6,0,0.31,0.1,0.41,0.31,0.41,66b76d44,19.5,6,49,13,26.5,2.51,0.67,0.12,0.46,0,0,66b76d44,19.5,,,,,,,,,,,,,,,2,,,,,,66b76d44,19.5,,,,,,,,,,,,,,,,,,,,,66b76d44,19.5,,27,,,,,,,,,,,13,,,,66b76d44,Emi Buendía__Aston Villa
Hugo Bueno,es ESP,MFDF,Wolves,22,2002,35,26,2366,26.3,1,2,3,1,0,0,3,0,0.04,0.08,0.11,0.04,0.11,bfc3b3a0,26.3,1,16,6,37.5,0.61,0.23,0.06,0.17,0,0,bfc3b3a0,26.3,,,,,,,,,,,,,,,2,,,,,,bfc3b3a0,26.3,,,,,,,,,,,,,,,,,,,,,bfc3b3a0,26.3,,35,,,,,,,,,,,33,,,,bfc3b3a0,Hugo Bueno__Wolves
Santiago Bueno,uy URU,DF,Wolves,26,1998,29,28,2553,28.4,3,1,4,3,0,0,4,0,0.11,0.04,0.14,0.11,0.14,edc98fac,28.4,3,10,7,70.0,0.35,0.25,0.3,0.43,0,0,edc98fac,28.4,,,,,,,,,,,,,,,1,,,,,,edc98fac,28.4,,,,,,,,,,,,,,,,,,,,,edc98fac,28.4,,30,,,,,,,,,,,27,,,,edc98fac,Santiago Bueno__Wolves
Facundo Buonanotte,ar ARG,MF,Chelsea,20,2004,1,1,45,0.5,0,0,0,0,0,0,0,0,0.0,0.0,0.0,0.0,0.0,468a7a91,0.5,0,0,0,,0.0,0.0,,,0,0,468a7a91,0.5,,,,,,,,,,,,,,,0,,,,,,468a7a91,0.5,,,,,,,,,,,,,,,,,,,,,468a7a91,0.5,,0,,,,,,,,,,,0,,,,468a7a91,Facundo Buonanotte__Chelsea
Facundo Buonanotte,ar ARG,MF,Leeds United,20,2004,3,0,39,0.4,0,0,0,0,0,0,1,0,0.0,0.0,0.0,0.0,0.0,468a7a91,0.4,0,2,0,0.0,4.62,0.0,0.0,,0,0,468a7a91,0.4,,,,,,,,,,,,,,,0,,,,,,468a7a91,0.4,,,,,,,,,,,,,,,,,,,,,468a7a91,0.4,,0,,,,,,,,,,,1,,,,468a7a91,Facundo Buonanotte__Leeds United
Dan Burn,eng ENG,DF,Newcastle,33,1992,29,25,2199,24.4,1,2,3,1,0,0,11,1,0.04,0.08,0.12,0.04,0.12,b2d31e83,24.4,1,10,3,30.0,0.41,0.12,0.1,0.33,0,0,b2d31e83,24.4,,,,,,,,,,,,,,,2,,,,,,b2d31e83,24.4,,,,,,,,,,,,,,,,,,,,,b2d31e83,24.4,,26,,,,,,,,,,,20,,,,b2d31e83,Dan Burn__Newcastle
Bradley Burrowes,eng ENG,MF,Aston Villa,17,2008,1,0,17,0.2,0,0,0,0,0,0,0,0,0.0,0.0,0.0,0.0,0.0,802ee5ca,0.2,0,0,0,,0.0,0.0,,,0,0,802ee5ca,0.2,,,,,,,,,,,,,,,0,,,,,,802ee5ca,0.2,,,,,,,,,,,,,,,,,,,,,802ee5ca,0.2,,0,,,,,,,,,,,0,,,,802ee5ca,Bradley Burrowes__Aston Villa
Jun'ai Byfield,eng ENG,DF,Tottenham,16,2008,1,0,1,0.0,0,0,0,0,0,0,0,0,0.0,0.0,0.0,0.0,0.0,0312881b,0.0,0,0,0,,0.0,0.0,,,0,0,0312881b,0.0,,,,,,,,,,,,,,,0,,,,,,0312881b,0.0,,,,,,,,,,,,,,,,,,,,,0312881b,0.0,,0,,,,,,,,,,,0,,,,0312881b,Jun'ai Byfield__Tottenham
Sam Byram,eng ENG,DFMF,Leeds United,31,1993,2,0,9,0.1,0,0,0,0,0,0,0,0,0.0,0.0,0.0,0.0,0.0,1bf811d4,0.1,0,0,0,,0.0,0.0,,,0,0,1bf811d4,0.1,,,,,,,,,,,,,,,0,,,,,,1bf811d4,0.1,,,,,,,,,,,,,,,,,,,,,1bf811d4,0.1,,1,,,,,,,,,,,0,,,,1bf811d4,Sam Byram__Leeds United
Moisés Caicedo,ec ECU,MF,Chelsea,23,2001,33,32,2795,31.1,3,1,4,3,0,0,11,1,0.1,0.03,0.13,0.1,0.13,16264a81,31.1,3,27,7,25.9,0.87,0.23,0.11,0.43,0,0,16264a81,31.1,,,,,,,,,,,,,,,1,,,,,,16264a81,31.1,,,,,,,,,,,,,,,,,,,,,16264a81,31.1,,47,,,,,,,,,,,59,,,,16264a81,Moisés Caicedo__Chelsea
Tom Cairney,sct SCO,MF,Fulham,34,1991,24,6,775,8.6,2,0,2,2,0,0,3,0,0.23,0.0,0.23,0.23,0.23,a8748947,8.6,2,17,2,11.8,1.97,0.23,0.12,1.0,0,0,a8748947,8.6,,,,,,,,,,,,,,,0,,,,,,a8748947,8.6,,,,,,,,,,,,,,,,,,,,,a8748947,8.6,,4,,,,,,,,,,,4,,,,a8748947,Tom Cairney__Fulham
Riccardo Calafiori,it ITA,DF,Arsenal,23,2002,26,22,1699,18.9,1,2,3,1,0,0,5,0,0.05,0.11,0.16,0.05,0.16,aded8e6f,18.9,1,32,8,25.0,1.7,0.42,0.03,0.13,0,0,aded8e6f,18.9,,,,,,,,,,,,,,,2,,,,,,aded8e6f,18.9,,,,,,,,,,,,,,,,,,,,,aded8e6f,18.9,,19,,,,,,,,,,,13,,,,aded8e6f,Riccardo Calafiori__Arsenal
Dominic Calvert-Lewin,eng ENG,FW,Leeds United,28,1997,35,30,2721,30.2,14,1,15,10,4,5,3,0,0.46,0.03,0.5,0.33,0.36,59e6e5bf,30.2,14,73,34,46.6,2.41,1.12,0.19,0.41,4,5,59e6e5bf,30.2,,,,,,,,,,,,,,,1,,,,,,59e6e5bf,30.2,,,,,,,,,,,,,,,,,,,,,59e6e5bf,30.2,,4,,,,,,,,,,,5,,,,59e6e5bf,Dominic Calvert-Lewin__Leeds United
Jaydee Canvot,fr FRA,DF,Crystal Palace,19,2006,20,14,1336,14.8,0,0,0,0,0,0,3,0,0.0,0.0,0.0,0.0,0.0,3684108d,14.8,0,7,1,14.3,0.47,0.07,0.0,0.0,0,0,3684108d,14.8,,,,,,,,,,,,,,,0,,,,,,3684108d,14.8,,,,,,,,,,,,,,,,,,,,,3684108d,14.8,,22,,,,,,,,,,,12,,,,3684108d,Jaydee Canvot__Crystal Palace
Rio Cardines,tt TRI,MF,Crystal Palace,19,2006,1,1,90,1.0,0,0,0,0,0,0,0,0,0.0,0.0,0.0,0.0,0.0,702812fe,1.0,0,1,0,0.0,1.0,0.0,0.0,,0,0,702812fe,1.0,,,,,,,,,,,,,,,0,,,,,,702812fe,1.0,,,,,,,,,,,,,,,,,,,,,702812fe,1.0,,1,,,,,,,,,,,0,,,,702812fe,Rio Cardines__Crystal Palace
Fabio Carvalho,pt POR,MF,Brentford,22,2002,6,1,102,1.1,1,0,1,1,0,0,0,0,0.88,0.0,0.88,0.88,0.88,966e28d0,1.1,1,2,1,50.0,1.76,0.88,0.5,1.0,0,0,966e28d0,1.1,,,,,,,,,,,,,,,0,,,,,,966e28d0,1.1,,,,,,,,,,,,,,,,,,,,,966e28d0,1.1,,2,,,,,,,,,,,0,,,,966e28d0,Fabio Carvalho__Brentford
Casemiro,br BRA,MF,Manchester Utd,33,1992,34,33,2571,28.6,9,2,11,9,0,0,11,1,0.32,0.07,0.39,0.32,0.39,4d224fe8,28.6,9,52,18,34.6,1.82,0.63,0.17,0.5,0,0,4d224fe8,28.6,,,,,,,,,,,,,,,2,,,,,,4d224fe8,28.6,,,,,,,,,,,,,,,,,,,,,4d224fe8,28.6,,45,,,,,,,,,,,30,,,,4d224fe8,Casemiro__Manchester Utd
Matty Cash,pl POL,DF,Aston Villa,27,1997,35,34,3014,33.5,3,3,6,3,0,0,9,0,0.09,0.09,0.18,0.09,0.18,2389cdc2,33.5,3,30,10,33.3,0.9,0.3,0.1,0.3,0,0,2389cdc2,33.5,,,,,,,,,,,,,,,3,,,,,,2389cdc2,33.5,,,,,,,,,,,,,,,,,,,,,2389cdc2,33.5,,32,,,,,,,,,,,24,,,,2389cdc2,Matty Cash__Aston Villa
Timothy Castagne,be BEL,DFMF,Fulham,29,1995,30,20,1845,20.5,0,0,0,0,0,0,4,0,0.0,0.0,0.0,0.0,0.0,197640fd,20.5,0,14,6,42.9,0.68,0.29,0.0,0.0,0,0,197640fd,20.5,,,,,,,,,,,,,,,0,,,,,,197640fd,20.5,,,,,,,,,,,,,,,,,,,,,197640fd,20.5,,24,,,,,,,,,,,28,,,,197640fd,Timothy Castagne__Fulham
Valentín Castellanos,ar ARG,FW,West Ham,26,1998,18,17,1384,15.4,6,0,6,6,0,0,6,0,0.39,0.0,0.39,0.39,0.39,da76bab4,15.4,6,50,22,44.0,3.25,1.43,0.12,0.27,0,0,da76bab4,15.4,,,,,,,,,,,,,,,0,,,,,,da76bab4,15.4,,,,,,,,,,,,,,,,,,,,,da76bab4,15.4,,9,,,,,,,,,,,6,,,,da76bab4,Valentín Castellanos__West Ham
Trevoh Chalobah,eng ENG,DF,Chelsea,26,1999,34,31,2783,30.9,3,0,3,3,0,0,3,1,0.1,0.0,0.1,0.1,0.1,5515376c,30.9,3,16,5,31.3,0.52,0.16,0.19,0.6,0,0,5515376c,30.9,,,,,,,,,,,,,,,0,,,,,,5515376c,30.9,,,,,,,,,,,,,,,,,,,,,5515376c,30.9,,22,,,,,,,,,,,37,,,,5515376c,Trevoh Chalobah__Chelsea
Rayan Cherki,fr FRA,MF,Manchester City,21,2003,33,19,1786,19.8,4,12,16,4,0,0,1,0,0.2,0.6,0.81,0.2,0.81,b34c63a5,19.8,4,55,13,23.6,2.77,0.66,0.07,0.31,0,0,b34c63a5,19.8,,,,,,,,,,,,,,,12,,,,,,b34c63a5,19.8,,,,,,,,,,,,,,,,,,,,,b34c63a5,19.8,,16,,,,,,,,,,,7,,,,b34c63a5,Rayan Cherki__Manchester City
Federico Chiesa,it ITA,MF,Liverpool,27,1997,26,1,339,3.8,2,1,3,2,0,0,3,0,0.53,0.27,0.8,0.53,0.8,b0f7e36c,3.8,2,17,5,29.4,4.51,1.33,0.12,0.4,0,0,b0f7e36c,3.8,,,,,,,,,,,,,,,1,,,,,,b0f7e36c,3.8,,,,,,,,,,,,,,,,,,,,,b0f7e36c,3.8,,5,,,,,,,,,,,4,,,,b0f7e36c,Federico Chiesa__Liverpool
Tawanda Chirewa,zw ZIM,MF,Wolves,21,2003,2,0,27,0.3,0,0,0,0,0,0,0,0,0.0,0.0,0.0,0.0,0.0,34721c11,0.3,0,0,0,,0.0,0.0,,,0,0,34721c11,0.3,,,,,,,,,,,,,,,0,,,,,,34721c11,0.3,,,,,,,,,,,,,,,,,,,,,34721c11,0.3,,0,,,,,,,,,,,0,,,,34721c11,Tawanda Chirewa__Wolves
Ryan Christie,sct SCO,MF,Bournemouth,30,1995,26,9,994,11.0,2,0,2,2,0,0,3,1,0.18,0.0,0.18,0.18,0.18,26ce2263,11.0,2,25,8,32.0,2.26,0.72,0.08,0.25,0,0,26ce2263,11.0,,,,,,,,,,,,,,,0,,,,,,26ce2263,11.0,,,,,,,,,,,,,,,,,,,,,26ce2263,11.0,,20,,,,,,,,,,,11,,,,26ce2263,Ryan Christie__Bournemouth
Samuel Chukwueze,ng NGA,MF,Fulham,26,1999,23,10,1079,12.0,3,4,7,3,0,0,0,0,0.25,0.33,0.58,0.25,0.58,b8a642fc,12.0,3,25,7,28.0,2.09,0.58,0.12,0.43,0,0,b8a642fc,12.0,,,,,,,,,,,,,,,4,,,,,,b8a642fc,12.0,,,,,,,,,,,,,,,,,,,,,b8a642fc,12.0,,4,,,,,,,,,,,6,,,,b8a642fc,Samuel Chukwueze__Fulham
Dennis Cirkin,lv LVA,DF,Sunderland,23,2002,8,3,323,3.6,0,0,0,0,0,0,2,0,0.0,0.0,0.0,0.0,0.0,307ea3b6,3.6,0,1,0,0.0,0.28,0.0,0.0,,0,0,307ea3b6,3.6,,,,,,,,,,,,,,,0,,,,,,307ea3b6,3.6,,,,,,,,,,,,,,,,,,,,,307ea3b6,3.6,,5,,,,,,,,,,,5,,,,307ea3b6,Dennis Cirkin__Sunderland
Nathaniel Clyne,eng ENG,MFDF,Crystal Palace,34,1991,10,7,594,6.6,0,1,1,0,0,0,1,0,0.0,0.15,0.15,0.0,0.15,0442183b,6.6,0,3,0,0.0,0.45,0.0,0.0,,0,0,0442183b,6.6,,,,,,,,,,,,,,,1,,,,,,0442183b,6.6,,,,,,,,,,,,,,,,,,,,,0442183b,6.6,,9,,,,,,,,,,,7,,,,0442183b,Nathaniel Clyne__Crystal Palace
Séamus Coleman,ie IRL,DF,Everton,36,1988,5,1,21,0.2,0,0,0,0,0,0,0,0,0.0,0.0,0.0,0.0,0.0,0420d84f,0.2,0,0,0,,0.0,0.0,,,0,0,0420d84f,0.2,,,,,,,,,,,,,,,0,,,,,,0420d84f,0.2,,,,,,,,,,,,,,,,,,,,,0420d84f,0.2,,0,,,,,,,,,,,0,,,,0420d84f,Séamus Coleman__Everton
Nathan Collins,ie IRL,DF,Brentford,24,2001,35,32,2975,33.1,1,2,3,1,0,0,7,0,0.03,0.06,0.09,0.03,0.09,a8c19eb8,33.1,1,20,6,30.0,0.61,0.18,0.05,0.17,0,0,a8c19eb8,33.1,,,,,,,,,,,,,,,2,,,,,,a8c19eb8,33.1,,,,,,,,,,,,,,,,,,,,,a8c19eb8,33.1,,13,,,,,,,,,,,36,,,,a8c19eb8,Nathan Collins__Brentford
Levi Colwill,eng ENG,DF,Chelsea,22,2003,3,2,225,2.5,0,0,0,0,0,0,0,0,0.0,0.0,0.0,0.0,0.0,700783e7,2.5,0,0,0,,0.0,0.0,,,0,0,700783e7,2.5,,,,,,,,,,,,,,,0,,,,,,700783e7,2.5,,,,,,,,,,,,,,,,,,,,,700783e7,2.5,,2,,,,,,,,,,,5,,,,700783e7,Levi Colwill__Chelsea
Lewis Cook,eng ENG,MFDF,Bournemouth,28,1997,18,8,874,9.7,0,1,1,0,0,0,1,1,0.0,0.1,0.1,0.0,0.1,2afc7272,9.7,0,3,0,0.0,0.31,0.0,0.0,,0,0,2afc7272,9.7,,,,,,,,,,,,,,,1,,,,,,2afc7272,9.7,,,,,,,,,,,,,,,,,,,,,2afc7272,9.7,,17,,,,,,,,,,,21,,,,2afc7272,Lewis Cook__Bournemouth
Diego Coppola,it ITA,DF,Brighton,21,2003,5,2,194,2.2,0,0,0,0,0,0,2,0,0.0,0.0,0.0,0.0,0.0,22ae86f9,2.2,0,0,0,,0.0,0.0,,,0,0,22ae86f9,2.2,,,,,,,,,,,,,,,0,,,,,,22ae86f9,2.2,,,,,,,,,,,,,,,,,,,,,22ae86f9,2.2,,2,,,,,,,,,,,1,,,,22ae86f9,Diego Coppola__Brighton
Marc Cucurella,es ESP,DF,Chelsea,27,1998,34,31,2707,30.1,1,4,5,1,0,0,8,1,0.03,0.13,0.17,0.03,0.17,1daec722,30.1,1,20,6,30.0,0.66,0.2,0.05,0.17,0,0,1daec722,30.1,,,,,,,,,,,,,,,4,,,,,,1daec722,30.1,,,,,,,,,,,,,,,,,,,,,1daec722,30.1,,40,,,,,,,,,,,28,,,,1daec722,Marc Cucurella__Chelsea
Jorge Cuenca,es ESP,DF,Fulham,25,1999,15,11,938,10.4,0,0,0,0,0,0,6,0,0.0,0.0,0.0,0.0,0.0,0abc51f2,10.4,0,1,0,0.0,0.1,0.0,0.0,,0,0,0abc51f2,10.4,,,,,,,,,,,,,,,0,,,,,,0abc51f2,10.4,,,,,,,,,,,,,,,,,,,,,0abc51f2,10.4,,10,,,,,,,,,,,15,,,,0abc51f2,Jorge Cuenca__Fulham
Josh Cullen,ie IRL,MF,Burnley,29,1996,18,18,1514,16.8,2,2,4,2,0,0,2,0,0.12,0.12,0.24,0.12,0.24,f6d7d690,16.8,2,11,6,54.5,0.65,0.36,0.18,0.33,0,0,f6d7d690,16.8,,,,,,,,,,,,,,,2,,,,,,f6d7d690,16.8,,,,,,,,,,,,,,,,,,,,,f6d7d690,16.8,,19,,,,,,,,,,,24,,,,f6d7d690,Josh Cullen__Burnley
Jair Cunha,br BRA,DF,Nottingham,20,2005,9,6,517,5.7,0,0,0,0,0,0,0,0,0.0,0.0,0.0,0.0,0.0,ac31d35e,5.7,0,3,1,33.3,0.52,0.17,0.0,0.0,0,0,ac31d35e,5.7,,,,,,,,,,,,,,,0,,,,,,ac31d35e,5.7,,,,,,,,,,,,,,,,,,,,,ac31d35e,5.7,,5,,,,,,,,,,,5,,,,ac31d35e,Jair Cunha__Nottingham
Matheus Cunha,br BRA,MFFW,Manchester Utd,26,1999,33,29,2494,27.7,10,2,12,10,0,0,4,0,0.36,0.07,0.43,0.36,0.43,dc62b55d,27.7,10,90,35,38.9,3.25,1.26,0.11,0.29,0,0,dc62b55d,27.7,,,,,,,,,,,,,,,2,,,,,,dc62b55d,27.7,,,,,,,,,,,,,,,,,,,,,dc62b55d,27.7,,23,,,,,,,,,,,21,,,,dc62b55d,Matheus Cunha__Manchester Utd
Diogo Dalot,pt POR,DFMF,Manchester Utd,26,1999,34,29,2614,29.0,1,3,4,1,0,0,5,0,0.03,0.1,0.14,0.03,0.14,d9565625,29.0,1,24,6,25.0,0.83,0.21,0.04,0.17,0,0,d9565625,29.0,,,,,,,,,,,,,,,3,,,,,,d9565625,29.0,,,,,,,,,,,,,,,,,,,,,d9565625,29.0,,30,,,,,,,,,,,26,,,,d9565625,Diogo Dalot__Manchester Utd
Mikkel Damsgaard,dk DEN,MF,Brentford,25,2000,33,24,2054,22.8,4,4,8,4,0,0,0,0,0.18,0.18,0.35,0.18,0.35,215f3907,22.8,4,29,11,37.9,1.27,0.48,0.14,0.36,0,0,215f3907,22.8,,,,,,,,,,,,,,,4,,,,,,215f3907,22.8,,,,,,,,,,,,,,,,,,,,,215f3907,22.8,,34,,,,,,,,,,,24,,,,215f3907,Mikkel Damsgaard__Brentford
Kevin Danso,at AUT,DF,Tottenham,26,1998,24,17,1494,16.6,0,0,0,0,0,0,8,0,0.0,0.0,0.0,0.0,0.0,6e33125f,16.6,0,11,2,18.2,0.66,0.12,0.0,0.0,0,0,6e33125f,16.6,,,,,,,,,,,,,,,0,,,,,,6e33125f,16.6,,,,,,,,,,,,,,,,,,,,,6e33125f,16.6,,13,,,,,,,,,,,25,,,,6e33125f,Kevin Danso__Tottenham
Karl Darlow,wls WAL,GK,Leeds United,34,1990,22,22,1980,22.0,0,0,0,0,0,0,1,0,0.0,0.0,0.0,0.0,0.0,cde3309f,22.0,0,0,0,,0.0,0.0,,,0,0,cde3309f,22.0,,,,,,,,,,,,,,,0,,,,,,cde3309f,22.0,,,,,,,,,,,,,,,,,,,,,cde3309f,22.0,,0,,,,,,,,,,,0,,,,cde3309f,Karl Darlow__Leeds United
Josh Dasilva,eng ENG,MF,Brentford,26,1998,2,0,3,0.0,0,0,0,0,0,0,0,0,0.0,0.0,0.0,0.0,0.0,60344e4f,0.0,0,1,0,0.0,30.0,0.0,0.0,,0,0,60344e4f,0.0,,,,,,,,,,,,,,,0,,,,,,60344e4f,0.0,,,,,,,,,,,,,,,,,,,,,60344e4f,0.0,,0,,,,,,,,,,,0,,,,60344e4f,Josh Dasilva__Brentford
Ben Davies,wls WAL,DF,Tottenham,32,1993,3,2,137,1.5,1,0,1,1,0,0,1,0,0.66,0.0,0.66,0.66,0.66,44781702,1.5,1,2,2,100.0,1.31,1.31,0.5,0.5,0,0,44781702,1.5,,,,,,,,,,,,,,,0,,,,,,44781702,1.5,,,,,,,,,,,,,,,,,,,,,44781702,1.5,,4,,,,,,,,,,,1,,,,44781702,Ben Davies__Tottenham
Maxim De Cuyper,be BEL,DFMF,Brighton,24,2000,30,17,1414,15.7,2,3,5,2,0,0,2,0,0.13,0.19,0.32,0.13,0.32,d494882e,15.7,2,13,6,46.2,0.83,0.38,0.15,0.33,0,0,d494882e,15.7,,,,,,,,,,,,,,,3,,,,,,d494882e,15.7,,,,,,,,,,,,,,,,,,,,,d494882e,15.7,,10,,,,,,,,,,,11,,,,d494882e,Maxim De Cuyper__Brighton
Liam Delap,eng ENG,FW,Chelsea,22,2003,28,12,1107,12.3,1,0,1,1,0,0,4,0,0.08,0.0,0.08,0.08,0.08,dd897ee7,12.3,1,36,11,30.6,2.93,0.89,0.03,0.09,0,0,dd897ee7,12.3,,,,,,,,,,,,,,,0,,,,,,dd897ee7,12.3,,,,,,,,,,,,,,,,,,,,,dd897ee7,12.3,,3,,,,,,,,,,,1,,,,dd897ee7,Liam Delap__Chelsea
Sepp van den Berg,nl NED,DF,Brentford,23,2001,32,30,2763,30.7,0,2,2,0,0,0,2,0,0.0,0.07,0.07,0.0,0.07,7bf9400b,30.7,0,23,7,30.4,0.75,0.23,0.0,0.0,0,0,7bf9400b,30.7,,,,,,,,,,,,,,,2,,,,,,7bf9400b,30.7,,,,,,,,,,,,,,,,,,,,,7bf9400b,30.7,,9,,,,,,,,,,,26,,,,7bf9400b,Sepp van den Berg__Brentford
Jesse Derry,eng ENG,MF,Chelsea,18,2007,1,1,44,0.5,0,0,0,0,0,0,0,0,0.0,0.0,0.0,0.0,0.0,bbfe0e5d,0.5,0,2,1,50.0,4.09,2.05,0.0,0.0,0,0,bbfe0e5d,0.5,,,,,,,,,,,,,,,0,,,,,,bbfe0e5d,0.5,,,,,,,,,,,,,,,,,,,,,bbfe0e5d,0.5,,1,,,,,,,,,,,0,,,,bbfe0e5d,Jesse Derry__Chelsea
Justin Devenny,nir NIR,MFFW,Crystal Palace,21,2003,21,7,796,8.8,1,0,1,0,1,1,0,0,0.11,0.0,0.11,0.0,0.0,6c2b66fc,8.8,1,13,4,30.8,1.47,0.45,0.08,0.25,1,1,6c2b66fc,8.8,,,,,,,,,,,,,,,0,,,,,,6c2b66fc,8.8,,,,,,,,,,,,,,,,,,,,,6c2b66fc,8.8,,11,,,,,,,,,,,1,,,,6c2b66fc,Justin Devenny__Crystal Palace
Kiernan Dewsbury-Hall,eng ENG,MF,Everton,26,1998,31,30,2626,29.2,8,4,12,8,0,0,6,0,0.27,0.14,0.41,0.27,0.41,5c74c0f5,29.2,8,39,15,38.5,1.34,0.51,0.21,0.53,0,0,5c74c0f5,29.2,,,,,,,,,,,,,,,4,,,,,,5c74c0f5,29.2,,,,,,,,,,,,,,,,,,,,,5c74c0f5,29.2,,26,,,,,,,,,,,14,,,,5c74c0f5,Kiernan Dewsbury-Hall__Everton
Bafodé Diakité,fr FRA,DF,Bournemouth,24,2001,18,15,1277,14.2,0,0,0,0,0,0,1,0,0.0,0.0,0.0,0.0,0.0,1bfb6fef,14.2,0,1,0,0.0,0.07,0.0,0.0,,0,0,1bfb6fef,14.2,,,,,,,,,,,,,,,0,,,,,,1bfb6fef,14.2,,,,,,,,,,,,,,,,,,,,,1bfb6fef,14.2,,15,,,,,,,,,,,10,,,,1bfb6fef,Bafodé Diakité__Bournemouth
Amad Diallo,ci CIV,MF,Manchester Utd,23,2002,32,27,2341,26.0,2,3,5,2,0,0,2,0,0.08,0.12,0.19,0.08,0.19,9dc96f10,26.0,2,53,23,43.4,2.04,0.88,0.04,0.09,0,0,9dc96f10,26.0,,,,,,,,,,,,,,,3,,,,,,9dc96f10,26.0,,,,,,,,,,,,,,,,,,,,,9dc96f10,26.0,,23,,,,,,,,,,,15,,,,9dc96f10,Amad Diallo__Manchester Utd
Habib Diarra,sn SEN,MF,Sunderland,21,2004,20,15,1405,15.6,2,2,4,1,1,1,6,0,0.13,0.13,0.26,0.06,0.19,6d0fe035,15.6,2,26,8,30.8,1.67,0.51,0.08,0.25,1,1,6d0fe035,15.6,,,,,,,,,,,,,,,2,,,,,,6d0fe035,15.6,,,,,,,,,,,,,,,,,,,,,6d0fe035,15.6,,7,,,,,,,,,,,4,,,,6d0fe035,Habib Diarra__Sunderland
Rúben Dias,pt POR,DF,Manchester City,28,1997,26,24,2141,23.8,2,0,2,2,0,0,3,0,0.08,0.0,0.08,0.08,0.08,31c69ef1,23.8,2,10,4,40.0,0.42,0.17,0.2,0.5,0,0,31c69ef1,23.8,,,,,,,,,,,,,,,0,,,,,,31c69ef1,23.8,,,,,,,,,,,,,,,,,,,,,31c69ef1,23.8,,6,,,,,,,,,,,23,,,,31c69ef1,Rúben Dias__Manchester City
Tyler Dibling,eng ENG,MF,Everton,19,2006,14,4,358,4.0,0,0,0,0,0,0,2,0,0.0,0.0,0.0,0.0,0.0,bdcc89ae,4.0,0,4,0,0.0,1.01,0.0,0.0,,0,0,bdcc89ae,4.0,,,,,,,,,,,,,,,0,,,,,,bdcc89ae,4.0,,,,,,,,,,,,,,,,,,,,,bdcc89ae,4.0,,3,,,,,,,,,,,6,,,,bdcc89ae,Tyler Dibling__Everton
Lucas Digne,fr FRA,DF,Aston Villa,32,1993,31,21,1852,20.6,0,6,6,0,0,0,3,0,0.0,0.29,0.29,0.0,0.29,1b84dbe1,20.6,0,14,5,35.7,0.68,0.24,0.0,0.0,0,0,1b84dbe1,20.6,,,,,,,,,,,,,,,6,,,,,,1b84dbe1,20.6,,,,,,,,,,,,,,,,,,,,,1b84dbe1,20.6,,26,,,,,,,,,,,13,,,,1b84dbe1,Lucas Digne__Aston Villa
Issa Diop,ma MAR,DF,Fulham,28,1997,13,8,816,9.1,1,0,1,1,0,0,2,0,0.11,0.0,0.11,0.11,0.11,a712ca2b,9.1,1,2,1,50.0,0.22,0.11,0.5,1.0,0,0,a712ca2b,9.1,,,,,,,,,,,,,,,0,,,,,,a712ca2b,9.1,,,,,,,,,,,,,,,,,,,,,a712ca2b,9.1,,2,,,,,,,,,,,6,,,,a712ca2b,Issa Diop__Fulham
El Hadji Malick Diouf,sn SEN,DFMF,West Ham,20,2004,32,30,2707,30.1,0,5,5,0,0,0,6,0,0.0,0.17,0.17,0.0,0.17,bd5eb2e5,30.1,0,18,4,22.2,0.6,0.13,0.0,0.0,0,0,bd5eb2e5,30.1,,,,,,,,,,,,,,,5,,,,,,bd5eb2e5,30.1,,,,,,,,,,,,,,,,,,,,,bd5eb2e5,30.1,,19,,,,,,,,,,,32,,,,bd5eb2e5,El Hadji Malick Diouf__West Ham
Axel Disasi,fr FRA,DF,West Ham,27,1998,14,14,1254,13.9,0,0,0,0,0,0,1,0,0.0,0.0,0.0,0.0,0.0,ad82197c,13.9,0,5,3,60.0,0.36,0.22,0.0,0.0,0,0,ad82197c,13.9,,,,,,,,,,,,,,,0,,,,,,ad82197c,13.9,,,,,,,,,,,,,,,,,,,,,ad82197c,13.9,,10,,,,,,,,,,,12,,,,ad82197c,Axel Disasi__West Ham
Matt Doherty,ie IRL,DFMF,Wolves,33,1992,11,11,787,8.7,0,0,0,0,0,0,4,0,0.0,0.0,0.0,0.0,0.0,d557d734,8.7,0,3,0,0.0,0.34,0.0,0.0,,0,0,d557d734,8.7,,,,,,,,,,,,,,,0,,,,,,d557d734,8.7,,,,,,,,,,,,,,,,,,,,,d557d734,8.7,,8,,,,,,,,,,,7,,,,d557d734,Matt Doherty__Wolves
Jeremy Doku,be BEL,MFFW,Manchester City,23,2002,30,19,1784,19.8,5,5,10,5,0,0,0,0,0.25,0.25,0.5,0.25,0.5,fffea3e5,19.8,5,39,15,38.5,1.97,0.76,0.13,0.33,0,0,fffea3e5,19.8,,,,,,,,,,,,,,,5,,,,,,fffea3e5,19.8,,,,,,,,,,,,,,,,,,,,,fffea3e5,19.8,,16,,,,,,,,,,,12,,,,fffea3e5,Jeremy Doku__Manchester City
Nicolás Domínguez,ar ARG,MF,Nottingham,27,1998,27,17,1175,13.1,1,1,2,1,0,0,3,0,0.08,0.08,0.15,0.08,0.15,20b3a502,13.1,1,18,5,27.8,1.38,0.38,0.06,0.2,0,0,20b3a502,13.1,,,,,,,,,,,,,,,1,,,,,,20b3a502,13.1,,,,,,,,,,,,,,,,,,,,,20b3a502,13.1,,30,,,,,,,,,,,6,,,,20b3a502,Nicolás Domínguez__Nottingham
Gianluigi Donnarumma,it ITA,GK,Manchester City,26,1999,34,34,3060,34.0,0,0,0,0,0,0,8,0,0.0,0.0,0.0,0.0,0.0,08f5afaa,34.0,0,0,0,,0.0,0.0,,,0,0,08f5afaa,34.0,,,,,,,,,,,,,,,0,,,,,,08f5afaa,34.0,,,,,,,,,,,,,,,,,,,,,08f5afaa,34.0,,0,,,,,,,,,,,1,,,,08f5afaa,Gianluigi Donnarumma__Manchester City
Romelle Donovan,eng ENG,FW,Brentford,18,2006,4,0,41,0.5,0,0,0,0,0,0,0,0,0.0,0.0,0.0,0.0,0.0,519db366,0.5,0,3,1,33.3,6.59,2.2,0.0,0.0,0,0,519db366,0.5,,,,,,,,,,,,,,,0,,,,,,519db366,0.5,,,,,,,,,,,,,,,,,,,,,519db366,0.5,,0,,,,,,,,,,,0,,,,519db366,Romelle Donovan__Brentford
Patrick Dorgu,dk DEN,MF,Manchester Utd,20,2004,26,15,1449,16.1,4,4,8,4,0,0,5,0,0.25,0.25,0.5,0.25,0.5,e6536124,16.1,4,25,11,44.0,1.55,0.68,0.16,0.36,0,0,e6536124,16.1,,,,,,,,,,,,,,,4,,,,,,e6536124,16.1,,,,,,,,,,,,,,,,,,,,,e6536124,16.1,,30,,,,,,,,,,,16,,,,e6536124,Patrick Dorgu__Manchester Utd
Max Dowman,eng ENG,MF,Arsenal,15,2009,6,1,157,1.7,1,0,1,1,0,0,0,0,0.57,0.0,0.57,0.57,0.57,9008bb70,1.7,1,6,1,16.7,3.44,0.57,0.17,1.0,0,0,9008bb70,1.7,,,,,,,,,,,,,,,0,,,,,,9008bb70,1.7,,,,,,,,,,,,,,,,,,,,,9008bb70,1.7,,2,,,,,,,,,,,1,,,,9008bb70,Max Dowman__Arsenal
Radu Drăgușin,ro ROU,DF,Tottenham,23,2002,10,5,517,5.7,0,0,0,0,0,0,0,0,0.0,0.0,0.0,0.0,0.0,620922ed,5.7,0,4,0,0.0,0.7,0.0,0.0,,0,0,620922ed,5.7,,,,,,,,,,,,,,,0,,,,,,620922ed,5.7,,,,,,,,,,,,,,,,,,,,,620922ed,5.7,,3,,,,,,,,,,,16,,,,620922ed,Radu Drăgușin__Tottenham
Joél Drakes-Thomas,eng ENG,MF,Crystal Palace,16,2009,2,0,9,0.1,0,0,0,0,0,0,0,0,0.0,0.0,0.0,0.0,0.0,1bd530e8,0.1,0,0,0,,0.0,0.0,,,0,0,1bd530e8,0.1,,,,,,,,,,,,,,,0,,,,,,1bd530e8,0.1,,,,,,,,,,,,,,,,,,,,,1bd530e8,0.1,,1,,,,,,,,,,,0,,,,1bd530e8,Joél Drakes-Thomas__Crystal Palace
Martin Dúbravka,sk SVK,GK,Burnley,36,1989,35,35,3150,35.0,0,0,0,0,0,0,1,0,0.0,0.0,0.0,0.0,0.0,3a949a25,35.0,0,0,0,,0.0,0.0,,,0,0,3a949a25,35.0,,,,,,,,,,,,,,,0,,,,,,3a949a25,35.0,,,,,,,,,,,,,,,,,,,,,3a949a25,35.0,,1,,,,,,,,,,,0,,,,3a949a25,Martin Dúbravka__Burnley
Lewis Dunk,eng ENG,DF,Brighton,33,1991,33,31,2838,31.5,1,0,1,1,0,0,10,0,0.03,0.0,0.03,0.03,0.03,282f75f3,31.5,1,23,3,13.0,0.73,0.1,0.04,0.33,0,0,282f75f3,31.5,,,,,,,,,,,,,,,0,,,,,,282f75f3,31.5,,,,,,,,,,,,,,,,,,,,,282f75f3,31.5,,22,,,,,,,,,,,30,,,,282f75f3,Lewis Dunk__Brighton
George Earthy,eng ENG,MF,West Ham,20,2004,1,0,9,0.1,0,0,0,0,0,0,0,0,0.0,0.0,0.0,0.0,0.0,123d2733,0.1,0,0,0,,0.0,0.0,,,0,0,123d2733,0.1,,,,,,,,,,,,,,,0,,,,,,123d2733,0.1,,,,,,,,,,,,,,,,,,,,,123d2733,0.1,,0,,,,,,,,,,,0,,,,123d2733,George Earthy__West Ham
Odsonne Édouard,fr FRA,FW,Crystal Palace,27,1998,1,0,3,0.0,0,0,0,0,0,0,0,0,0.0,0.0,0.0,0.0,0.0,0562b7f1,0.0,0,0,0,,0.0,0.0,,,0,0,0562b7f1,0.0,,,,,,,,,,,,,,,0,,,,,,0562b7f1,0.0,,,,,,,,,,,,,,,,,,,,,0562b7f1,0.0,,1,,,,,,,,,,,0,,,,0562b7f1,Odsonne Édouard__Crystal Palace
Tom Edozie,eng ENG,MF,Wolves,19,2006,3,0,14,0.2,1,0,1,1,0,0,0,0,6.43,0.0,6.43,6.43,6.43,3354ea94,0.2,1,2,1,50.0,12.86,6.43,0.5,1.0,0,0,3354ea94,0.2,,,,,,,,,,,,,,,0,,,,,,3354ea94,0.2,,,,,,,,,,,,,,,,,,,,,3354ea94,0.2,,0,,,,,,,,,,,0,,,,3354ea94,Tom Edozie__Wolves
Marcus Edwards,eng ENG,MFFW,Burnley,26,1998,23,11,1067,11.9,1,3,4,1,0,0,0,0,0.08,0.25,0.34,0.08,0.34,57760e66,11.9,1,23,6,26.1,1.94,0.51,0.04,0.17,0,0,57760e66,11.9,,,,,,,,,,,,,,,3,,,,,,57760e66,11.9,,,,,,,,,,,,,,,,,,,,,57760e66,11.9,,6,,,,,,,,,,,3,,,,57760e66,Marcus Edwards__Burnley
Hjalmar Ekdal,se SWE,DF,Burnley,26,1998,19,17,1539,17.1,0,0,0,0,0,0,0,0,0.0,0.0,0.0,0.0,0.0,3d554589,17.1,0,6,1,16.7,0.35,0.06,0.0,0.0,0,0,3d554589,17.1,,,,,,,,,,,,,,,0,,,,,,3d554589,17.1,,,,,,,,,,,,,,,,,,,,,3d554589,17.1,,17,,,,,,,,,,,12,,,,3d554589,Hjalmar Ekdal__Burnley
Hugo Ekitike,fr FRA,FW,Liverpool,23,2002,28,21,1803,20.0,11,4,15,11,0,0,0,0,0.55,0.2,0.75,0.55,0.75,5b92d896,20.0,11,65,19,29.2,3.24,0.95,0.17,0.58,0,0,5b92d896,20.0,,,,,,,,,,,,,,,4,,,,,,5b92d896,20.0,,,,,,,,,,,,,,,,,,,,,5b92d896,20.0,,7,,,,,,,,,,,4,,,,5b92d896,Hugo Ekitike__Liverpool
Anthony Elanga,se SWE,FWMF,Newcastle,23,2002,32,14,1319,14.7,0,1,1,0,0,0,0,0,0.0,0.07,0.07,0.0,0.07,2fba6108,14.7,0,17,4,23.5,1.16,0.27,0.0,0.0,0,0,2fba6108,14.7,,,,,,,,,,,,,,,1,,,,,,2fba6108,14.7,,,,,,,,,,,,,,,,,,,,,2fba6108,14.7,,11,,,,,,,,,,,3,,,,2fba6108,Anthony Elanga__Newcastle
Melker Ellborg,se SWE,GK,Sunderland,22,2003,3,3,270,3.0,0,0,0,0,0,0,0,0,0.0,0.0,0.0,0.0,0.0,013d348e,3.0,0,0,0,,0.0,0.0,,,0,0,013d348e,3.0,,,,,,,,,,,,,,,0,,,,,,013d348e,3.0,,,,,,,,,,,,,,,,,,,,,013d348e,3.0,,0,,,,,,,,,,,0,,,,013d348e,Melker Ellborg__Sunderland
Harvey Elliott,eng ENG,MF,Aston Villa,22,2003,4,1,112,1.2,0,0,0,0,0,0,0,0,0.0,0.0,0.0,0.0,0.0,b9e1436c,1.2,0,5,0,0.0,4.02,0.0,0.0,,0,0,b9e1436c,1.2,,,,,,,,,,,,,,,0,,,,,,b9e1436c,1.2,,,,,,,,,,,,,,,,,,,,,b9e1436c,1.2,,0,,,,,,,,,,,0,,,,b9e1436c,Harvey Elliott__Aston Villa
Harvey Elliott,eng ENG,FWMF,Liverpool,22,2003,1,0,1,0.0,0,0,0,0,0,0,0,0,0.0,0.0,0.0,0.0,0.0,b9e1436c,0.0,0,0,0,,0.0,0.0,,,0,0,b9e1436c,0.0,,,,,,,,,,,,,,,0,,,,,,b9e1436c,0.0,,,,,,,,,,,,,,,,,,,,,b9e1436c,0.0,,0,,,,,,,,,,,0,,,,b9e1436c,Harvey Elliott__Liverpool
Wataru Endo,jp JPN,DF,Liverpool,32,1993,8,1,175,1.9,0,1,1,0,0,0,1,0,0.0,0.51,0.51,0.0,0.51,c149016b,1.9,0,1,0,0.0,0.51,0.0,0.0,,0,0,c149016b,1.9,,,,,,,,,,,,,,,1,,,,,,c149016b,1.9,,,,,,,,,,,,,,,,,,,,,c149016b,1.9,,3,,,,,,,,,,,0,,,,c149016b,Wataru Endo__Liverpool
Romain Esse,eng ENG,MF,Crystal Palace,20,2005,4,0,44,0.5,0,0,0,0,0,0,0,0,0.0,0.0,0.0,0.0,0.0,87189f25,0.5,0,0,0,,0.0,0.0,,,0,0,87189f25,0.5,,,,,,,,,,,,,,,0,,,,,,87189f25,0.5,,,,,,,,,,,,,,,,,,,,,87189f25,0.5,,1,,,,,,,,,,,0,,,,87189f25,Romain Esse__Crystal Palace
Dario Essugo,pt POR,MF,Chelsea,20,2005,3,0,30,0.3,0,0,0,0,0,0,2,0,0.0,0.0,0.0,0.0,0.0,1e4319ac,0.3,0,0,0,,0.0,0.0,,,0,0,1e4319ac,0.3,,,,,,,,,,,,,,,0,,,,,,1e4319ac,0.3,,,,,,,,,,,,,,,,,,,,,1e4319ac,0.3,,3,,,,,,,,,,,0,,,,1e4319ac,Dario Essugo__Chelsea
Maxime Estève,fr FRA,DF,Burnley,23,2002,34,34,2932,32.6,0,0,0,0,0,0,1,0,0.0,0.0,0.0,0.0,0.0,1a066e69,32.6,0,10,1,10.0,0.31,0.03,0.0,0.0,0,0,1a066e69,32.6,,,,,,,,,,,,,,,0,,,,,,1a066e69,32.6,,,,,,,,,,,,,,,,,,,,,1a066e69,32.6,,27,,,,,,,,,,,37,,,,1a066e69,Maxime Estève__Burnley
Evanilson,br BRA,FW,Bournemouth,25,1999,36,32,2742,30.5,6,1,7,6,0,0,2,0,0.2,0.03,0.23,0.2,0.23,6f3cc2fe,30.5,6,72,23,31.9,2.36,0.75,0.08,0.26,0,0,6f3cc2fe,30.5,,,,,,,,,,,,,,,1,,,,,,6f3cc2fe,30.5,,,,,,,,,,,,,,,,,,,,,6f3cc2fe,30.5,,5,,,,,,,,,,,6,,,,6f3cc2fe,Evanilson__Bournemouth
Eberechi Eze,eng ENG,MF,Crystal Palace,27,1998,1,1,83,0.9,0,0,0,0,0,0,0,0,0.0,0.0,0.0,0.0,0.0,ae4fc6a4,0.9,0,6,2,33.3,6.51,2.17,0.0,0.0,0,0,ae4fc6a4,0.9,,,,,,,,,,,,,,,0,,,,,,ae4fc6a4,0.9,,,,,,,,,,,,,,,,,,,,,ae4fc6a4,0.9,,1,,,,,,,,,,,0,,,,ae4fc6a4,Eberechi Eze__Crystal Palace
Eberechi Eze,eng ENG,MFFW,Arsenal,27,1998,32,21,1812,20.1,7,2,9,7,0,0,1,0,0.35,0.1,0.45,0.35,0.45,ae4fc6a4,20.1,7,57,18,31.6,2.83,0.89,0.12,0.39,0,0,ae4fc6a4,20.1,,,,,,,,,,,,,,,2,,,,,,ae4fc6a4,20.1,,,,,,,,,,,,,,,,,,,,,ae4fc6a4,20.1,,13,,,,,,,,,,,11,,,,ae4fc6a4,Eberechi Eze__Arsenal
Bruno Fernandes,pt POR,MF,Manchester Utd,30,1994,35,35,3063,34.0,9,21,30,5,4,6,5,0,0.26,0.62,0.88,0.15,0.76,507c7bdf,34.0,9,85,24,28.2,2.5,0.71,0.11,0.38,4,6,507c7bdf,34.0,,,,,,,,,,,,,,,21,,,,,,507c7bdf,34.0,,,,,,,,,,,,,,,,,,,,,507c7bdf,34.0,,35,,,,,,,,,,,21,,,,507c7bdf,Bruno Fernandes__Manchester Utd
Mateus Fernandes,pt POR,MF,West Ham,21,2004,36,35,3016,33.5,3,4,7,3,0,0,7,0,0.09,0.12,0.21,0.09,0.21,ef491564,33.5,3,28,8,28.6,0.84,0.24,0.11,0.38,0,0,ef491564,33.5,,,,,,,,,,,,,,,4,,,,,,ef491564,33.5,,,,,,,,,,,,,,,,,,,,,ef491564,33.5,,67,,,,,,,,,,,36,,,,ef491564,Mateus Fernandes__West Ham
Enzo Fernández,ar ARG,MF,Chelsea,24,2001,36,35,3115,34.6,10,4,14,8,2,2,10,0,0.29,0.12,0.4,0.23,0.35,5ff4ab71,34.6,10,72,31,43.1,2.08,0.9,0.14,0.32,2,2,5ff4ab71,34.6,,,,,,,,,,,,,,,4,,,,,,5ff4ab71,34.6,,,,,,,,,,,,,,,,,,,,,5ff4ab71,34.6,,24,,,,,,,,,,,20,,,,5ff4ab71,Enzo Fernández__Chelsea
Zian Flemming,nl NED,FW,Burnley,26,1998,29,21,1769,19.7,11,0,11,9,2,2,5,0,0.56,0.0,0.56,0.46,0.46,b3f36e72,19.7,11,52,21,40.4,2.65,1.07,0.21,0.52,2,2,b3f36e72,19.7,,,,,,,,,,,,,,,0,,,,,,b3f36e72,19.7,,,,,,,,,,,,,,,,,,,,,b3f36e72,19.7,,10,,,,,,,,,,,6,,,,b3f36e72,Zian Flemming__Burnley
Jack Fletcher,eng ENG,MF,Manchester Utd,18,2007,3,0,108,1.2,0,0,0,0,0,0,0,0,0.0,0.0,0.0,0.0,0.0,38a6c944,1.2,0,1,0,0.0,0.83,0.0,0.0,,0,0,38a6c944,1.2,,,,,,,,,,,,,,,0,,,,,,38a6c944,1.2,,,,,,,,,,,,,,,,,,,,,38a6c944,1.2,,1,,,,,,,,,,,1,,,,38a6c944,Jack Fletcher__Manchester Utd
Tyler Fletcher,sct SCO,MF,Manchester Utd,18,2007,2,0,18,0.2,0,0,0,0,0,0,0,0,0.0,0.0,0.0,0.0,0.0,81a92add,0.2,0,0,0,,0.0,0.0,,,0,0,81a92add,0.2,,,,,,,,,,,,,,,0,,,,,,81a92add,0.2,,,,,,,,,,,,,,,,,,,,,81a92add,0.2,,0,,,,,,,,,,,0,,,,81a92add,Tyler Fletcher__Manchester Utd
Phil Foden,eng ENG,MF,Manchester City,25,2000,33,23,2086,23.2,7,5,12,7,0,0,4,0,0.3,0.22,0.52,0.3,0.52,ed1e53f3,23.2,7,55,19,34.5,2.37,0.82,0.13,0.37,0,0,ed1e53f3,23.2,,,,,,,,,,,,,,,5,,,,,,ed1e53f3,23.2,,,,,,,,,,,,,,,,,,,,,ed1e53f3,23.2,,16,,,,,,,,,,,10,,,,ed1e53f3,Phil Foden__Manchester City
Wesley Fofana,fr FRA,DF,Chelsea,24,2000,25,20,1722,19.1,0,1,1,0,0,0,9,2,0.0,0.05,0.05,0.0,0.05,132a82f1,19.1,0,8,1,12.5,0.42,0.05,0.0,0.0,0,0,132a82f1,19.1,,,,,,,,,,,,,,,1,,,,,,132a82f1,19.1,,,,,,,,,,,,,,,,,,,,,132a82f1,19.1,,11,,,,,,,,,,,38,,,,132a82f1,Wesley Fofana__Chelsea
Lyle Foster,za RSA,FWMF,Burnley,24,2000,26,15,1371,15.2,3,2,5,3,0,0,4,0,0.2,0.13,0.33,0.2,0.33,f84a807c,15.2,3,20,6,30.0,1.31,0.39,0.15,0.5,0,0,f84a807c,15.2,,,,,,,,,,,,,,,2,,,,,,f84a807c,15.2,,,,,,,,,,,,,,,,,,,,,f84a807c,15.2,,12,,,,,,,,,,,4,,,,f84a807c,Lyle Foster__Burnley
Tyler Fredricson,eng ENG,DF,Manchester Utd,20,2005,1,0,3,0.0,0,0,0,0,0,0,0,0,0.0,0.0,0.0,0.0,0.0,58630379,0.0,0,0,0,,0.0,0.0,,,0,0,58630379,0.0,,,,,,,,,,,,,,,0,,,,,,58630379,0.0,,,,,,,,,,,,,,,,,,,,,58630379,0.0,,0,,,,,,,,,,,0,,,,58630379,Tyler Fredricson__Manchester Utd
Jeremie Frimpong,nl NED,DFMF,Liverpool,24,2000,21,12,1040,11.6,0,1,1,0,0,0,1,0,0.0,0.09,0.09,0.0,0.09,74f2e748,11.6,0,10,2,20.0,0.87,0.17,0.0,0.0,0,0,74f2e748,11.6,,,,,,,,,,,,,,,1,,,,,,74f2e748,11.6,,,,,,,,,,,,,,,,,,,,,74f2e748,11.6,,9,,,,,,,,,,,6,,,,74f2e748,Jeremie Frimpong__Liverpool
Niclas Füllkrug,de GER,FW,West Ham,32,1993,8,5,409,4.5,0,0,0,0,0,0,0,0,0.0,0.0,0.0,0.0,0.0,4f16405e,4.5,0,9,3,33.3,1.98,0.66,0.0,0.0,0,0,4f16405e,4.5,,,,,,,,,,,,,,,0,,,,,,4f16405e,4.5,,,,,,,,,,,,,,,,,,,,,4f16405e,4.5,,1,,,,,,,,,,,2,,,,4f16405e,Niclas Füllkrug__West Ham
Kaye Furo,be BEL,FW,Brentford,18,2007,1,0,1,0.0,0,0,0,0,0,0,0,0,0.0,0.0,0.0,0.0,0.0,9fea2579,0.0,0,0,0,,0.0,0.0,,,0,0,9fea2579,0.0,,,,,,,,,,,,,,,0,,,,,,9fea2579,0.0,,,,,,,,,,,,,,,,,,,,,9fea2579,0.0,,0,,,,,,,,,,,0,,,,9fea2579,Kaye Furo__Brentford
Cody Gakpo,nl NED,MFFW,Liverpool,26,1999,36,32,2737,30.4,7,5,12,7,0,0,3,0,0.23,0.16,0.39,0.23,0.39,1971591f,30.4,7,87,21,24.1,2.86,0.69,0.08,0.33,0,0,1971591f,30.4,,,,,,,,,,,,,,,5,,,,,,1971591f,30.4,,,,,,,,,,,,,,,,,,,,,1971591f,30.4,,15,,,,,,,,,,,12,,,,1971591f,Cody Gakpo__Liverpool
Conor Gallagher,eng ENG,MF,Tottenham,25,2000,16,14,1184,13.2,1,1,2,1,0,0,2,0,0.08,0.08,0.15,0.08,0.15,c2731c10,13.2,1,11,4,36.4,0.84,0.3,0.09,0.25,0,0,c2731c10,13.2,,,,,,,,,,,,,,,1,,,,,,c2731c10,13.2,,,,,,,,,,,,,,,,,,,,,c2731c10,13.2,,14,,,,,,,,,,,18,,,,c2731c10,Conor Gallagher__Tottenham
Ben Gannon-Doak,sct SCO,MF,Bournemouth,19,2005,8,0,113,1.3,0,1,1,0,0,0,0,0,0.0,0.8,0.8,0.0,0.8,733f1a7d,1.3,0,3,1,33.3,2.39,0.8,0.0,0.0,0,0,733f1a7d,1.3,,,,,,,,,,,,,,,1,,,,,,733f1a7d,1.3,,,,,,,,,,,,,,,,,,,,,733f1a7d,1.3,,2,,,,,,,,,,,1,,,,733f1a7d,Ben Gannon-Doak__Bournemouth
Andrés García,es ESP,DF,Aston Villa,22,2003,6,1,86,1.0,0,0,0,0,0,0,0,0,0.0,0.0,0.0,0.0,0.0,40498af1,1.0,0,0,0,,0.0,0.0,,,0,0,40498af1,1.0,,,,,,,,,,,,,,,0,,,,,,40498af1,1.0,,,,,,,,,,,,,,,,,,,,,40498af1,1.0,,4,,,,,,,,,,,0,,,,40498af1,Andrés García__Aston Villa
Alejandro Garnacho,ar ARG,MF,Chelsea,21,2004,24,14,1268,14.1,1,4,5,1,0,0,2,0,0.07,0.28,0.35,0.07,0.35,7aa8adfe,14.1,1,33,7,21.2,2.34,0.5,0.03,0.14,0,0,7aa8adfe,14.1,,,,,,,,,,,,,,,4,,,,,,7aa8adfe,14.1,,,,,,,,,,,,,,,,,,,,,7aa8adfe,14.1,,13,,,,,,,,,,,4,,,,7aa8adfe,Alejandro Garnacho__Chelsea
James Garner,eng ENG,MFDF,Everton,24,2001,38,38,3413,37.9,2,7,9,2,0,0,12,0,0.05,0.18,0.24,0.05,0.24,4e015693,37.9,2,45,14,31.1,1.19,0.37,0.04,0.14,0,0,4e015693,37.9,,,,,,,,,,,,,,,7,,,,,,4e015693,37.9,,,,,,,,,,,,,,,,,,,,,4e015693,37.9,,72,,,,,,,,,,,57,,,,4e015693,James Garner__Everton
Lutsharel Geertruida,nl NED,DFMF,Sunderland,25,2000,28,17,1693,18.8,0,0,0,0,0,0,2,0,0.0,0.0,0.0,0.0,0.0,242e1043,18.8,0,11,3,27.3,0.58,0.16,0.0,0.0,0,0,242e1043,18.8,,,,,,,,,,,,,,,0,,,,,,242e1043,18.8,,,,,,,,,,,,,,,,,,,,,242e1043,18.8,,22,,,,,,,,,,,20,,,,242e1043,Lutsharel Geertruida__Sunderland
Tyrique George,eng ENG,FW,Chelsea,19,2006,4,0,145,1.6,0,0,0,0,0,0,2,0,0.0,0.0,0.0,0.0,0.0,e6f7797e,1.6,0,3,2,66.7,1.86,1.24,0.0,0.0,0,0,e6f7797e,1.6,,,,,,,,,,,,,,,0,,,,,,e6f7797e,1.6,,,,,,,,,,,,,,,,,,,,,e6f7797e,1.6,,2,,,,,,,,,,,0,,,,e6f7797e,Tyrique George__Chelsea
Tyrique George,eng ENG,MF,Everton,19,2006,11,1,218,2.4,0,0,0,0,0,0,0,0,0.0,0.0,0.0,0.0,0.0,e6f7797e,2.4,0,7,3,42.9,2.89,1.24,0.0,0.0,0,0,e6f7797e,2.4,,,,,,,,,,,,,,,0,,,,,,e6f7797e,2.4,,,,,,,,,,,,,,,,,,,,,e6f7797e,2.4,,3,,,,,,,,,,,2,,,,e6f7797e,Tyrique George__Everton
Morgan Gibbs-White,eng ENG,MF,Nottingham,25,2000,37,35,3097,34.4,15,4,19,14,1,1,1,0,0.44,0.12,0.55,0.41,0.52,32f60ed8,34.4,15,83,32,38.6,2.41,0.93,0.18,0.47,1,1,32f60ed8,34.4,,,,,,,,,,,,,,,4,,,,,,32f60ed8,34.4,,,,,,,,,,,,,,,,,,,,,32f60ed8,34.4,,16,,,,,,,,,,,12,,,,32f60ed8,Morgan Gibbs-White__Nottingham
Jamie Gittens,eng ENG,MF,Chelsea,20,2004,16,5,495,5.5,0,2,2,0,0,0,0,0,0.0,0.36,0.36,0.0,0.36,10745192,5.5,0,10,2,20.0,1.82,0.36,0.0,0.0,0,0,10745192,5.5,,,,,,,,,,,,,,,2,,,,,,10745192,5.5,,,,,,,,,,,,,,,,,,,,,10745192,5.5,,4,,,,,,,,,,,2,,,,10745192,Jamie Gittens__Chelsea
Wilfried Gnonto,it ITA,FW,Leeds United,21,2003,23,4,537,6.0,0,1,1,0,0,0,3,0,0.0,0.17,0.17,0.0,0.17,75fdd638,6.0,0,10,0,0.0,1.68,0.0,0.0,,0,0,75fdd638,6.0,,,,,,,,,,,,,,,1,,,,,,75fdd638,6.0,,,,,,,,,,,,,,,,,,,,,75fdd638,6.0,,13,,,,,,,,,,,3,,,,75fdd638,Wilfried Gnonto__Leeds United
Angel Gomes,eng ENG,MFFW,Wolves,24,2000,12,7,461,5.1,0,0,0,0,0,0,1,0,0.0,0.0,0.0,0.0,0.0,645a3363,5.1,0,6,2,33.3,1.17,0.39,0.0,0.0,0,0,645a3363,5.1,,,,,,,,,,,,,,,0,,,,,,645a3363,5.1,,,,,,,,,,,,,,,,,,,,,645a3363,5.1,,5,,,,,,,,,,,1,,,,645a3363,Angel Gomes__Wolves
João Gomes,br BRA,MF,Wolves,24,2001,35,32,2829,31.4,1,1,2,1,0,0,10,0,0.03,0.03,0.06,0.03,0.06,8b57ad2c,31.4,1,19,7,36.8,0.6,0.22,0.05,0.14,0,0,8b57ad2c,31.4,,,,,,,,,,,,,,,1,,,,,,8b57ad2c,31.4,,,,,,,,,,,,,,,,,,,,,8b57ad2c,31.4,,68,,,,,,,,,,,36,,,,8b57ad2c,João Gomes__Wolves
Rodrigo Gomes,pt POR,MFFW,Wolves,22,2003,22,9,960,10.7,3,0,3,3,0,0,0,0,0.28,0.0,0.28,0.28,0.28,8dcf77c0,10.7,3,20,6,30.0,1.87,0.56,0.15,0.5,0,0,8dcf77c0,10.7,,,,,,,,,,,,,,,0,,,,,,8dcf77c0,10.7,,,,,,,,,,,,,,,,,,,,,8dcf77c0,10.7,,18,,,,,,,,,,,11,,,,8dcf77c0,Rodrigo Gomes__Wolves
Toti Gomes,pt POR,DF,Wolves,26,1999,19,17,1424,15.8,0,0,0,0,0,0,2,1,0.0,0.0,0.0,0.0,0.0,f0caab96,15.8,0,5,2,40.0,0.32,0.13,0.0,0.0,0,0,f0caab96,15.8,,,,,,,,,,,,,,,0,,,,,,f0caab96,15.8,,,,,,,,,,,,,,,,,,,,,f0caab96,15.8,,11,,,,,,,,,,,13,,,,f0caab96,Toti Gomes__Wolves
Diego Gómez,py PAR,MFFW,Brighton,22,2003,32,26,2120,23.6,5,1,6,5,0,0,9,0,0.21,0.04,0.25,0.21,0.25,916728da,23.6,5,42,14,33.3,1.78,0.59,0.12,0.36,0,0,916728da,23.6,,,,,,,,,,,,,,,1,,,,,,916728da,23.6,,,,,,,,,,,,,,,,,,,,,916728da,23.6,,49,,,,,,,,,,,19,,,,916728da,Diego Gómez__Brighton
Joe Gomez,eng ENG,DF,Liverpool,28,1997,21,7,607,6.7,0,2,2,0,0,0,4,0,0.0,0.3,0.3,0.0,0.3,7a11550b,6.7,0,5,1,20.0,0.74,0.15,0.0,0.0,0,0,7a11550b,6.7,,,,,,,,,,,,,,,2,,,,,,7a11550b,6.7,,,,,,,,,,,,,,,,,,,,,7a11550b,6.7,,7,,,,,,,,,,,8,,,,7a11550b,Joe Gomez__Liverpool
Nicolás González,es ESP,MF,Manchester City,23,2002,25,17,1569,17.4,1,0,1,1,0,0,6,0,0.06,0.0,0.06,0.06,0.06,2c56a792,17.4,1,14,2,14.3,0.8,0.11,0.07,0.5,0,0,2c56a792,17.4,,,,,,,,,,,,,,,0,,,,,,2c56a792,17.4,,,,,,,,,,,,,,,,,,,,,2c56a792,17.4,,30,,,,,,,,,,,24,,,,2c56a792,Nicolás González__Manchester City
Anthony Gordon,eng ENG,FW,Newcastle,24,2001,26,24,1795,19.9,6,2,8,3,3,3,3,1,0.3,0.1,0.4,0.15,0.25,2bd83368,19.9,6,48,20,41.7,2.41,1.0,0.13,0.3,3,3,2bd83368,19.9,,,,,,,,,,,,,,,2,,,,,,2bd83368,19.9,,,,,,,,,,,,,,,,,,,,,2bd83368,19.9,,13,,,,,,,,,,,3,,,,2bd83368,Anthony Gordon__Newcastle
Ryan Gravenberch,nl NED,MF,Liverpool,23,2002,36,34,2992,33.2,5,3,8,5,0,0,5,0,0.15,0.09,0.24,0.15,0.24,b8e740fb,33.2,5,38,13,34.2,1.14,0.39,0.13,0.38,0,0,b8e740fb,33.2,,,,,,,,,,,,,,,3,,,,,,b8e740fb,33.2,,,,,,,,,,,,,,,,,,,,,b8e740fb,33.2,,35,,,,,,,,,,,44,,,,b8e740fb,Ryan Gravenberch__Liverpool
Archie Gray,eng ENG,MFDF,Tottenham,19,2006,24,18,1478,16.4,2,2,4,2,0,0,5,0,0.12,0.12,0.24,0.12,0.24,f58515f5,16.4,2,11,5,45.5,0.67,0.3,0.18,0.4,0,0,f58515f5,16.4,,,,,,,,,,,,,,,2,,,,,,f58515f5,16.4,,,,,,,,,,,,,,,,,,,,,f58515f5,16.4,,8,,,,,,,,,,,17,,,,f58515f5,Archie Gray__Tottenham
Jack Grealish,eng ENG,MF,Everton,29,1995,20,18,1627,18.1,2,6,8,2,0,0,5,1,0.11,0.33,0.44,0.11,0.44,b0b4fd3e,18.1,2,26,8,30.8,1.44,0.44,0.08,0.25,0,0,b0b4fd3e,18.1,,,,,,,,,,,,,,,6,,,,,,b0b4fd3e,18.1,,,,,,,,,,,,,,,,,,,,,b0b4fd3e,18.1,,15,,,,,,,,,,,11,,,,b0b4fd3e,Jack Grealish__Everton
Pascal Groß,de GER,MF,Brighton,34,1991,19,18,1636,18.2,1,3,4,1,0,0,2,0,0.06,0.17,0.22,0.06,0.22,8aec0537,18.2,1,18,9,50.0,0.99,0.5,0.06,0.11,0,0,8aec0537,18.2,,,,,,,,,,,,,,,3,,,,,,8aec0537,18.2,,,,,,,,,,,,,,,,,,,,,8aec0537,18.2,,17,,,,,,,,,,,11,,,,8aec0537,Pascal Groß__Brighton
Brajan Gruda,de GER,MF,Brighton,21,2004,18,8,719,8.0,1,1,2,1,0,0,2,0,0.13,0.13,0.25,0.13,0.25,ae9b998d,8.0,1,16,6,37.5,2.0,0.75,0.06,0.17,0,0,ae9b998d,8.0,,,,,,,,,,,,,,,1,,,,,,ae9b998d,8.0,,,,,,,,,,,,,,,,,,,,,ae9b998d,8.0,,5,,,,,,,,,,,2,,,,ae9b998d,Brajan Gruda__Brighton
Ilia Gruev,bg BUL,MF,Leeds United,25,2000,23,15,1323,14.7,0,3,3,0,0,0,3,0,0.0,0.2,0.2,0.0,0.2,1fc4f3d1,14.7,0,7,1,14.3,0.48,0.07,0.0,0.0,0,0,1fc4f3d1,14.7,,,,,,,,,,,,,,,3,,,,,,1fc4f3d1,14.7,,,,,,,,,,,,,,,,,,,,,1fc4f3d1,14.7,,13,,,,,,,,,,,14,,,,1fc4f3d1,Ilia Gruev__Leeds United
Gabriel Gudmundsson,se SWE,DFMF,Leeds United,26,1999,32,31,2631,29.2,0,0,0,0,0,0,6,1,0.0,0.0,0.0,0.0,0.0,d5d22a58,29.2,0,18,3,16.7,0.62,0.1,0.0,0.0,0,0,d5d22a58,29.2,,,,,,,,,,,,,,,0,,,,,,d5d22a58,29.2,,,,,,,,,,,,,,,,,,,,,d5d22a58,29.2,,47,,,,,,,,,,,28,,,,d5d22a58,Gabriel Gudmundsson__Leeds United
Marc Guéhi,eng ENG,DF,Crystal Palace,25,2000,20,20,1800,20.0,2,2,4,2,0,0,4,0,0.1,0.1,0.2,0.1,0.2,d0706b27,20.0,2,15,4,26.7,0.75,0.2,0.13,0.5,0,0,d0706b27,20.0,,,,,,,,,,,,,,,2,,,,,,d0706b27,20.0,,,,,,,,,,,,,,,,,,,,,d0706b27,20.0,,19,,,,,,,,,,,24,,,,d0706b27,Marc Guéhi__Crystal Palace
Marc Guéhi,eng ENG,DF,Manchester City,25,2000,15,15,1350,15.0,1,1,2,1,0,0,2,0,0.07,0.07,0.13,0.07,0.13,d0706b27,15.0,1,17,5,29.4,1.13,0.33,0.06,0.2,0,0,d0706b27,15.0,,,,,,,,,,,,,,,1,,,,,,d0706b27,15.0,,,,,,,,,,,,,,,,,,,,,d0706b27,15.0,,12,,,,,,,,,,,25,,,,d0706b27,Marc Guéhi__Manchester City
Evann Guessand,ci CIV,MF,Aston Villa,24,2001,13,6,588,6.5,0,1,1,0,0,0,0,0,0.0,0.15,0.15,0.0,0.15,b73f17f8,6.5,0,8,5,62.5,1.22,0.77,0.0,0.0,0,0,b73f17f8,6.5,,,,,,,,,,,,,,,1,,,,,,b73f17f8,6.5,,,,,,,,,,,,,,,,,,,,,b73f17f8,6.5,,9,,,,,,,,,,,3,,,,b73f17f8,Evann Guessand__Aston Villa
Evann Guessand,ci CIV,MF,Crystal Palace,24,2001,8,3,330,3.7,1,1,2,1,0,0,0,0,0.27,0.27,0.55,0.27,0.55,b73f17f8,3.7,1,3,1,33.3,0.82,0.27,0.33,1.0,0,0,b73f17f8,3.7,,,,,,,,,,,,,,,1,,,,,,b73f17f8,3.7,,,,,,,,,,,,,,,,,,,,,b73f17f8,3.7,,2,,,,,,,,,,,2,,,,b73f17f8,Evann Guessand__Crystal Palace
Idrissa Gueye,sn SEN,MF,Everton,35,1989,25,25,2093,23.3,2,3,5,2,0,0,1,1,0.09,0.13,0.22,0.09,0.22,72c812f3,23.3,2,29,7,24.1,1.25,0.3,0.07,0.29,0,0,72c812f3,23.3,,,,,,,,,,,,,,,3,,,,,,72c812f3,23.3,,,,,,,,,,,,,,,,,,,,,72c812f3,23.3,,21,,,,,,,,,,,29,,,,72c812f3,Idrissa Gueye__Everton
Luis Guilherme,br BRA,FW,West Ham,19,2006,5,1,125,1.4,0,0,0,0,0,0,0,0,0.0,0.0,0.0,0.0,0.0,b7672d43,1.4,0,1,0,0.0,0.72,0.0,0.0,,0,0,b7672d43,1.4,,,,,,,,,,,,,,,0,,,,,,b7672d43,1.4,,,,,,,,,,,,,,,,,,,,,b7672d43,1.4,,1,,,,,,,,,,,0,,,,b7672d43,Luis Guilherme__West Ham
Bruno Guimarães,br BRA,MF,Newcastle,27,1997,29,27,2453,27.3,9,5,14,7,2,2,6,0,0.33,0.18,0.51,0.26,0.44,82518f62,27.3,9,42,23,54.8,1.54,0.84,0.21,0.39,2,2,82518f62,27.3,,,,,,,,,,,,,,,5,,,,,,82518f62,27.3,,,,,,,,,,,,,,,,,,,,,82518f62,27.3,,41,,,,,,,,,,,16,,,,82518f62,Bruno Guimarães__Newcastle
Marc Guiu,es ESP,FW,Sunderland,19,2006,2,0,15,0.2,0,0,0,0,0,0,0,0,0.0,0.0,0.0,0.0,0.0,d3d774cc,0.2,0,1,0,0.0,6.0,0.0,0.0,,0,0,d3d774cc,0.2,,,,,,,,,,,,,,,0,,,,,,d3d774cc,0.2,,,,,,,,,,,,,,,,,,,,,d3d774cc,0.2,,0,,,,,,,,,,,0,,,,d3d774cc,Marc Guiu__Sunderland
Marc Guiu,es ESP,FW,Chelsea,19,2006,8,1,257,2.9,0,1,1,0,0,0,1,0,0.0,0.35,0.35,0.0,0.35,d3d774cc,2.9,0,12,2,16.7,4.2,0.7,0.0,0.0,0,0,d3d774cc,2.9,,,,,,,,,,,,,,,1,,,,,,d3d774cc,2.9,,,,,,,,,,,,,,,,,,,,,d3d774cc,2.9,,0,,,,,,,,,,,0,,,,d3d774cc,Marc Guiu__Chelsea
Angus Gunn,sct SCO,GK,Nottingham,29,1996,1,0,45,0.5,0,0,0,0,0,0,0,0,0.0,0.0,0.0,0.0,0.0,e082af5b,0.5,0,0,0,,0.0,0.0,,,0,0,e082af5b,0.5,,,,,,,,,,,,,,,0,,,,,,e082af5b,0.5,,,,,,,,,,,,,,,,,,,,,e082af5b,0.5,,0,,,,,,,,,,,0,,,,e082af5b,Angus Gunn__Nottingham
Malo Gusto,fr FRA,DFMF,Chelsea,22,2003,34,26,2261,25.1,2,3,5,2,0,0,5,1,0.08,0.12,0.2,0.08,0.2,d56b9520,25.1,2,12,6,50.0,0.48,0.24,0.17,0.33,0,0,d56b9520,25.1,,,,,,,,,,,,,,,3,,,,,,d56b9520,25.1,,,,,,,,,,,,,,,,,,,,,d56b9520,25.1,,23,,,,,,,,,,,30,,,,d56b9520,Malo Gusto__Chelsea
Joško Gvardiol,hr CRO,DF,Manchester City,23,2002,18,16,1372,15.2,2,2,4,2,0,0,2,0,0.13,0.13,0.26,0.13,0.26,5ad50391,15.2,2,17,6,35.3,1.12,0.39,0.12,0.33,0,0,5ad50391,15.2,,,,,,,,,,,,,,,2,,,,,,5ad50391,15.2,,,,,,,,,,,,,,,,,,,,,5ad50391,15.2,,13,,,,,,,,,,,16,,,,5ad50391,Joško Gvardiol__Manchester City
Viktor Gyökeres,se SWE,FW,Arsenal,27,1998,36,26,2224,24.7,14,1,15,11,3,3,5,0,0.57,0.04,0.61,0.45,0.49,4d5a9185,24.7,14,55,22,40.0,2.23,0.89,0.25,0.64,3,3,4d5a9185,24.7,,,,,,,,,,,,,,,1,,,,,,4d5a9185,24.7,,,,,,,,,,,,,,,,,,,,,4d5a9185,24.7,,5,,,,,,,,,,,1,,,,4d5a9185,Viktor Gyökeres__Arsenal
Erling Haaland,no NOR,FW,Manchester City,25,2000,35,34,2953,32.8,27,8,35,24,3,4,2,0,0.82,0.24,1.07,0.73,0.98,1f44ac21,32.8,27,126,59,46.8,3.84,1.8,0.21,0.46,3,4,1f44ac21,32.8,,,,,,,,,,,,,,,8,,,,,,1f44ac21,32.8,,,,,,,,,,,,,,,,,,,,,1f44ac21,32.8,,7,,,,,,,,,,,4,,,,1f44ac21,Erling Haaland__Manchester City
Lewis Hall,eng ENG,DF,Newcastle,20,2004,30,24,2181,24.2,1,1,2,1,0,0,4,0,0.04,0.04,0.08,0.04,0.08,da011f18,24.2,1,25,6,24.0,1.03,0.25,0.04,0.17,0,0,da011f18,24.2,,,,,,,,,,,,,,,1,,,,,,da011f18,24.2,,,,,,,,,,,,,,,,,,,,,da011f18,24.2,,31,,,,,,,,,,,29,,,,da011f18,Lewis Hall__Newcastle
Jack Harrison,eng ENG,FW,Leeds United,28,1996,11,1,269,3.0,0,0,0,0,0,0,0,0,0.0,0.0,0.0,0.0,0.0,aa849a12,3.0,0,6,2,33.3,2.01,0.67,0.0,0.0,0,0,aa849a12,3.0,,,,,,,,,,,,,,,0,,,,,,aa849a12,3.0,,,,,,,,,,,,,,,,,,,,,aa849a12,3.0,,2,,,,,,,,,,,4,,,,aa849a12,Jack Harrison__Leeds United
Quilindschy Hartman,nl NED,DF,Burnley,23,2001,21,21,1825,20.3,0,5,5,0,0,0,1,0,0.0,0.25,0.25,0.0,0.25,39e1138f,20.3,0,9,3,33.3,0.44,0.15,0.0,0.0,0,0,39e1138f,20.3,,,,,,,,,,,,,,,5,,,,,,39e1138f,20.3,,,,,,,,,,,,,,,,,,,,,39e1138f,20.3,,31,,,,,,,,,,,32,,,,39e1138f,Quilindschy Hartman__Burnley
Jorrel Hato,nl NED,DF,Chelsea,19,2006,22,12,1148,12.8,0,0,0,0,0,0,7,0,0.0,0.0,0.0,0.0,0.0,bde35051,12.8,0,4,0,0.0,0.31,0.0,0.0,,0,0,bde35051,12.8,,,,,,,,,,,,,,,0,,,,,,bde35051,12.8,,,,,,,,,,,,,,,,,,,,,bde35051,12.8,,19,,,,,,,,,,,17,,,,bde35051,Jorrel Hato__Chelsea
Kai Havertz,de GER,FWMF,Arsenal,26,1999,12,7,581,6.5,2,3,5,2,0,0,1,0,0.31,0.46,0.77,0.31,0.77,fed7cb61,6.5,2,18,4,22.2,2.79,0.62,0.11,0.5,0,0,fed7cb61,6.5,,,,,,,,,,,,,,,3,,,,,,fed7cb61,6.5,,,,,,,,,,,,,,,,,,,,,fed7cb61,6.5,,5,,,,,,,,,,,1,,,,fed7cb61,Kai Havertz__Arsenal
Ayden Heaven,eng ENG,DF,Manchester Utd,18,2006,17,11,924,10.3,0,1,1,0,0,0,2,0,0.0,0.1,0.1,0.0,0.1,64e17fab,10.3,0,3,0,0.0,0.29,0.0,0.0,,0,0,64e17fab,10.3,,,,,,,,,,,,,,,1,,,,,,64e17fab,10.3,,,,,,,,,,,,,,,,,,,,,64e17fab,10.3,,13,,,,,,,,,,,1,,,,64e17fab,Ayden Heaven__Manchester Utd
Jan Paul van Hecke,nl NED,DF,Brighton,25,2000,36,36,3210,35.7,3,3,6,3,0,0,9,0,0.08,0.08,0.17,0.08,0.17,4fd08daa,35.7,3,23,10,43.5,0.64,0.28,0.13,0.3,0,0,4fd08daa,35.7,,,,,,,,,,,,,,,3,,,,,,4fd08daa,35.7,,,,,,,,,,,,,,,,,,,,,4fd08daa,35.7,,31,,,,,,,,,,,45,,,,4fd08daa,Jan Paul van Hecke__Brighton
Hwang Hee-chan,kr KOR,FWMF,Wolves,29,1996,26,18,1446,16.1,2,2,4,1,1,1,5,0,0.12,0.12,0.25,0.06,0.19,169fd162,16.1,2,19,6,31.6,1.18,0.37,0.11,0.33,1,1,169fd162,16.1,,,,,,,,,,,,,,,2,,,,,,169fd162,16.1,,,,,,,,,,,,,,,,,,,,,169fd162,16.1,,4,,,,,,,,,,,12,,,,169fd162,Hwang Hee-chan__Wolves
George Hemmings,eng ENG,MF,Aston Villa,18,2007,2,0,27,0.3,0,0,0,0,0,0,0,0,0.0,0.0,0.0,0.0,0.0,28795530,0.3,0,1,0,0.0,3.33,0.0,0.0,,0,0,28795530,0.3,,,,,,,,,,,,,,,0,,,,,,28795530,0.3,,,,,,,,,,,,,,,,,,,,,28795530,0.3,,0,,,,,,,,,,,0,,,,28795530,George Hemmings__Aston Villa
Dean Henderson,eng ENG,GK,Crystal Palace,28,1997,37,37,3330,37.0,0,0,0,0,0,0,5,0,0.0,0.0,0.0,0.0,0.0,e5a76dfe,37.0,0,0,0,,0.0,0.0,,,0,0,e5a76dfe,37.0,,,,,,,,,,,,,,,0,,,,,,e5a76dfe,37.0,,,,,,,,,,,,,,,,,,,,,e5a76dfe,37.0,,0,,,,,,,,,,,1,,,,e5a76dfe,Dean Henderson__Crystal Palace
Jordan Henderson,eng ENG,MF,Brentford,35,1990,32,22,1919,21.3,1,3,4,1,0,0,6,0,0.05,0.14,0.19,0.05,0.19,935e6b8f,21.3,1,6,1,16.7,0.28,0.05,0.17,1.0,0,0,935e6b8f,21.3,,,,,,,,,,,,,,,3,,,,,,935e6b8f,21.3,,,,,,,,,,,,,,,,,,,,,935e6b8f,21.3,,14,,,,,,,,,,,16,,,,935e6b8f,Jordan Henderson__Brentford
Rico Henry,jm JAM,DF,Brentford,28,1997,25,14,1328,14.8,0,1,1,0,0,0,2,0,0.0,0.07,0.07,0.0,0.07,8a3c1dc7,14.8,0,5,0,0.0,0.34,0.0,0.0,,0,0,8a3c1dc7,14.8,,,,,,,,,,,,,,,1,,,,,,8a3c1dc7,14.8,,,,,,,,,,,,,,,,,,,,,8a3c1dc7,14.8,,11,,,,,,,,,,,7,,,,8a3c1dc7,Rico Henry__Brentford
Mads Hermansen,dk DEN,GK,West Ham,25,2000,18,18,1620,18.0,0,1,1,0,0,0,0,0,0.0,0.06,0.06,0.0,0.06,c924b17d,18.0,0,0,0,,0.0,0.0,,,0,0,c924b17d,18.0,,,,,,,,,,,,,,,1,,,,,,c924b17d,18.0,,,,,,,,,,,,,,,,,,,,,c924b17d,18.0,,0,,,,,,,,,,,0,,,,c924b17d,Mads Hermansen__West Ham
Aaron Hickey,sct SCO,DFMF,Brentford,23,2002,21,8,691,7.7,0,0,0,0,0,0,1,0,0.0,0.0,0.0,0.0,0.0,1780bb4a,7.7,0,6,1,16.7,0.78,0.13,0.0,0.0,0,0,1780bb4a,7.7,,,,,,,,,,,,,,,0,,,,,,1780bb4a,7.7,,,,,,,,,,,,,,,,,,,,,1780bb4a,7.7,,7,,,,,,,,,,,8,,,,1780bb4a,Aaron Hickey__Brentford
James Hill,eng ENG,DF,Bournemouth,23,2002,29,22,2106,23.4,0,3,3,0,0,0,5,0,0.0,0.13,0.13,0.0,0.13,69942fb3,23.4,0,12,2,16.7,0.51,0.09,0.0,0.0,0,0,69942fb3,23.4,,,,,,,,,,,,,,,3,,,,,,69942fb3,23.4,,,,,,,,,,,,,,,,,,,,,69942fb3,23.4,,20,,,,,,,,,,,37,,,,69942fb3,James Hill__Bournemouth
Piero Hincapié,ec ECU,DF,Arsenal,23,2002,25,20,1792,19.9,1,2,3,1,0,0,2,0,0.05,0.1,0.15,0.05,0.15,0c7a48f8,19.9,1,3,2,66.7,0.15,0.1,0.33,0.5,0,0,0c7a48f8,19.9,,,,,,,,,,,,,,,2,,,,,,0c7a48f8,19.9,,,,,,,,,,,,,,,,,,,,,0c7a48f8,19.9,,26,,,,,,,,,,,26,,,,0c7a48f8,Piero Hincapié__Arsenal
Jack Hinshelwood,eng ENG,MF,Brighton,20,2005,27,20,1741,19.3,4,3,7,4,0,0,0,0,0.21,0.16,0.36,0.21,0.36,e98211e7,19.3,4,37,15,40.5,1.91,0.78,0.11,0.27,0,0,e98211e7,19.3,,,,,,,,,,,,,,,3,,,,,,e98211e7,19.3,,,,,,,,,,,,,,,,,,,,,e98211e7,19.3,,13,,,,,,,,,,,6,,,,e98211e7,Jack Hinshelwood__Brighton
Ki-Jana Hoever,nl NED,MFDF,Wolves,23,2002,8,6,425,4.7,0,0,0,0,0,0,0,0,0.0,0.0,0.0,0.0,0.0,9a71e978,4.7,0,1,1,100.0,0.21,0.21,0.0,0.0,0,0,9a71e978,4.7,,,,,,,,,,,,,,,0,,,,,,9a71e978,4.7,,,,,,,,,,,,,,,,,,,,,9a71e978,4.7,,11,,,,,,,,,,,5,,,,9a71e978,Ki-Jana Hoever__Wolves
Harry Howell,eng ENG,MF,Brighton,17,2008,3,1,94,1.0,0,0,0,0,0,0,0,0,0.0,0.0,0.0,0.0,0.0,d8a7e52c,1.0,0,0,0,,0.0,0.0,,,0,0,d8a7e52c,1.0,,,,,,,,,,,,,,,0,,,,,,d8a7e52c,1.0,,,,,,,,,,,,,,,,,,,,,d8a7e52c,1.0,,0,,,,,,,,,,,0,,,,d8a7e52c,Harry Howell__Brighton
Callum Hudson-Odoi,eng ENG,MF,Nottingham,24,2000,30,21,1841,20.5,3,4,7,3,0,0,0,0,0.15,0.2,0.34,0.15,0.34,15f3ec41,20.5,3,30,10,33.3,1.47,0.49,0.1,0.3,0,0,15f3ec41,20.5,,,,,,,,,,,,,,,4,,,,,,15f3ec41,20.5,,,,,,,,,,,,,,,,,,,,,15f3ec41,20.5,,7,,,,,,,,,,,8,,,,15f3ec41,Callum Hudson-Odoi__Nottingham
Will Hughes,eng ENG,MF,Crystal Palace,30,1995,31,19,1571,17.5,0,0,0,0,0,0,7,0,0.0,0.0,0.0,0.0,0.0,a0666d3e,17.5,0,17,0,0.0,0.97,0.0,0.0,,0,0,a0666d3e,17.5,,,,,,,,,,,,,,,0,,,,,,a0666d3e,17.5,,,,,,,,,,,,,,,,,,,,,a0666d3e,17.5,,16,,,,,,,,,,,15,,,,a0666d3e,Will Hughes__Crystal Palace
Trai Hume,nir NIR,DFMF,Sunderland,23,2002,38,34,3036,33.7,2,1,3,2,0,0,9,0,0.06,0.03,0.09,0.06,0.09,4fa3a3a4,33.7,2,34,7,20.6,1.01,0.21,0.06,0.29,0,0,4fa3a3a4,33.7,,,,,,,,,,,,,,,1,,,,,,4fa3a3a4,33.7,,,,,,,,,,,,,,,,,,,,,4fa3a3a4,33.7,,46,,,,,,,,,,,25,,,,4fa3a3a4,Trai Hume__Sunderland
Bashir Humphreys,eng ENG,DFMF,Burnley,22,2003,20,17,1578,17.5,0,0,0,0,0,0,6,0,0.0,0.0,0.0,0.0,0.0,d2b32e91,17.5,0,9,3,33.3,0.51,0.17,0.0,0.0,0,0,d2b32e91,17.5,,,,,,,,,,,,,,,0,,,,,,d2b32e91,17.5,,,,,,,,,,,,,,,,,,,,,d2b32e91,17.5,,17,,,,,,,,,,,11,,,,d2b32e91,Bashir Humphreys__Burnley
Omari Hutchinson,eng ENG,MF,Nottingham,21,2003,31,17,1688,18.8,1,5,6,1,0,0,1,0,0.05,0.27,0.32,0.05,0.32,bd9553e6,18.8,1,25,11,44.0,1.33,0.59,0.04,0.09,0,0,bd9553e6,18.8,,,,,,,,,,,,,,,5,,,,,,bd9553e6,18.8,,,,,,,,,,,,,,,,,,,,,bd9553e6,18.8,,11,,,,,,,,,,,11,,,,bd9553e6,Omari Hutchinson__Nottingham
Igor,br BRA,DF,West Ham,27,1998,4,1,105,1.2,0,0,0,0,0,0,0,0,0.0,0.0,0.0,0.0,0.0,a4e85758,1.2,0,0,0,,0.0,0.0,,,0,0,a4e85758,1.2,,,,,,,,,,,,,,,0,,,,,,a4e85758,1.2,,,,,,,,,,,,,,,,,,,,,a4e85758,1.2,,0,,,,,,,,,,,1,,,,a4e85758,Igor__West Ham
Tim Iroegbunam,eng ENG,MF,Everton,22,2003,29,17,1487,16.5,0,2,2,0,0,0,9,0,0.0,0.12,0.12,0.0,0.12,84c5ceea,16.5,0,12,1,8.3,0.73,0.06,0.0,0.0,0,0,84c5ceea,16.5,,,,,,,,,,,,,,,2,,,,,,84c5ceea,16.5,,,,,,,,,,,,,,,,,,,,,84c5ceea,16.5,,44,,,,,,,,,,,22,,,,84c5ceea,Tim Iroegbunam__Everton
Andy Irving,sct SCO,MF,West Ham,25,2000,7,2,158,1.8,0,0,0,0,0,0,0,0,0.0,0.0,0.0,0.0,0.0,b1be9fc0,1.8,0,0,0,,0.0,0.0,,,0,0,b1be9fc0,1.8,,,,,,,,,,,,,,,0,,,,,,b1be9fc0,1.8,,,,,,,,,,,,,,,,,,,,,b1be9fc0,1.8,,4,,,,,,,,,,,1,,,,b1be9fc0,Andy Irving__West Ham
Alexander Isak,se SWE,FW,Liverpool,25,1999,14,8,699,7.8,3,1,4,3,0,0,0,0,0.39,0.13,0.52,0.39,0.52,8e92be30,7.8,3,17,6,35.3,2.19,0.77,0.18,0.5,0,0,8e92be30,7.8,,,,,,,,,,,,,,,1,,,,,,8e92be30,7.8,,,,,,,,,,,,,,,,,,,,,8e92be30,7.8,,6,,,,,,,,,,,0,,,,8e92be30,Alexander Isak__Liverpool
Wilson Isidor,ht HAI,FW,Sunderland,24,2000,32,11,1165,12.9,6,0,6,6,0,0,1,0,0.46,0.0,0.46,0.46,0.46,a671316d,12.9,6,43,17,39.5,3.32,1.31,0.14,0.35,0,0,a671316d,12.9,,,,,,,,,,,,,,,0,,,,,,a671316d,12.9,,,,,,,,,,,,,,,,,,,,,a671316d,12.9,,8,,,,,,,,,,,2,,,,a671316d,Wilson Isidor__Sunderland
Alex Iwobi,ng NGA,MF,Fulham,29,1996,29,29,2419,26.9,4,3,7,4,0,0,3,0,0.15,0.11,0.26,0.15,0.26,6ca5ec4b,26.9,4,39,15,38.5,1.45,0.56,0.1,0.27,0,0,6ca5ec4b,26.9,,,,,,,,,,,,,,,3,,,,,,6ca5ec4b,26.9,,,,,,,,,,,,,,,,,,,,,6ca5ec4b,26.9,,18,,,,,,,,,,,15,,,,6ca5ec4b,Alex Iwobi__Fulham
Daniel James,wls WAL,FWMF,Leeds United,27,1997,19,6,559,6.2,0,0,0,0,0,0,0,0,0.0,0.0,0.0,0.0,0.0,c931d9f9,6.2,0,14,3,21.4,2.25,0.48,0.0,0.0,0,0,c931d9f9,6.2,,,,,,,,,,,,,,,0,,,,,,c931d9f9,6.2,,,,,,,,,,,,,,,,,,,,,c931d9f9,6.2,,5,,,,,,,,,,,1,,,,c931d9f9,Daniel James__Leeds United
Reece James,eng ENG,DFMF,Chelsea,25,1999,29,20,1963,21.8,2,4,6,2,0,0,4,0,0.09,0.18,0.28,0.09,0.28,1265a93a,21.8,2,22,7,31.8,1.01,0.32,0.09,0.29,0,0,1265a93a,21.8,,,,,,,,,,,,,,,4,,,,,,1265a93a,21.8,,,,,,,,,,,,,,,,,,,,,1265a93a,21.8,,33,,,,,,,,,,,32,,,,1265a93a,Reece James__Chelsea
Vitaly Janelt,de GER,MF,Brentford,27,1998,25,15,1443,16.0,1,4,5,1,0,0,8,0,0.06,0.25,0.31,0.06,0.31,8449d35e,16.0,1,12,3,25.0,0.75,0.19,0.08,0.33,0,0,8449d35e,16.0,,,,,,,,,,,,,,,4,,,,,,8449d35e,16.0,,,,,,,,,,,,,,,,,,,,,8449d35e,16.0,,17,,,,,,,,,,,27,,,,8449d35e,Vitaly Janelt__Brentford
Mathias Jensen,dk DEN,MF,Brentford,29,1996,36,26,2247,25.0,3,1,4,3,0,0,3,0,0.12,0.04,0.16,0.12,0.16,0f134faf,25.0,3,29,8,27.6,1.16,0.32,0.1,0.38,0,0,0f134faf,25.0,,,,,,,,,,,,,,,1,,,,,,0f134faf,25.0,,,,,,,,,,,,,,,,,,,,,0f134faf,25.0,,23,,,,,,,,,,,21,,,,0f134faf,Mathias Jensen__Brentford
Gabriel Jesus,br BRA,FW,Arsenal,28,1997,14,3,429,4.8,3,0,3,3,0,0,3,0,0.63,0.0,0.63,0.63,0.63,b66315ae,4.8,3,19,12,63.2,3.99,2.52,0.16,0.25,0,0,b66315ae,4.8,,,,,,,,,,,,,,,0,,,,,,b66315ae,4.8,,,,,,,,,,,,,,,,,,,,,b66315ae,4.8,,0,,,,,,,,,,,2,,,,b66315ae,Gabriel Jesus__Arsenal
Igor Jesus,br BRA,FW,Nottingham,24,2001,37,28,2298,25.5,6,4,10,5,1,1,2,0,0.23,0.16,0.39,0.2,0.35,dbe24cce,25.5,6,70,21,30.0,2.74,0.82,0.09,0.29,1,1,dbe24cce,25.5,,,,,,,,,,,,,,,4,,,,,,dbe24cce,25.5,,,,,,,,,,,,,,,,,,,,,dbe24cce,25.5,,16,,,,,,,,,,,2,,,,dbe24cce,Igor Jesus__Nottingham
Álex Jiménez,es ESP,DFMF,Bournemouth,20,2005,31,26,2317,25.7,1,0,1,1,0,0,10,0,0.04,0.0,0.04,0.04,0.04,faa13947,25.7,1,21,4,19.0,0.82,0.16,0.05,0.25,0,0,faa13947,25.7,,,,,,,,,,,,,,,0,,,,,,faa13947,25.7,,,,,,,,,,,,,,,,,,,,,faa13947,25.7,,45,,,,,,,,,,,27,,,,faa13947,Álex Jiménez__Bournemouth
Raúl Jiménez,mx MEX,FW,Fulham,34,1991,36,27,2189,24.3,9,3,12,5,4,4,5,0,0.37,0.12,0.49,0.21,0.33,b561db50,24.3,9,73,18,24.7,3.0,0.74,0.12,0.5,4,4,b561db50,24.3,,,,,,,,,,,,,,,3,,,,,,b561db50,24.3,,,,,,,,,,,,,,,,,,,,,b561db50,24.3,,20,,,,,,,,,,,7,,,,b561db50,Raúl Jiménez__Fulham
Jamaldeen Jimoh,eng ENG,MF,Aston Villa,18,2006,1,0,9,0.1,0,0,0,0,0,0,0,0,0.0,0.0,0.0,0.0,0.0,1e711234,0.1,0,0,0,,0.0,0.0,,,0,0,1e711234,0.1,,,,,,,,,,,,,,,0,,,,,,1e711234,0.1,,,,,,,,,,,,,,,,,,,,,1e711234,0.1,,0,,,,,,,,,,,0,,,,1e711234,Jamaldeen Jimoh__Aston Villa
João Pedro,br BRA,FWMF,Chelsea,23,2001,35,31,2661,29.6,15,5,20,15,0,0,5,0,0.51,0.17,0.68,0.51,0.68,e8832875,29.6,15,73,28,38.4,2.47,0.95,0.21,0.54,0,0,e8832875,29.6,,,,,,,,,,,,,,,5,,,,,,e8832875,29.6,,,,,,,,,,,,,,,,,,,,,e8832875,29.6,,17,,,,,,,,,,,6,,,,e8832875,João Pedro__Chelsea
Joelinton,br BRA,MF,Newcastle,28,1996,27,23,1951,21.7,2,1,3,2,0,0,10,0,0.09,0.05,0.14,0.09,0.14,c17bfb65,21.7,2,32,11,34.4,1.48,0.51,0.06,0.18,0,0,c17bfb65,21.7,,,,,,,,,,,,,,,1,,,,,,c17bfb65,21.7,,,,,,,,,,,,,,,,,,,,,c17bfb65,21.7,,23,,,,,,,,,,,28,,,,c17bfb65,Joelinton__Newcastle
John,br BRA,GK,Nottingham,29,1996,5,5,437,4.9,0,0,0,0,0,0,1,0,0.0,0.0,0.0,0.0,0.0,33a235af,4.9,0,0,0,,0.0,0.0,,,0,0,33a235af,4.9,,,,,,,,,,,,,,,0,,,,,,33a235af,4.9,,,,,,,,,,,,,,,,,,,,,33a235af,4.9,,0,,,,,,,,,,,0,,,,33a235af,John__Nottingham
Brennan Johnson,wls WAL,MFFW,Tottenham,24,2001,16,6,610,6.8,2,0,2,2,0,0,2,0,0.3,0.0,0.3,0.3,0.3,0cd31129,6.8,2,6,2,33.3,0.89,0.3,0.33,1.0,0,0,0cd31129,6.8,,,,,,,,,,,,,,,0,,,,,,0cd31129,6.8,,,,,,,,,,,,,,,,,,,,,0cd31129,6.8,,9,,,,,,,,,,,2,,,,0cd31129,Brennan Johnson__Tottenham
Brennan Johnson,wls WAL,MFFW,Crystal Palace,24,2001,18,13,1112,12.4,0,1,1,0,0,0,4,0,0.0,0.08,0.08,0.0,0.08,0cd31129,12.4,0,17,3,17.6,1.38,0.24,0.0,0.0,0,0,0cd31129,12.4,,,,,,,,,,,,,,,1,,,,,,0cd31129,12.4,,,,,,,,,,,,,,,,,,,,,0cd31129,12.4,,7,,,,,,,,,,,2,,,,0cd31129,Brennan Johnson__Crystal Palace
Sam Johnstone,eng ENG,GK,Wolves,32,1993,12,12,1080,12.0,0,0,0,0,0,0,0,0,0.0,0.0,0.0,0.0,0.0,9e5708be,12.0,0,0,0,,0.0,0.0,,,0,0,9e5708be,12.0,,,,,,,,,,,,,,,0,,,,,,9e5708be,12.0,,,,,,,,,,,,,,,,,,,,,9e5708be,12.0,,1,,,,,,,,,,,0,,,,9e5708be,Sam Johnstone__Wolves
Curtis Jones,eng ENG,MFDF,Liverpool,24,2001,34,18,1937,21.5,1,2,3,1,0,0,2,0,0.05,0.09,0.14,0.05,0.14,4fb9c88f,21.5,1,22,7,31.8,1.02,0.33,0.05,0.14,0,0,4fb9c88f,21.5,,,,,,,,,,,,,,,2,,,,,,4fb9c88f,21.5,,,,,,,,,,,,,,,,,,,,,4fb9c88f,21.5,,23,,,,,,,,,,,18,,,,4fb9c88f,Curtis Jones__Liverpool
Eli Junior Kroupi,fr FRA,MFFW,Bournemouth,19,2006,33,21,1672,18.6,13,0,13,11,2,2,5,0,0.7,0.0,0.7,0.59,0.59,b2fe86e5,18.6,13,52,22,42.3,2.8,1.18,0.25,0.59,2,2,b2fe86e5,18.6,,,,,,,,,,,,,,,0,,,,,,b2fe86e5,18.6,,,,,,,,,,,,,,,,,,,,,b2fe86e5,18.6,,6,,,,,,,,,,,9,,,,b2fe86e5,Eli Junior Kroupi__Bournemouth
Hamed Junior Traorè,ci CIV,MF,Bournemouth,25,2000,1,0,17,0.2,0,1,1,0,0,0,0,0,0.0,5.29,5.29,0.0,5.29,570bb4b9,0.2,0,0,0,,0.0,0.0,,,0,0,570bb4b9,0.2,,,,,,,,,,,,,,,1,,,,,,570bb4b9,0.2,,,,,,,,,,,,,,,,,,,,,570bb4b9,0.2,,0,,,,,,,,,,,0,,,,570bb4b9,Hamed Junior Traorè__Bournemouth
James Justin,eng ENG,DFMF,Leeds United,27,1998,29,21,1901,21.1,2,1,3,2,0,0,4,0,0.09,0.05,0.14,0.09,0.14,fb614c44,21.1,2,24,6,25.0,1.14,0.28,0.08,0.33,0,0,fb614c44,21.1,,,,,,,,,,,,,,,1,,,,,,fb614c44,21.1,,,,,,,,,,,,,,,,,,,,,fb614c44,21.1,,38,,,,,,,,,,,26,,,,fb614c44,James Justin__Leeds United
Filip Jørgensen,dk DEN,GK,Chelsea,23,2002,5,3,379,4.2,0,0,0,0,0,0,0,0,0.0,0.0,0.0,0.0,0.0,0107757e,4.2,0,0,0,,0.0,0.0,,,0,0,0107757e,4.2,,,,,,,,,,,,,,,0,,,,,,0107757e,4.2,,,,,,,,,,,,,,,,,,,,,0107757e,4.2,,0,,,,,,,,,,,1,,,,0107757e,Filip Jørgensen__Chelsea
Ferdi Kadioglu,tr TUR,DFMF,Brighton,25,1999,37,34,3133,34.8,1,0,1,1,0,0,6,0,0.03,0.0,0.03,0.03,0.03,66c52a77,34.8,1,28,13,46.4,0.8,0.37,0.04,0.08,0,0,66c52a77,34.8,,,,,,,,,,,,,,,0,,,,,,66c52a77,34.8,,,,,,,,,,,,,,,,,,,,,66c52a77,34.8,,39,,,,,,,,,,,25,,,,66c52a77,Ferdi Kadioglu__Brighton
Saša Kalajdžić,at AUT,FWMF,Wolves,28,1997,1,0,15,0.2,0,0,0,0,0,0,0,0,0.0,0.0,0.0,0.0,0.0,15f24fe7,0.2,0,0,0,,0.0,0.0,,,0,0,15f24fe7,0.2,,,,,,,,,,,,,,,0,,,,,,15f24fe7,0.2,,,,,,,,,,,,,,,,,,,,,15f24fe7,0.2,,0,,,,,,,,,,,0,,,,15f24fe7,Saša Kalajdžić__Wolves
Arnaud Kalimuendo,fr FRA,FW,Nottingham,23,2002,9,0,96,1.1,0,0,0,0,0,0,0,0,0.0,0.0,0.0,0.0,0.0,bf4c41f9,1.1,0,4,1,25.0,3.75,0.94,0.0,0.0,0,0,bf4c41f9,1.1,,,,,,,,,,,,,,,0,,,,,,bf4c41f9,1.1,,,,,,,,,,,,,,,,,,,,,bf4c41f9,1.1,,1,,,,,,,,,,,0,,,,bf4c41f9,Arnaud Kalimuendo__Nottingham
Daichi Kamada,jp JPN,MF,Crystal Palace,28,1996,28,22,1902,21.1,0,0,0,0,0,0,3,0,0.0,0.0,0.0,0.0,0.0,15b287da,21.1,0,19,4,21.1,0.9,0.19,0.0,0.0,0,0,15b287da,21.1,,,,,,,,,,,,,,,0,,,,,,15b287da,21.1,,,,,,,,,,,,,,,,,,,,,15b287da,21.1,,35,,,,,,,,,,,14,,,,15b287da,Daichi Kamada__Crystal Palace
Boubacar Kamara,fr FRA,MF,Aston Villa,25,1999,18,17,1411,15.7,1,3,4,1,0,0,5,0,0.06,0.19,0.26,0.06,0.26,cc77354e,15.7,1,7,4,57.1,0.45,0.26,0.14,0.25,0,0,cc77354e,15.7,,,,,,,,,,,,,,,3,,,,,,cc77354e,15.7,,,,,,,,,,,,,,,,,,,,,cc77354e,15.7,,16,,,,,,,,,,,15,,,,cc77354e,Boubacar Kamara__Aston Villa
Mohamadou Kanté,fr FRA,MF,West Ham,19,2005,11,0,75,0.8,0,0,0,0,0,0,2,0,0.0,0.0,0.0,0.0,0.0,0041f3e6,0.8,0,2,0,0.0,2.4,0.0,0.0,,0,0,0041f3e6,0.8,,,,,,,,,,,,,,,0,,,,,,0041f3e6,0.8,,,,,,,,,,,,,,,,,,,,,0041f3e6,0.8,,4,,,,,,,,,,,0,,,,0041f3e6,Mohamadou Kanté__West Ham
Michael Kayode,it ITA,DF,Brentford,21,2004,37,37,3258,36.2,1,1,2,1,0,0,8,0,0.03,0.03,0.06,0.03,0.06,e19660a8,36.2,1,9,3,33.3,0.25,0.08,0.11,0.33,0,0,e19660a8,36.2,,,,,,,,,,,,,,,1,,,,,,e19660a8,36.2,,,,,,,,,,,,,,,,,,,,,e19660a8,36.2,,47,,,,,,,,,,,39,,,,e19660a8,Michael Kayode__Brentford
Michael Keane,eng ENG,DF,Everton,32,1993,33,29,2591,28.8,3,1,4,3,0,0,1,1,0.1,0.03,0.14,0.1,0.14,c5b7c315,28.8,3,27,7,25.9,0.94,0.24,0.11,0.43,0,0,c5b7c315,28.8,,,,,,,,,,,,,,,1,,,,,,c5b7c315,28.8,,,,,,,,,,,,,,,,,,,,,c5b7c315,28.8,,24,,,,,,,,,,,37,,,,c5b7c315,Michael Keane__Everton
Caoimhín Kelleher,ie IRL,GK,Brentford,26,1998,37,37,3330,37.0,0,0,0,0,0,0,1,0,0.0,0.0,0.0,0.0,0.0,62d7ef38,37.0,0,0,0,,0.0,0.0,,,0,0,62d7ef38,37.0,,,,,,,,,,,,,,,0,,,,,,62d7ef38,37.0,,,,,,,,,,,,,,,,,,,,,62d7ef38,37.0,,0,,,,,,,,,,,1,,,,62d7ef38,Caoimhín Kelleher__Brentford
Milos Kerkez,hu HUN,DF,Liverpool,21,2003,34,27,2257,25.1,2,1,3,2,0,0,4,0,0.08,0.04,0.12,0.08,0.12,0ad53bdc,25.1,2,9,2,22.2,0.36,0.08,0.22,1.0,0,0,0ad53bdc,25.1,,,,,,,,,,,,,,,1,,,,,,0ad53bdc,25.1,,,,,,,,,,,,,,,,,,,,,0ad53bdc,25.1,,26,,,,,,,,,,,15,,,,0ad53bdc,Milos Kerkez__Liverpool
Kevin,br BRA,MF,Fulham,22,2003,26,9,1041,11.6,1,1,2,1,0,0,1,0,0.09,0.09,0.17,0.09,0.17,93508980,11.6,1,25,10,40.0,2.16,0.86,0.04,0.1,0,0,93508980,11.6,,,,,,,,,,,,,,,1,,,,,,93508980,11.6,,,,,,,,,,,,,,,,,,,,,93508980,11.6,,10,,,,,,,,,,,9,,,,93508980,Kevin__Fulham
Abdukodir Khusanov,uz UZB,DF,Manchester City,21,2004,21,15,1432,15.9,0,0,0,0,0,0,2,0,0.0,0.0,0.0,0.0,0.0,d17ce930,15.9,0,7,1,14.3,0.44,0.06,0.0,0.0,0,0,d17ce930,15.9,,,,,,,,,,,,,,,0,,,,,,d17ce930,15.9,,,,,,,,,,,,,,,,,,,,,d17ce930,15.9,,20,,,,,,,,,,,29,,,,d17ce930,Abdukodir Khusanov__Manchester City
Max Kilman,eng ENG,DF,West Ham,28,1997,21,17,1561,17.3,0,0,0,0,0,0,4,0,0.0,0.0,0.0,0.0,0.0,d0f72bf1,17.3,0,7,1,14.3,0.4,0.06,0.0,0.0,0,0,d0f72bf1,17.3,,,,,,,,,,,,,,,0,,,,,,d0f72bf1,17.3,,,,,,,,,,,,,,,,,,,,,d0f72bf1,17.3,,8,,,,,,,,,,,6,,,,d0f72bf1,Max Kilman__West Ham
Joshua King,eng ENG,MF,Fulham,18,2007,32,15,1308,14.5,1,2,3,1,0,0,4,0,0.07,0.14,0.21,0.07,0.21,86109b3b,14.5,1,26,11,42.3,1.79,0.76,0.04,0.09,0,0,86109b3b,14.5,,,,,,,,,,,,,,,2,,,,,,86109b3b,14.5,,,,,,,,,,,,,,,,,,,,,86109b3b,14.5,,12,,,,,,,,,,,3,,,,86109b3b,Joshua King__Fulham
Antonín Kinský,cz CZE,GK,Tottenham,22,2003,7,7,630,7.0,0,0,0,0,0,0,1,0,0.0,0.0,0.0,0.0,0.0,b38ac6a4,7.0,0,0,0,,0.0,0.0,,,0,0,b38ac6a4,7.0,,,,,,,,,,,,,,,0,,,,,,b38ac6a4,7.0,,,,,,,,,,,,,,,,,,,,,b38ac6a4,7.0,,0,,,,,,,,,,,0,,,,b38ac6a4,Antonín Kinský__Tottenham
Justin Kluivert,nl NED,MF,Bournemouth,26,1999,20,10,952,10.6,2,0,2,2,0,0,5,0,0.19,0.0,0.19,0.19,0.19,4c3a6744,10.6,2,17,4,23.5,1.61,0.38,0.12,0.5,0,0,4c3a6744,10.6,,,,,,,,,,,,,,,0,,,,,,4c3a6744,10.6,,,,,,,,,,,,,,,,,,,,,4c3a6744,10.6,,7,,,,,,,,,,,4,,,,4c3a6744,Justin Kluivert__Bournemouth
Joe Knight,eng ENG,MF,Brighton,19,2005,1,0,1,0.0,0,0,0,0,0,0,0,0,0.0,0.0,0.0,0.0,0.0,16168a0f,0.0,0,0,0,,0.0,0.0,,,0,0,16168a0f,0.0,,,,,,,,,,,,,,,0,,,,,,16168a0f,0.0,,,,,,,,,,,,,,,,,,,,,16168a0f,0.0,,0,,,,,,,,,,,0,,,,16168a0f,Joe Knight__Brighton
Randal Kolo Muani,fr FRA,FWMF,Tottenham,26,1998,30,21,1664,18.5,1,1,2,1,0,0,3,0,0.05,0.05,0.11,0.05,0.11,c0b3669f,18.5,1,20,4,20.0,1.08,0.22,0.05,0.25,0,0,c0b3669f,18.5,,,,,,,,,,,,,,,1,,,,,,c0b3669f,18.5,,,,,,,,,,,,,,,,,,,,,c0b3669f,18.5,,16,,,,,,,,,,,2,,,,c0b3669f,Randal Kolo Muani__Tottenham
Ibrahima Konaté,fr FRA,DF,Liverpool,26,1999,36,36,3090,34.3,1,0,1,1,0,0,7,0,0.03,0.0,0.03,0.03,0.03,5ed9b537,34.3,1,12,4,33.3,0.35,0.12,0.08,0.25,0,0,5ed9b537,34.3,,,,,,,,,,,,,,,0,,,,,,5ed9b537,34.3,,,,,,,,,,,,,,,,,,,,,5ed9b537,34.3,,31,,,,,,,,,,,28,,,,5ed9b537,Ibrahima Konaté__Liverpool
Ezri Konsa,eng ENG,DF,Aston Villa,27,1997,34,34,3035,33.7,0,0,0,0,0,0,0,1,0.0,0.0,0.0,0.0,0.0,0313a347,33.7,0,11,2,18.2,0.33,0.06,0.0,0.0,0,0,0313a347,33.7,,,,,,,,,,,,,,,0,,,,,,0313a347,33.7,,,,,,,,,,,,,,,,,,,,,0313a347,33.7,,8,,,,,,,,,,,22,,,,0313a347,Ezri Konsa__Aston Villa
Charalampos Kostoulas,gr GRE,FW,Brighton,18,2007,21,2,369,4.1,2,1,3,2,0,0,2,0,0.49,0.24,0.73,0.49,0.73,816010c4,4.1,2,21,8,38.1,5.12,1.95,0.1,0.25,0,0,816010c4,4.1,,,,,,,,,,,,,,,1,,,,,,816010c4,4.1,,,,,,,,,,,,,,,,,,,,,816010c4,4.1,,6,,,,,,,,,,,1,,,,816010c4,Charalampos Kostoulas__Brighton
Mateo Kovačić,hr CRO,MF,Manchester City,31,1994,6,1,130,1.4,0,1,1,0,0,0,0,0,0.0,0.69,0.69,0.0,0.69,79c0821a,1.4,0,2,0,0.0,1.38,0.0,0.0,,0,0,79c0821a,1.4,,,,,,,,,,,,,,,1,,,,,,79c0821a,1.4,,,,,,,,,,,,,,,,,,,,,79c0821a,1.4,,1,,,,,,,,,,,2,,,,79c0821a,Mateo Kovačić__Manchester City
Emil Krafth,se SWE,DF,Newcastle,30,1994,1,1,45,0.5,0,0,0,0,0,0,0,0,0.0,0.0,0.0,0.0,0.0,77cf6852,0.5,0,0,0,,0.0,0.0,,,0,0,77cf6852,0.5,,,,,,,,,,,,,,,0,,,,,,77cf6852,0.5,,,,,,,,,,,,,,,,,,,,,77cf6852,0.5,,0,,,,,,,,,,,0,,,,77cf6852,Emil Krafth__Newcastle
Ladislav Krejčí,cz CZE,DFMF,Wolves,26,1999,28,27,2356,26.2,2,1,3,2,0,0,5,1,0.08,0.04,0.11,0.08,0.11,5b5c2228,26.2,2,21,10,47.6,0.8,0.38,0.1,0.2,0,0,5b5c2228,26.2,,,,,,,,,,,,,,,1,,,,,,5b5c2228,26.2,,,,,,,,,,,,,,,,,,,,,5b5c2228,26.2,,21,,,,,,,,,,,32,,,,5b5c2228,Ladislav Krejčí__Wolves
Mohammed Kudus,gh GHA,MFFW,Tottenham,24,2000,19,19,1535,17.1,2,5,7,2,0,0,3,0,0.12,0.29,0.41,0.12,0.41,b62878a5,17.1,2,26,9,34.6,1.52,0.53,0.08,0.22,0,0,b62878a5,17.1,,,,,,,,,,,,,,,5,,,,,,b62878a5,17.1,,,,,,,,,,,,,,,,,,,,,b62878a5,17.1,,17,,,,,,,,,,,3,,,,b62878a5,Mohammed Kudus__Tottenham
Jonah Kusi-Asare,se SWE,FW,Fulham,18,2007,7,0,55,0.6,0,0,0,0,0,0,1,0,0.0,0.0,0.0,0.0,0.0,c7c26e61,0.6,0,0,0,,0.0,0.0,,,0,0,c7c26e61,0.6,,,,,,,,,,,,,,,0,,,,,,c7c26e61,0.6,,,,,,,,,,,,,,,,,,,,,c7c26e61,0.6,,1,,,,,,,,,,,0,,,,c7c26e61,Jonah Kusi-Asare__Fulham
Shea Lacey,eng ENG,FW,Manchester Utd,18,2007,3,0,43,0.5,0,0,0,0,0,0,0,0,0.0,0.0,0.0,0.0,0.0,3160e952,0.5,0,4,1,25.0,8.37,2.09,0.0,0.0,0,0,3160e952,0.5,,,,,,,,,,,,,,,0,,,,,,3160e952,0.5,,,,,,,,,,,,,,,,,,,,,3160e952,0.5,,0,,,,,,,,,,,0,,,,3160e952,Shea Lacey__Manchester Utd
Maxence Lacroix,fr FRA,DF,Crystal Palace,25,2000,35,35,3085,34.3,1,2,3,1,0,0,4,1,0.03,0.06,0.09,0.03,0.09,277c49ed,34.3,1,25,7,28.0,0.73,0.2,0.04,0.14,0,0,277c49ed,34.3,,,,,,,,,,,,,,,2,,,,,,277c49ed,34.3,,,,,,,,,,,,,,,,,,,,,277c49ed,34.3,,38,,,,,,,,,,,45,,,,277c49ed,Maxence Lacroix__Crystal Palace
Senne Lammens,be BEL,GK,Manchester Utd,23,2002,32,32,2880,32.0,0,0,0,0,0,0,0,0,0.0,0.0,0.0,0.0,0.0,8e6d2fcd,32.0,0,0,0,,0.0,0.0,,,0,0,8e6d2fcd,32.0,,,,,,,,,,,,,,,0,,,,,,8e6d2fcd,32.0,,,,,,,,,,,,,,,,,,,,,8e6d2fcd,32.0,,1,,,,,,,,,,,0,,,,8e6d2fcd,Senne Lammens__Manchester Utd
Jamaal Lascelles,eng ENG,DF,Newcastle,31,1993,2,0,21,0.2,0,0,0,0,0,0,0,0,0.0,0.0,0.0,0.0,0.0,450ab6fc,0.2,0,1,0,0.0,4.29,0.0,0.0,,0,0,450ab6fc,0.2,,,,,,,,,,,,,,,0,,,,,,450ab6fc,0.2,,,,,,,,,,,,,,,,,,,,,450ab6fc,0.2,,0,,,,,,,,,,,0,,,,450ab6fc,Jamaal Lascelles__Newcastle
Josh Laurent,eng ENG,DFMF,Burnley,30,1995,33,18,1764,19.6,1,0,1,1,0,0,7,1,0.05,0.0,0.05,0.05,0.05,f0068e0f,19.6,1,15,4,26.7,0.77,0.2,0.07,0.25,0,0,f0068e0f,19.6,,,,,,,,,,,,,,,0,,,,,,f0068e0f,19.6,,,,,,,,,,,,,,,,,,,,,f0068e0f,19.6,,25,,,,,,,,,,,28,,,,f0068e0f,Josh Laurent__Burnley
Roméo Lavia,be BEL,MF,Chelsea,21,2004,12,4,382,4.2,0,0,0,0,0,0,0,0,0.0,0.0,0.0,0.0,0.0,ecad9aa5,4.2,0,3,0,0.0,0.71,0.0,0.0,,0,0,ecad9aa5,4.2,,,,,,,,,,,,,,,0,,,,,,ecad9aa5,4.2,,,,,,,,,,,,,,,,,,,,,ecad9aa5,4.2,,7,,,,,,,,,,,5,,,,ecad9aa5,Roméo Lavia__Chelsea
Enzo Le Fée,fr FRA,MFFW,Sunderland,25,2000,36,33,2930,32.6,5,6,11,2,3,4,5,0,0.15,0.18,0.34,0.06,0.25,6f806d99,32.6,5,36,12,33.3,1.11,0.37,0.14,0.42,3,4,6f806d99,32.6,,,,,,,,,,,,,,,6,,,,,,6f806d99,32.6,,,,,,,,,,,,,,,,,,,,,6f806d99,32.6,,56,,,,,,,,,,,28,,,,6f806d99,Enzo Le Fée__Sunderland
Bernd Leno,de GER,GK,Fulham,33,1992,38,38,3420,38.0,0,0,0,0,0,0,3,0,0.0,0.0,0.0,0.0,0.0,2628fd2b,38.0,0,0,0,,0.0,0.0,,,0,0,2628fd2b,38.0,,,,,,,,,,,,,,,0,,,,,,2628fd2b,38.0,,,,,,,,,,,,,,,,,,,,,2628fd2b,38.0,,1,,,,,,,,,,,1,,,,2628fd2b,Bernd Leno__Fulham
Jefferson Lerma,co COL,MFDF,Crystal Palace,30,1994,31,18,1733,19.3,0,2,2,0,0,0,7,0,0.0,0.1,0.1,0.0,0.1,9b5ce51a,19.3,0,19,7,36.8,0.99,0.36,0.0,0.0,0,0,9b5ce51a,19.3,,,,,,,,,,,,,,,2,,,,,,9b5ce51a,19.3,,,,,,,,,,,,,,,,,,,,,9b5ce51a,19.3,,18,,,,,,,,,,,25,,,,9b5ce51a,Jefferson Lerma__Crystal Palace
Rico Lewis,eng ENG,DF,Manchester City,20,2004,11,4,407,4.5,0,1,1,0,0,0,2,0,0.0,0.22,0.22,0.0,0.22,b57e066e,4.5,0,3,0,0.0,0.66,0.0,0.0,,0,0,b57e066e,4.5,,,,,,,,,,,,,,,1,,,,,,b57e066e,4.5,,,,,,,,,,,,,,,,,,,,,b57e066e,4.5,,4,,,,,,,,,,,7,,,,b57e066e,Rico Lewis__Manchester City
Keane Lewis-Potter,eng ENG,DFMF,Brentford,24,2001,36,22,1972,21.9,3,3,6,3,0,0,1,0,0.14,0.14,0.27,0.14,0.27,41f08ac8,21.9,3,31,9,29.0,1.41,0.41,0.1,0.33,0,0,41f08ac8,21.9,,,,,,,,,,,,,,,3,,,,,,41f08ac8,21.9,,,,,,,,,,,,,,,,,,,,,41f08ac8,21.9,,14,,,,,,,,,,,10,,,,41f08ac8,Keane Lewis-Potter__Brentford
Myles Lewis-Skelly,eng ENG,MFDF,Arsenal,18,2006,20,5,709,7.9,0,0,0,0,0,0,3,0,0.0,0.0,0.0,0.0,0.0,5dff6c28,7.9,0,2,0,0.0,0.25,0.0,0.0,,0,0,5dff6c28,7.9,,,,,,,,,,,,,,,0,,,,,,5dff6c28,7.9,,,,,,,,,,,,,,,,,,,,,5dff6c28,7.9,,5,,,,,,,,,,,5,,,,5dff6c28,Myles Lewis-Skelly__Arsenal
Matthijs de Ligt,nl NED,DF,Manchester Utd,25,1999,13,13,1170,13.0,1,0,1,1,0,0,0,0,0.08,0.0,0.08,0.08,0.08,d6e53a3a,13.0,1,11,3,27.3,0.85,0.23,0.09,0.33,0,0,d6e53a3a,13.0,,,,,,,,,,,,,,,0,,,,,,d6e53a3a,13.0,,,,,,,,,,,,,,,,,,,,,d6e53a3a,13.0,,13,,,,,,,,,,,11,,,,d6e53a3a,Matthijs de Ligt__Manchester Utd
Pedro Lima,br BRA,MF,Wolves,19,2006,9,3,260,2.9,0,0,0,0,0,0,0,0,0.0,0.0,0.0,0.0,0.0,b2f4cad5,2.9,0,4,1,25.0,1.38,0.35,0.0,0.0,0,0,b2f4cad5,2.9,,,,,,,,,,,,,,,0,,,,,,b2f4cad5,2.9,,,,,,,,,,,,,,,,,,,,,b2f4cad5,2.9,,5,,,,,,,,,,,4,,,,b2f4cad5,Pedro Lima__Wolves
Victor Lindelöf,se SWE,DFMF,Aston Villa,31,1994,17,11,948,10.5,0,1,1,0,0,0,0,0,0.0,0.09,0.09,0.0,0.09,f5deef4c,10.5,0,3,0,0.0,0.28,0.0,0.0,,0,0,f5deef4c,10.5,,,,,,,,,,,,,,,1,,,,,,f5deef4c,10.5,,,,,,,,,,,,,,,,,,,,,f5deef4c,10.5,,3,,,,,,,,,,,8,,,,f5deef4c,Victor Lindelöf__Aston Villa
Tino Livramento,eng ENG,DF,Newcastle,22,2002,17,14,1328,14.8,0,1,1,0,0,0,1,0,0.0,0.07,0.07,0.0,0.07,afed6722,14.8,0,3,0,0.0,0.2,0.0,0.0,,0,0,afed6722,14.8,,,,,,,,,,,,,,,1,,,,,,afed6722,14.8,,,,,,,,,,,,,,,,,,,,,afed6722,14.8,,14,,,,,,,,,,,2,,,,afed6722,Tino Livramento__Newcastle
Sean Longstaff,eng ENG,MF,Leeds United,27,1997,23,10,1011,11.2,2,2,4,2,0,0,2,0,0.18,0.18,0.36,0.18,0.36,a2b105e0,11.2,2,16,4,25.0,1.42,0.36,0.13,0.5,0,0,a2b105e0,11.2,,,,,,,,,,,,,,,2,,,,,,a2b105e0,11.2,,,,,,,,,,,,,,,,,,,,,a2b105e0,11.2,,24,,,,,,,,,,,12,,,,a2b105e0,Sean Longstaff__Leeds United
Fer López,es ESP,MF,Wolves,21,2004,9,2,235,2.6,0,1,1,0,0,0,1,0,0.0,0.38,0.38,0.0,0.38,675cacff,2.6,0,5,1,20.0,1.91,0.38,0.0,0.0,0,0,675cacff,2.6,,,,,,,,,,,,,,,1,,,,,,675cacff,2.6,,,,,,,,,,,,,,,,,,,,,675cacff,2.6,,1,,,,,,,,,,,0,,,,675cacff,Fer López__Wolves
Lucas,br BRA,MFDF,Burnley,24,2001,20,15,1409,15.7,0,0,0,0,0,0,1,1,0.0,0.0,0.0,0.0,0.0,5d68f5b2,15.7,0,16,4,25.0,1.02,0.26,0.0,0.0,0,0,5d68f5b2,15.7,,,,,,,,,,,,,,,0,,,,,,5d68f5b2,15.7,,,,,,,,,,,,,,,,,,,,,5d68f5b2,15.7,,22,,,,,,,,,,,19,,,,5d68f5b2,Lucas__Burnley
Lorenzo Lucca,it ITA,FW,Nottingham,24,2000,4,1,129,1.4,1,0,1,1,0,0,0,0,0.7,0.0,0.7,0.7,0.7,83c06f3a,1.4,1,4,1,25.0,2.79,0.7,0.25,1.0,0,0,83c06f3a,1.4,,,,,,,,,,,,,,,0,,,,,,83c06f3a,1.4,,,,,,,,,,,,,,,,,,,,,83c06f3a,1.4,,0,,,,,,,,,,,1,,,,83c06f3a,Lorenzo Lucca__Nottingham
Florentino Luís,pt POR,MF,Burnley,25,1999,31,25,2105,23.4,0,2,2,0,0,0,6,0,0.0,0.09,0.09,0.0,0.09,881cd6be,23.4,0,13,2,15.4,0.56,0.09,0.0,0.0,0,0,881cd6be,23.4,,,,,,,,,,,,,,,2,,,,,,881cd6be,23.4,,,,,,,,,,,,,,,,,,,,,881cd6be,23.4,,49,,,,,,,,,,,40,,,,881cd6be,Florentino Luís__Burnley
Douglas Luiz,br BRA,MF,Aston Villa,27,1998,13,7,604,6.7,1,0,1,1,0,0,1,0,0.15,0.0,0.15,0.15,0.15,6f7d826d,6.7,1,6,4,66.7,0.89,0.6,0.17,0.25,0,0,6f7d826d,6.7,,,,,,,,,,,,,,,0,,,,,,6f7d826d,6.7,,,,,,,,,,,,,,,,,,,,,6f7d826d,6.7,,11,,,,,,,,,,,7,,,,6f7d826d,Douglas Luiz__Aston Villa
Douglas Luiz,br BRA,MF,Nottingham,27,1998,8,5,315,3.5,0,0,0,0,0,0,2,0,0.0,0.0,0.0,0.0,0.0,6f7d826d,3.5,0,5,1,20.0,1.43,0.29,0.0,0.0,0,0,6f7d826d,3.5,,,,,,,,,,,,,,,0,,,,,,6f7d826d,3.5,,,,,,,,,,,,,,,,,,,,,6f7d826d,3.5,,3,,,,,,,,,,,7,,,,6f7d826d,Douglas Luiz__Nottingham
Saša Lukić,rs SRB,MF,Fulham,28,1996,26,20,1734,19.3,1,2,3,1,0,0,9,0,0.05,0.1,0.16,0.05,0.16,c6e8cf1f,19.3,1,18,6,33.3,0.93,0.31,0.06,0.17,0,0,c6e8cf1f,19.3,,,,,,,,,,,,,,,2,,,,,,c6e8cf1f,19.3,,,,,,,,,,,,,,,,,,,,,c6e8cf1f,19.3,,28,,,,,,,,,,,16,,,,c6e8cf1f,Saša Lukić__Fulham
Ian Maatsen,nl NED,DF,Aston Villa,23,2002,30,17,1605,17.8,0,1,1,0,0,0,2,0,0.0,0.06,0.06,0.0,0.06,cab9634e,17.8,0,20,5,25.0,1.12,0.28,0.0,0.0,0,0,cab9634e,17.8,,,,,,,,,,,,,,,1,,,,,,cab9634e,17.8,,,,,,,,,,,,,,,,,,,,,cab9634e,17.8,,31,,,,,,,,,,,18,,,,cab9634e,Ian Maatsen__Aston Villa
Alexis Mac Allister,ar ARG,MF,Liverpool,26,1998,37,31,2658,29.5,2,4,6,2,0,0,7,0,0.07,0.14,0.2,0.07,0.2,83d074ff,29.5,2,52,12,23.1,1.76,0.41,0.04,0.17,0,0,83d074ff,29.5,,,,,,,,,,,,,,,4,,,,,,83d074ff,29.5,,,,,,,,,,,,,,,,,,,,,83d074ff,29.5,,27,,,,,,,,,,,18,,,,83d074ff,Alexis Mac Allister__Liverpool
James Maddison,eng ENG,FWMF,Tottenham,28,1996,3,0,37,0.4,0,0,0,0,0,0,0,0,0.0,0.0,0.0,0.0,0.0,ee38d9c5,0.4,0,2,0,0.0,4.86,0.0,0.0,,0,0,ee38d9c5,0.4,,,,,,,,,,,,,,,0,,,,,,ee38d9c5,0.4,,,,,,,,,,,,,,,,,,,,,ee38d9c5,0.4,,1,,,,,,,,,,,0,,,,ee38d9c5,James Maddison__Tottenham
Noni Madueke,eng ENG,FWMF,Arsenal,23,2002,26,16,1211,13.5,3,1,4,3,0,0,0,0,0.22,0.07,0.3,0.22,0.3,bf34eebd,13.5,3,25,9,36.0,1.86,0.67,0.12,0.33,0,0,bf34eebd,13.5,,,,,,,,,,,,,,,1,,,,,,bf34eebd,13.5,,,,,,,,,,,,,,,,,,,,,bf34eebd,13.5,,10,,,,,,,,,,,5,,,,bf34eebd,Noni Madueke__Arsenal
Gabriel Magalhães,br BRA,DF,Arsenal,27,1997,32,30,2751,30.6,3,4,7,3,0,0,4,0,0.1,0.13,0.23,0.1,0.23,67ac5bb8,30.6,3,27,7,25.9,0.88,0.23,0.11,0.43,0,0,67ac5bb8,30.6,,,,,,,,,,,,,,,4,,,,,,67ac5bb8,30.6,,,,,,,,,,,,,,,,,,,,,67ac5bb8,30.6,,20,,,,,,,,,,,22,,,,67ac5bb8,Gabriel Magalhães__Arsenal
Soungoutou Magassa,fr FRA,MF,West Ham,21,2003,22,11,981,10.9,1,0,1,1,0,0,4,0,0.09,0.0,0.09,0.09,0.09,dfc5d4fa,10.9,1,7,2,28.6,0.64,0.18,0.14,0.5,0,0,dfc5d4fa,10.9,,,,,,,,,,,,,,,0,,,,,,dfc5d4fa,10.9,,,,,,,,,,,,,,,,,,,,,dfc5d4fa,10.9,,23,,,,,,,,,,,17,,,,dfc5d4fa,Soungoutou Magassa__West Ham
Harry Maguire,eng ENG,DF,Manchester Utd,32,1993,23,19,1653,18.4,1,2,3,1,0,0,3,1,0.05,0.11,0.16,0.05,0.16,d8931174,18.4,1,14,4,28.6,0.76,0.22,0.07,0.25,0,0,d8931174,18.4,,,,,,,,,,,,,,,2,,,,,,d8931174,18.4,,,,,,,,,,,,,,,,,,,,,d8931174,18.4,,17,,,,,,,,,,,12,,,,d8931174,Harry Maguire__Manchester Utd
Kobbie Mainoo,eng ENG,MF,Manchester Utd,20,2005,28,16,1662,18.5,1,2,3,1,0,0,2,0,0.05,0.11,0.16,0.05,0.16,c6220452,18.5,1,13,3,23.1,0.7,0.16,0.08,0.33,0,0,c6220452,18.5,,,,,,,,,,,,,,,2,,,,,,c6220452,18.5,,,,,,,,,,,,,,,,,,,,,c6220452,18.5,,20,,,,,,,,,,,19,,,,c6220452,Kobbie Mainoo__Manchester Utd
Tyrell Malacia,nl NED,DF,Manchester Utd,25,1999,3,0,18,0.2,0,0,0,0,0,0,0,0,0.0,0.0,0.0,0.0,0.0,6b6c793c,0.2,0,0,0,,0.0,0.0,,,0,0,6b6c793c,0.2,,,,,,,,,,,,,,,0,,,,,,6b6c793c,0.2,,,,,,,,,,,,,,,,,,,,,6b6c793c,0.2,,1,,,,,,,,,,,0,,,,6b6c793c,Tyrell Malacia__Manchester Utd
Donyell Malen,nl NED,FWMF,Aston Villa,26,1999,21,5,656,7.3,4,1,5,4,0,0,0,0,0.55,0.14,0.69,0.55,0.69,116c35df,7.3,4,27,9,33.3,3.7,1.23,0.15,0.44,0,0,116c35df,7.3,,,,,,,,,,,,,,,1,,,,,,116c35df,7.3,,,,,,,,,,,,,,,,,,,,,116c35df,7.3,,2,,,,,,,,,,,0,,,,116c35df,Donyell Malen__Aston Villa
Giorgi Mamardashvili,ge GEO,GK,Liverpool,24,2000,10,10,867,9.6,0,0,0,0,0,0,0,0,0.0,0.0,0.0,0.0,0.0,d4b73232,9.6,0,0,0,,0.0,0.0,,,0,0,d4b73232,9.6,,,,,,,,,,,,,,,0,,,,,,d4b73232,9.6,,,,,,,,,,,,,,,,,,,,,d4b73232,9.6,,1,,,,,,,,,,,1,,,,d4b73232,Giorgi Mamardashvili__Liverpool
Reinildo Mandava,mz MOZ,DF,Sunderland,31,1994,25,23,1966,21.8,0,1,1,0,0,0,7,1,0.0,0.05,0.05,0.0,0.05,c20bdcd7,21.8,0,4,0,0.0,0.18,0.0,0.0,,0,0,c20bdcd7,21.8,,,,,,,,,,,,,,,1,,,,,,c20bdcd7,21.8,,,,,,,,,,,,,,,,,,,,,c20bdcd7,21.8,,23,,,,,,,,,,,29,,,,c20bdcd7,Reinildo Mandava__Sunderland
Mateus Mane,pt POR,MF,Wolves,17,2007,27,19,1795,19.9,3,1,4,3,0,0,0,0,0.15,0.05,0.2,0.15,0.2,c15cb409,19.9,3,41,17,41.5,2.06,0.85,0.07,0.18,0,0,c15cb409,19.9,,,,,,,,,,,,,,,1,,,,,,c15cb409,19.9,,,,,,,,,,,,,,,,,,,,,c15cb409,19.9,,13,,,,,,,,,,,5,,,,c15cb409,Mateus Mane__Wolves
Bendito Mantato,eng ENG,MF,Manchester Utd,17,2008,1,0,16,0.2,0,0,0,0,0,0,0,0,0.0,0.0,0.0,0.0,0.0,e8a55b80,0.2,0,0,0,,0.0,0.0,,,0,0,e8a55b80,0.2,,,,,,,,,,,,,,,0,,,,,,e8a55b80,0.2,,,,,,,,,,,,,,,,,,,,,e8a55b80,0.2,,0,,,,,,,,,,,0,,,,e8a55b80,Bendito Mantato__Manchester Utd
Solly March,eng ENG,MF,Brighton,31,1994,4,0,41,0.5,0,0,0,0,0,0,0,0,0.0,0.0,0.0,0.0,0.0,bb5fbd2b,0.5,0,1,1,100.0,2.2,2.2,0.0,0.0,0,0,bb5fbd2b,0.5,,,,,,,,,,,,,,,0,,,,,,bb5fbd2b,0.5,,,,,,,,,,,,,,,,,,,,,bb5fbd2b,0.5,,2,,,,,,,,,,,0,,,,bb5fbd2b,Solly March__Brighton
Omar Marmoush,eg EGY,FWMF,Manchester City,26,1999,21,8,700,7.8,3,3,6,3,0,0,3,0,0.39,0.39,0.77,0.39,0.77,0e0102eb,7.8,3,30,9,30.0,3.86,1.16,0.1,0.33,0,0,0e0102eb,7.8,,,,,,,,,,,,,,,3,,,,,,0e0102eb,7.8,,,,,,,,,,,,,,,,,,,,,0e0102eb,7.8,,8,,,,,,,,,,,2,,,,0e0102eb,Omar Marmoush__Manchester City
Callum Marshall,nir NIR,FW,West Ham,20,2004,2,0,60,0.7,0,0,0,0,0,0,0,0,0.0,0.0,0.0,0.0,0.0,3a27f1bf,0.7,0,1,0,0.0,1.5,0.0,0.0,,0,0,3a27f1bf,0.7,,,,,,,,,,,,,,,0,,,,,,3a27f1bf,0.7,,,,,,,,,,,,,,,,,,,,,3a27f1bf,0.7,,0,,,,,,,,,,,2,,,,3a27f1bf,Callum Marshall__West Ham
Gabriel Martinelli,br BRA,FWMF,Arsenal,24,2001,30,11,1081,12.0,1,4,5,1,0,0,3,0,0.08,0.33,0.42,0.08,0.42,48a5a5d6,12.0,1,29,13,44.8,2.41,1.08,0.03,0.08,0,0,48a5a5d6,12.0,,,,,,,,,,,,,,,4,,,,,,48a5a5d6,12.0,,,,,,,,,,,,,,,,,,,,,48a5a5d6,12.0,,8,,,,,,,,,,,1,,,,48a5a5d6,Gabriel Martinelli__Arsenal
Emiliano Martínez,ar ARG,GK,Aston Villa,32,1992,32,32,2835,31.5,0,1,1,0,0,0,2,0,0.0,0.03,0.03,0.0,0.03,7956236f,31.5,0,0,0,,0.0,0.0,,,0,0,7956236f,31.5,,,,,,,,,,,,,,,1,,,,,,7956236f,31.5,,,,,,,,,,,,,,,,,,,,,7956236f,31.5,,0,,,,,,,,,,,0,,,,7956236f,Emiliano Martínez__Aston Villa
Lisandro Martínez,ar ARG,DF,Manchester Utd,27,1998,18,13,1233,13.7,0,0,0,0,0,0,0,1,0.0,0.0,0.0,0.0,0.0,bac46a10,13.7,0,5,0,0.0,0.36,0.0,0.0,,0,0,bac46a10,13.7,,,,,,,,,,,,,,,0,,,,,,bac46a10,13.7,,,,,,,,,,,,,,,,,,,,,bac46a10,13.7,,11,,,,,,,,,,,12,,,,bac46a10,Lisandro Martínez__Manchester Utd
Arthur Masuaku,cd COD,DF,Sunderland,31,1993,3,2,126,1.4,0,0,0,0,0,0,1,0,0.0,0.0,0.0,0.0,0.0,57df7a11,1.4,0,1,0,0.0,0.71,0.0,0.0,,0,0,57df7a11,1.4,,,,,,,,,,,,,,,0,,,,,,57df7a11,1.4,,,,,,,,,,,,,,,,,,,,,57df7a11,1.4,,2,,,,,,,,,,,2,,,,57df7a11,Arthur Masuaku__Sunderland
Pape Matar Sarr,sn SEN,MF,Tottenham,22,2002,26,13,1398,15.5,2,4,6,2,0,0,3,0,0.13,0.26,0.39,0.13,0.39,feb5d972,15.5,2,17,6,35.3,1.09,0.39,0.12,0.33,0,0,feb5d972,15.5,,,,,,,,,,,,,,,4,,,,,,feb5d972,15.5,,,,,,,,,,,,,,,,,,,,,feb5d972,15.5,,21,,,,,,,,,,,14,,,,feb5d972,Pape Matar Sarr__Tottenham
Jean-Philippe Mateta,fr FRA,FW,Crystal Palace,28,1997,32,25,2218,24.6,12,0,12,8,4,4,2,0,0.49,0.0,0.49,0.32,0.32,50e6dc35,24.6,12,63,32,50.8,2.56,1.3,0.19,0.38,4,4,50e6dc35,24.6,,,,,,,,,,,,,,,0,,,,,,50e6dc35,24.6,,,,,,,,,,,,,,,,,,,,,50e6dc35,24.6,,4,,,,,,,,,,,6,,,,50e6dc35,Jean-Philippe Mateta__Crystal Palace
Konstantinos Mavropanos,gr GRE,DF,West Ham,27,1997,31,27,2534,28.2,3,0,3,3,0,0,2,0,0.11,0.0,0.11,0.11,0.11,00963611,28.2,3,23,8,34.8,0.82,0.28,0.13,0.38,0,0,00963611,28.2,,,,,,,,,,,,,,,0,,,,,,00963611,28.2,,,,,,,,,,,,,,,,,,,,,00963611,28.2,,24,,,,,,,,,,,47,,,,00963611,Konstantinos Mavropanos__West Ham
Eliezer Mayenda,es ESP,FWMF,Sunderland,20,2005,20,8,759,8.4,2,0,2,2,0,0,0,0,0.24,0.0,0.24,0.24,0.24,6a021e43,8.4,2,13,6,46.2,1.54,0.71,0.15,0.33,0,0,6a021e43,8.4,,,,,,,,,,,,,,,0,,,,,,6a021e43,8.4,,,,,,,,,,,,,,,,,,,,,6a021e43,8.4,,3,,,,,,,,,,,1,,,,6a021e43,Eliezer Mayenda__Sunderland
Ezra Mayers,bb BRB,DF,West Ham,18,2007,6,0,117,1.3,0,0,0,0,0,0,0,0,0.0,0.0,0.0,0.0,0.0,9a85a651,1.3,0,1,0,0.0,0.77,0.0,0.0,,0,0,9a85a651,1.3,,,,,,,,,,,,,,,0,,,,,,9a85a651,1.3,,,,,,,,,,,,,,,,,,,,,9a85a651,1.3,,0,,,,,,,,,,,1,,,,9a85a651,Ezra Mayers__West Ham
Noussair Mazraoui,ma MAR,DFMF,Manchester Utd,27,1997,20,11,985,10.9,0,0,0,0,0,0,3,0,0.0,0.0,0.0,0.0,0.0,b74277a0,10.9,0,5,0,0.0,0.46,0.0,0.0,,0,0,b74277a0,10.9,,,,,,,,,,,,,,,0,,,,,,b74277a0,10.9,,,,,,,,,,,,,,,,,,,,,b74277a0,10.9,,15,,,,,,,,,,,11,,,,b74277a0,Noussair Mazraoui__Manchester Utd
Bryan Mbeumo,cm CMR,MFFW,Manchester Utd,25,1999,33,31,2609,29.0,11,3,14,11,0,0,4,0,0.38,0.1,0.48,0.38,0.48,6afaebf2,29.0,11,73,32,43.8,2.52,1.1,0.15,0.34,0,0,6afaebf2,29.0,,,,,,,,,,,,,,,3,,,,,,6afaebf2,29.0,,,,,,,,,,,,,,,,,,,,,6afaebf2,29.0,,11,,,,,,,,,,,7,,,,6afaebf2,Bryan Mbeumo__Manchester Utd
James Mcatee,eng ENG,MF,Nottingham,22,2002,14,2,298,3.3,0,1,1,0,0,0,1,0,0.0,0.3,0.3,0.0,0.3,96593e89,3.3,0,4,0,0.0,1.21,0.0,0.0,,0,0,96593e89,3.3,,,,,,,,,,,,,,,1,,,,,,96593e89,3.3,,,,,,,,,,,,,,,,,,,,,96593e89,3.3,,4,,,,,,,,,,,3,,,,96593e89,James Mcatee__Nottingham
John McGinn,sct SCO,MF,Aston Villa,30,1994,30,28,2137,23.7,5,4,9,5,0,0,5,0,0.21,0.17,0.38,0.21,0.38,90f91999,23.7,5,28,12,42.9,1.18,0.51,0.18,0.42,0,0,90f91999,23.7,,,,,,,,,,,,,,,4,,,,,,90f91999,23.7,,,,,,,,,,,,,,,,,,,,,90f91999,23.7,,17,,,,,,,,,,,12,,,,90f91999,John McGinn__Aston Villa
Dwight McNeil,eng ENG,MF,Everton,25,1999,22,14,1168,13.0,0,1,1,0,0,0,1,0,0.0,0.08,0.08,0.0,0.08,fc15fb84,13.0,0,24,5,20.8,1.85,0.39,0.0,0.0,0,0,fc15fb84,13.0,,,,,,,,,,,,,,,1,,,,,,fc15fb84,13.0,,,,,,,,,,,,,,,,,,,,,fc15fb84,13.0,,16,,,,,,,,,,,10,,,,fc15fb84,Dwight McNeil__Everton
Hannibal Mejbri,tn TUN,MF,Burnley,22,2003,27,15,1229,13.7,1,4,5,1,0,0,10,0,0.07,0.29,0.37,0.07,0.37,ca22ccb0,13.7,1,19,5,26.3,1.39,0.37,0.05,0.2,0,0,ca22ccb0,13.7,,,,,,,,,,,,,,,4,,,,,,ca22ccb0,13.7,,,,,,,,,,,,,,,,,,,,,ca22ccb0,13.7,,17,,,,,,,,,,,7,,,,ca22ccb0,Hannibal Mejbri__Burnley
Mikel Merino,es ESP,MFFW,Arsenal,29,1996,22,10,1036,11.5,4,3,7,4,0,0,1,0,0.35,0.26,0.61,0.35,0.61,d080ed5e,11.5,4,22,8,36.4,1.91,0.69,0.18,0.5,0,0,d080ed5e,11.5,,,,,,,,,,,,,,,3,,,,,,d080ed5e,11.5,,,,,,,,,,,,,,,,,,,,,d080ed5e,11.5,,13,,,,,,,,,,,9,,,,d080ed5e,Mikel Merino__Arsenal
Shumaira Mheuka,eng ENG,FW,Chelsea,17,2007,1,0,2,0.0,0,0,0,0,0,0,0,0,0.0,0.0,0.0,0.0,0.0,43d0b694,0.0,0,0,0,,0.0,0.0,,,0,0,43d0b694,0.0,,,,,,,,,,,,,,,0,,,,,,43d0b694,0.0,,,,,,,,,,,,,,,,,,,,,43d0b694,0.0,,0,,,,,,,,,,,0,,,,43d0b694,Shumaira Mheuka__Chelsea
Antoni Milambo,nl NED,MF,Brentford,20,2005,1,1,45,0.5,0,0,0,0,0,0,0,0,0.0,0.0,0.0,0.0,0.0,b05f4787,0.5,0,0,0,,0.0,0.0,,,0,0,b05f4787,0.5,,,,,,,,,,,,,,,0,,,,,,b05f4787,0.5,,,,,,,,,,,,,,,,,,,,,b05f4787,0.5,,1,,,,,,,,,,,0,,,,b05f4787,Antoni Milambo__Brentford
Nikola Milenković,rs SRB,DF,Nottingham,27,1997,38,37,3375,37.5,0,0,0,0,0,0,6,0,0.0,0.0,0.0,0.0,0.0,bee704fc,37.5,0,16,1,6.3,0.43,0.03,0.0,0.0,0,0,bee704fc,37.5,,,,,,,,,,,,,,,0,,,,,,bee704fc,37.5,,,,,,,,,,,,,,,,,,,,,bee704fc,37.5,,19,,,,,,,,,,,29,,,,bee704fc,Nikola Milenković__Nottingham
Lewis Miley,eng ENG,MFDF,Newcastle,19,2006,23,15,1496,16.6,1,4,5,1,0,0,0,0,0.06,0.24,0.3,0.06,0.3,2c6835e5,16.6,1,12,4,33.3,0.72,0.24,0.08,0.25,0,0,2c6835e5,16.6,,,,,,,,,,,,,,,4,,,,,,2c6835e5,16.6,,,,,,,,,,,,,,,,,,,,,2c6835e5,16.6,,18,,,,,,,,,,,20,,,,2c6835e5,Lewis Miley__Newcastle
James Milner,eng ENG,MF,Brighton,39,1986,20,7,784,8.7,1,1,2,0,1,1,2,0,0.11,0.11,0.23,0.0,0.11,2f90f6b8,8.7,1,8,2,25.0,0.92,0.23,0.13,0.5,1,1,2f90f6b8,8.7,,,,,,,,,,,,,,,1,,,,,,2f90f6b8,8.7,,,,,,,,,,,,,,,,,,,,,2f90f6b8,8.7,,9,,,,,,,,,,,5,,,,2f90f6b8,James Milner__Brighton
Veljko Milosavljević,rs SRB,DF,Bournemouth,18,2007,7,4,368,4.1,0,0,0,0,0,0,0,0,0.0,0.0,0.0,0.0,0.0,c478319d,4.1,0,1,0,0.0,0.24,0.0,0.0,,0,0,c478319d,4.1,,,,,,,,,,,,,,,0,,,,,,c478319d,4.1,,,,,,,,,,,,,,,,,,,,,c478319d,4.1,,4,,,,,,,,,,,4,,,,c478319d,Veljko Milosavljević__Bournemouth
Tyrone Mings,eng ENG,DF,Aston Villa,32,1993,17,15,1324,14.7,0,0,0,0,0,0,1,0,0.0,0.0,0.0,0.0,0.0,8397a50c,14.7,0,9,1,11.1,0.61,0.07,0.0,0.0,0,0,8397a50c,14.7,,,,,,,,,,,,,,,0,,,,,,8397a50c,14.7,,,,,,,,,,,,,,,,,,,,,8397a50c,14.7,,2,,,,,,,,,,,11,,,,8397a50c,Tyrone Mings__Aston Villa
Yankuba Minteh,gm GAM,MF,Brighton,21,2004,34,26,2391,26.6,3,4,7,3,0,0,3,0,0.11,0.15,0.26,0.11,0.26,c3cf087d,26.6,3,41,11,26.8,1.54,0.41,0.07,0.27,0,0,c3cf087d,26.6,,,,,,,,,,,,,,,4,,,,,,c3cf087d,26.6,,,,,,,,,,,,,,,,,,,,,c3cf087d,26.6,,37,,,,,,,,,,,15,,,,c3cf087d,Yankuba Minteh__Brighton
Tyrick Mitchell,eng ENG,MF,Crystal Palace,25,1999,38,36,3251,36.1,1,2,3,1,0,0,6,0,0.03,0.06,0.08,0.03,0.08,5cbd1eb0,36.1,1,19,7,36.8,0.53,0.19,0.05,0.14,0,0,5cbd1eb0,36.1,,,,,,,,,,,,,,,2,,,,,,5cbd1eb0,36.1,,,,,,,,,,,,,,,,,,,,,5cbd1eb0,36.1,,65,,,,,,,,,,,33,,,,5cbd1eb0,Tyrick Mitchell__Crystal Palace
Kaoru Mitoma,jp JPN,MFFW,Brighton,28,1997,25,19,1721,19.1,3,1,4,3,0,0,5,0,0.16,0.05,0.21,0.16,0.21,74618572,19.1,3,32,13,40.6,1.67,0.68,0.09,0.23,0,0,74618572,19.1,,,,,,,,,,,,,,,1,,,,,,74618572,19.1,,,,,,,,,,,,,,,,,,,,,74618572,19.1,,12,,,,,,,,,,,8,,,,74618572,Kaoru Mitoma__Brighton
Morato,br BRA,DF,Nottingham,24,2001,21,14,1345,14.9,1,0,1,1,0,0,5,0,0.07,0.0,0.07,0.07,0.07,0f41e2ee,14.9,1,5,2,40.0,0.33,0.13,0.2,0.5,0,0,0f41e2ee,14.9,,,,,,,,,,,,,,,0,,,,,,0f41e2ee,14.9,,,,,,,,,,,,,,,,,,,,,0f41e2ee,14.9,,18,,,,,,,,,,,11,,,,0f41e2ee,Morato__Nottingham
Cristhian Mosquera,es ESP,DF,Arsenal,21,2004,20,9,994,11.0,0,0,0,0,0,0,4,0,0.0,0.0,0.0,0.0,0.0,dc1ce4f5,11.0,0,1,0,0.0,0.09,0.0,0.0,,0,0,dc1ce4f5,11.0,,,,,,,,,,,,,,,0,,,,,,dc1ce4f5,11.0,,,,,,,,,,,,,,,,,,,,,dc1ce4f5,11.0,,21,,,,,,,,,,,8,,,,dc1ce4f5,Cristhian Mosquera__Arsenal
Yerson Mosquera,co COL,DF,Wolves,24,2001,27,24,2136,23.7,0,0,0,0,0,0,12,0,0.0,0.0,0.0,0.0,0.0,1e159d70,23.7,0,30,6,20.0,1.26,0.25,0.0,0.0,0,0,1e159d70,23.7,,,,,,,,,,,,,,,0,,,,,,1e159d70,23.7,,,,,,,,,,,,,,,,,,,,,1e159d70,23.7,,36,,,,,,,,,,,25,,,,1e159d70,Yerson Mosquera__Wolves
Mason Mount,eng ENG,MF,Manchester Utd,26,1999,23,12,1017,11.3,3,0,3,3,0,0,2,0,0.27,0.0,0.27,0.27,0.27,9674002f,11.3,3,19,5,26.3,1.68,0.44,0.16,0.6,0,0,9674002f,11.3,,,,,,,,,,,,,,,0,,,,,,9674002f,11.3,,,,,,,,,,,,,,,,,,,,,9674002f,11.3,,13,,,,,,,,,,,9,,,,9674002f,Mason Mount__Manchester Utd
Divine Mukasa,eng ENG,MF,Manchester City,17,2007,2,0,27,0.3,0,0,0,0,0,0,0,0,0.0,0.0,0.0,0.0,0.0,ce7ae86a,0.3,0,0,0,,0.0,0.0,,,0,0,ce7ae86a,0.3,,,,,,,,,,,,,,,0,,,,,,ce7ae86a,0.3,,,,,,,,,,,,,,,,,,,,,ce7ae86a,0.3,,0,,,,,,,,,,,0,,,,ce7ae86a,Divine Mukasa__Manchester City
Nordi Mukiele,fr FRA,DF,Sunderland,27,1997,32,32,2784,30.9,3,3,6,3,0,0,5,0,0.1,0.1,0.19,0.1,0.19,ac73ec79,30.9,3,26,4,15.4,0.84,0.13,0.12,0.75,0,0,ac73ec79,30.9,,,,,,,,,,,,,,,3,,,,,,ac73ec79,30.9,,,,,,,,,,,,,,,,,,,,,ac73ec79,30.9,,45,,,,,,,,,,,37,,,,ac73ec79,Nordi Mukiele__Sunderland
Romaine Mundle,eng ENG,MF,Sunderland,22,2003,14,2,411,4.6,0,0,0,0,0,0,1,0,0.0,0.0,0.0,0.0,0.0,597610cd,4.6,0,7,2,28.6,1.53,0.44,0.0,0.0,0,0,597610cd,4.6,,,,,,,,,,,,,,,0,,,,,,597610cd,4.6,,,,,,,,,,,,,,,,,,,,,597610cd,4.6,,4,,,,,,,,,,,1,,,,597610cd,Romaine Mundle__Sunderland
Marshall Munetsi,zw ZIM,MFFW,Wolves,29,1996,13,9,875,9.7,1,1,2,1,0,0,2,0,0.1,0.1,0.21,0.1,0.21,2acf0cd7,9.7,1,14,6,42.9,1.44,0.62,0.07,0.17,0,0,2acf0cd7,9.7,,,,,,,,,,,,,,,1,,,,,,2acf0cd7,9.7,,,,,,,,,,,,,,,,,,,,,2acf0cd7,9.7,,13,,,,,,,,,,,5,,,,2acf0cd7,Marshall Munetsi__Wolves
Rodrigo Muniz,br BRA,FW,Fulham,24,2001,21,10,1000,11.1,1,1,2,1,0,0,2,0,0.09,0.09,0.18,0.09,0.18,a755db8c,11.1,1,32,5,15.6,2.88,0.45,0.03,0.2,0,0,a755db8c,11.1,,,,,,,,,,,,,,,1,,,,,,a755db8c,11.1,,,,,,,,,,,,,,,,,,,,,a755db8c,11.1,,3,,,,,,,,,,,2,,,,a755db8c,Rodrigo Muniz__Fulham
Daniel Muñoz,co COL,MF,Crystal Palace,29,1996,29,29,2399,26.7,4,3,7,4,0,0,7,0,0.15,0.11,0.26,0.15,0.26,778ef829,26.7,4,26,12,46.2,0.98,0.45,0.15,0.33,0,0,778ef829,26.7,,,,,,,,,,,,,,,3,,,,,,778ef829,26.7,,,,,,,,,,,,,,,,,,,,,778ef829,26.7,,48,,,,,,,,,,,24,,,,778ef829,Daniel Muñoz__Crystal Palace
Murillo,br BRA,DF,Nottingham,23,2002,25,25,2130,23.7,1,0,1,1,0,0,5,0,0.04,0.0,0.04,0.04,0.04,1704b0b8,23.7,1,11,4,36.4,0.46,0.17,0.09,0.25,0,0,1704b0b8,23.7,,,,,,,,,,,,,,,0,,,,,,1704b0b8,23.7,,,,,,,,,,,,,,,,,,,,,1704b0b8,23.7,,23,,,,,,,,,,,29,,,,1704b0b8,Murillo__Nottingham
Alex Murphy,ie IRL,DF,Newcastle,21,2004,2,0,9,0.1,0,0,0,0,0,0,0,0,0.0,0.0,0.0,0.0,0.0,f1c42eb3,0.1,0,0,0,,0.0,0.0,,,0,0,f1c42eb3,0.1,,,,,,,,,,,,,,,0,,,,,,f1c42eb3,0.1,,,,,,,,,,,,,,,,,,,,,f1c42eb3,0.1,,0,,,,,,,,,,,1,,,,f1c42eb3,Alex Murphy__Newcastle
Jacob Murphy,eng ENG,FWMF,Newcastle,30,1995,33,19,1617,18.0,3,2,5,3,0,0,2,0,0.17,0.11,0.28,0.17,0.28,de112b84,18.0,3,42,13,31.0,2.34,0.72,0.07,0.23,0,0,de112b84,18.0,,,,,,,,,,,,,,,2,,,,,,de112b84,18.0,,,,,,,,,,,,,,,,,,,,,de112b84,18.0,,12,,,,,,,,,,,6,,,,de112b84,Jacob Murphy__Newcastle
Vitaliy Mykolenko,ua UKR,DF,Everton,26,1999,33,33,2958,32.9,0,1,1,0,0,0,6,0,0.0,0.03,0.03,0.0,0.03,30d4a2e5,32.9,0,9,2,22.2,0.27,0.06,0.0,0.0,0,0,30d4a2e5,32.9,,,,,,,,,,,,,,,1,,,,,,30d4a2e5,32.9,,,,,,,,,,,,,,,,,,,,,30d4a2e5,32.9,,25,,,,,,,,,,,27,,,,30d4a2e5,Vitaliy Mykolenko__Everton
David Møller Wolfe,no NOR,MFDF,Wolves,23,2002,22,11,1049,11.7,0,2,2,0,0,0,1,0,0.0,0.17,0.17,0.0,0.17,9affc5f2,11.7,0,3,0,0.0,0.26,0.0,0.0,,0,0,9affc5f2,11.7,,,,,,,,,,,,,,,2,,,,,,9affc5f2,11.7,,,,,,,,,,,,,,,,,,,,,9affc5f2,11.7,,5,,,,,,,,,,,7,,,,9affc5f2,David Møller Wolfe__Wolves
Iliman Ndiaye,sn SEN,MF,Everton,25,2000,32,32,2778,30.9,6,3,9,4,2,2,2,0,0.19,0.1,0.29,0.13,0.23,5ed97752,30.9,6,43,22,51.2,1.39,0.71,0.14,0.27,2,2,5ed97752,30.9,,,,,,,,,,,,,,,3,,,,,,5ed97752,30.9,,,,,,,,,,,,,,,,,,,,,5ed97752,30.9,,40,,,,,,,,,,,17,,,,5ed97752,Iliman Ndiaye__Everton
Dan Ndoye,ch SUI,MF,Nottingham,24,2000,24,14,1173,13.0,1,1,2,1,0,0,1,0,0.08,0.08,0.15,0.08,0.15,8e697a8f,13.0,1,15,4,26.7,1.15,0.31,0.07,0.25,0,0,8e697a8f,13.0,,,,,,,,,,,,,,,1,,,,,,8e697a8f,13.0,,,,,,,,,,,,,,,,,,,,,8e697a8f,13.0,,11,,,,,,,,,,,10,,,,8e697a8f,Dan Ndoye__Nottingham
Sean Neave,eng ENG,FW,Newcastle,18,2007,1,0,14,0.2,0,0,0,0,0,0,0,0,0.0,0.0,0.0,0.0,0.0,ff392864,0.2,0,1,0,0.0,6.43,0.0,0.0,,0,0,ff392864,0.2,,,,,,,,,,,,,,,0,,,,,,ff392864,0.2,,,,,,,,,,,,,,,,,,,,,ff392864,0.2,,0,,,,,,,,,,,0,,,,ff392864,Sean Neave__Newcastle
Dan Neil,eng ENG,MF,Sunderland,23,2001,3,0,14,0.2,0,0,0,0,0,0,0,0,0.0,0.0,0.0,0.0,0.0,a47ad0f5,0.2,0,0,0,,0.0,0.0,,,0,0,a47ad0f5,0.2,,,,,,,,,,,,,,,0,,,,,,a47ad0f5,0.2,,,,,,,,,,,,,,,,,,,,,a47ad0f5,0.2,,0,,,,,,,,,,,1,,,,a47ad0f5,Dan Neil__Sunderland
Reiss Nelson,eng ENG,FWMF,Brentford,25,1999,10,0,126,1.4,0,1,1,0,0,0,0,0,0.0,0.71,0.71,0.0,0.71,c5bdb6e3,1.4,0,5,1,20.0,3.57,0.71,0.0,0.0,0,0,c5bdb6e3,1.4,,,,,,,,,,,,,,,1,,,,,,c5bdb6e3,1.4,,,,,,,,,,,,,,,,,,,,,c5bdb6e3,1.4,,3,,,,,,,,,,,0,,,,c5bdb6e3,Reiss Nelson__Brentford
Pedro Neto,pt POR,MFFW,Chelsea,25,2000,34,30,2631,29.2,5,6,11,5,0,0,4,1,0.17,0.21,0.38,0.17,0.38,7ba2eaa9,29.2,5,46,13,28.3,1.57,0.44,0.11,0.38,0,0,7ba2eaa9,29.2,,,,,,,,,,,,,,,6,,,,,,7ba2eaa9,29.2,,,,,,,,,,,,,,,,,,,,,7ba2eaa9,29.2,,11,,,,,,,,,,,6,,,,7ba2eaa9,Pedro Neto__Chelsea
Luca Netz,de GER,DFMF,Nottingham,22,2003,7,3,357,4.0,0,0,0,0,0,0,0,0,0.0,0.0,0.0,0.0,0.0,e79269bd,4.0,0,0,0,,0.0,0.0,,,0,0,e79269bd,4.0,,,,,,,,,,,,,,,0,,,,,,e79269bd,4.0,,,,,,,,,,,,,,,,,,,,,e79269bd,4.0,,8,,,,,,,,,,,1,,,,e79269bd,Luca Netz__Nottingham
Rio Ngumoha,eng ENG,MF,Liverpool,16,2008,19,5,560,6.2,2,1,3,2,0,0,0,0,0.32,0.16,0.48,0.32,0.48,022eca88,6.2,2,16,6,37.5,2.57,0.96,0.13,0.33,0,0,022eca88,6.2,,,,,,,,,,,,,,,1,,,,,,022eca88,6.2,,,,,,,,,,,,,,,,,,,,,022eca88,6.2,,2,,,,,,,,,,,3,,,,022eca88,Rio Ngumoha__Liverpool
Eddie Nketiah,eng ENG,MF,Crystal Palace,26,1999,12,2,424,4.7,2,0,2,2,0,0,2,0,0.42,0.0,0.42,0.42,0.42,a53649b7,4.7,2,15,6,40.0,3.18,1.27,0.13,0.33,0,0,a53649b7,4.7,,,,,,,,,,,,,,,0,,,,,,a53649b7,4.7,,,,,,,,,,,,,,,,,,,,,a53649b7,4.7,,6,,,,,,,,,,,2,,,,a53649b7,Eddie Nketiah__Crystal Palace
Lukas Nmecha,de GER,FW,Leeds United,26,1998,31,10,1083,12.0,6,1,7,4,2,3,0,0,0.5,0.08,0.58,0.33,0.42,0cc5f4a5,12.0,6,30,16,53.3,2.49,1.33,0.2,0.38,2,3,0cc5f4a5,12.0,,,,,,,,,,,,,,,1,,,,,,0cc5f4a5,12.0,,,,,,,,,,,,,,,,,,,,,0cc5f4a5,12.0,,7,,,,,,,,,,,3,,,,0cc5f4a5,Lukas Nmecha__Leeds United
Matheus Nunes,pt POR,DF,Manchester City,26,1998,34,32,2862,31.8,1,5,6,1,0,0,5,0,0.03,0.16,0.19,0.03,0.19,e6af02e0,31.8,1,7,2,28.6,0.22,0.06,0.14,0.5,0,0,e6af02e0,31.8,,,,,,,,,,,,,,,5,,,,,,e6af02e0,31.8,,,,,,,,,,,,,,,,,,,,,e6af02e0,31.8,,41,,,,,,,,,,,29,,,,e6af02e0,Matheus Nunes__Manchester City
Ethan Nwaneri,eng ENG,MF,Arsenal,18,2007,6,0,171,1.9,0,0,0,0,0,0,0,0,0.0,0.0,0.0,0.0,0.0,7f94982c,1.9,0,6,0,0.0,3.16,0.0,0.0,,0,0,7f94982c,1.9,,,,,,,,,,,,,,,0,,,,,,7f94982c,1.9,,,,,,,,,,,,,,,,,,,,,7f94982c,1.9,,0,,,,,,,,,,,0,,,,7f94982c,Ethan Nwaneri__Arsenal
Trey Nyoni,eng ENG,MF,Liverpool,18,2007,6,0,24,0.3,0,0,0,0,0,0,0,0,0.0,0.0,0.0,0.0,0.0,1d3b3d77,0.3,0,1,0,0.0,3.75,0.0,0.0,,0,0,1d3b3d77,0.3,,,,,,,,,,,,,,,0,,,,,,1d3b3d77,0.3,,,,,,,,,,,,,,,,,,,,,1d3b3d77,0.3,,0,,,,,,,,,,,0,,,,1d3b3d77,Trey Nyoni__Liverpool
Christian Nørgaard,dk DEN,MF,Arsenal,31,1994,7,1,106,1.2,0,0,0,0,0,0,0,0,0.0,0.0,0.0,0.0,0.0,df0a4c90,1.2,0,2,1,50.0,1.7,0.85,0.0,0.0,0,0,df0a4c90,1.2,,,,,,,,,,,,,,,0,,,,,,df0a4c90,1.2,,,,,,,,,,,,,,,,,,,,,df0a4c90,1.2,,2,,,,,,,,,,,1,,,,df0a4c90,Christian Nørgaard__Arsenal
Jake O'Brien,ie IRL,DF,Everton,24,2001,37,35,3120,34.7,1,1,2,1,0,0,6,1,0.03,0.03,0.06,0.03,0.06,25f2ef01,34.7,1,13,6,46.2,0.37,0.17,0.08,0.17,0,0,25f2ef01,34.7,,,,,,,,,,,,,,,1,,,,,,25f2ef01,34.7,,,,,,,,,,,,,,,,,,,,,25f2ef01,34.7,,32,,,,,,,,,,,13,,,,25f2ef01,Jake O'Brien__Everton
Luke O'Nien,eng ENG,DF,Sunderland,30,1994,12,5,569,6.3,0,1,1,0,0,0,1,1,0.0,0.16,0.16,0.0,0.16,8092d497,6.3,0,4,1,25.0,0.63,0.16,0.0,0.0,0,0,8092d497,6.3,,,,,,,,,,,,,,,1,,,,,,8092d497,6.3,,,,,,,,,,,,,,,,,,,,,8092d497,6.3,,6,,,,,,,,,,,6,,,,8092d497,Luke O'Nien__Sunderland
Nico O'Reilly,eng ENG,DFMF,Manchester City,20,2005,34,29,2646,29.4,5,3,8,5,0,0,5,0,0.17,0.1,0.27,0.17,0.27,91ca4a16,29.4,5,41,15,36.6,1.39,0.51,0.12,0.33,0,0,91ca4a16,29.4,,,,,,,,,,,,,,,3,,,,,,91ca4a16,29.4,,,,,,,,,,,,,,,,,,,,,91ca4a16,29.4,,36,,,,,,,,,,,20,,,,91ca4a16,Nico O'Reilly__Manchester City
Matt O'Riley,dk DEN,MF,Brighton,24,2000,6,2,204,2.3,1,0,1,0,1,1,0,0,0.44,0.0,0.44,0.0,0.0,fb495bb8,2.3,1,4,2,50.0,1.76,0.88,0.25,0.5,1,1,fb495bb8,2.3,,,,,,,,,,,,,,,0,,,,,,fb495bb8,2.3,,,,,,,,,,,,,,,,,,,,,fb495bb8,2.3,,2,,,,,,,,,,,0,,,,fb495bb8,Matt O'Riley__Brighton
Wilson Odobert,fr FRA,MFFW,Tottenham,20,2004,24,10,985,10.9,0,2,2,0,0,0,0,0,0.0,0.18,0.18,0.0,0.18,35516eac,10.9,0,21,8,38.1,1.92,0.73,0.0,0.0,0,0,35516eac,10.9,,,,,,,,,,,,,,,2,,,,,,35516eac,10.9,,,,,,,,,,,,,,,,,,,,,35516eac,10.9,,8,,,,,,,,,,,0,,,,35516eac,Wilson Odobert__Tottenham
Noah Okafor,ch SUI,FWMF,Leeds United,25,2000,28,19,1561,17.3,8,1,9,8,0,0,3,0,0.46,0.06,0.52,0.46,0.52,ca607d59,17.3,8,35,15,42.9,2.02,0.86,0.23,0.53,0,0,ca607d59,17.3,,,,,,,,,,,,,,,1,,,,,,ca607d59,17.3,,,,,,,,,,,,,,,,,,,,,ca607d59,17.3,,15,,,,,,,,,,,12,,,,ca607d59,Noah Okafor__Leeds United
Callum Olusesi,eng ENG,MF,Tottenham,18,2007,1,0,15,0.2,0,0,0,0,0,0,0,0,0.0,0.0,0.0,0.0,0.0,d6455444,0.2,0,0,0,,0.0,0.0,,,0,0,d6455444,0.2,,,,,,,,,,,,,,,0,,,,,,d6455444,0.2,,,,,,,,,,,,,,,,,,,,,d6455444,0.2,,0,,,,,,,,,,,0,,,,d6455444,Callum Olusesi__Tottenham
Amadou Onana,be BEL,MF,Aston Villa,23,2001,25,21,1758,19.5,2,0,2,2,0,0,3,0,0.1,0.0,0.1,0.1,0.1,828657ff,19.5,2,19,7,36.8,0.97,0.36,0.11,0.29,0,0,828657ff,19.5,,,,,,,,,,,,,,,0,,,,,,828657ff,19.5,,,,,,,,,,,,,,,,,,,,,828657ff,19.5,,30,,,,,,,,,,,19,,,,828657ff,Amadou Onana__Aston Villa
Frank Onyeka,ng NGA,MF,Brentford,27,1998,6,0,92,1.0,0,1,1,0,0,0,0,0,0.0,0.98,0.98,0.0,0.98,2944f86f,1.0,0,0,0,,0.0,0.0,,,0,0,2944f86f,1.0,,,,,,,,,,,,,,,1,,,,,,2944f86f,1.0,,,,,,,,,,,,,,,,,,,,,2944f86f,1.0,,0,,,,,,,,,,,0,,,,2944f86f,Frank Onyeka__Brentford
Nehemiah Oriola,eng ENG,MF,Brighton,18,2007,1,0,1,0.0,0,0,0,0,0,0,0,0,0.0,0.0,0.0,0.0,0.0,febb2831,0.0,0,0,0,,0.0,0.0,,,0,0,febb2831,0.0,,,,,,,,,,,,,,,0,,,,,,febb2831,0.0,,,,,,,,,,,,,,,,,,,,,febb2831,0.0,,0,,,,,,,,,,,0,,,,febb2831,Nehemiah Oriola__Brighton
Stefan Ortega,de GER,GK,Nottingham,32,1992,3,3,270,3.0,0,0,0,0,0,0,0,0,0.0,0.0,0.0,0.0,0.0,c1242d4e,3.0,0,0,0,,0.0,0.0,,,0,0,c1242d4e,3.0,,,,,,,,,,,,,,,0,,,,,,c1242d4e,3.0,,,,,,,,,,,,,,,,,,,,,c1242d4e,3.0,,0,,,,,,,,,,,0,,,,c1242d4e,Stefan Ortega__Nottingham
William Osula,dk DEN,FW,Newcastle,21,2003,24,8,819,9.1,7,0,7,7,0,0,0,0,0.77,0.0,0.77,0.77,0.77,7b355808,9.1,7,23,12,52.2,2.53,1.32,0.3,0.58,0,0,7b355808,9.1,,,,,,,,,,,,,,,0,,,,,,7b355808,9.1,,,,,,,,,,,,,,,,,,,,,7b355808,9.1,,5,,,,,,,,,,,1,,,,7b355808,William Osula__Newcastle
Dango Ouattara,bf BFA,MF,Brentford,23,2002,32,25,2276,25.3,7,3,10,7,0,0,5,0,0.28,0.12,0.4,0.28,0.4,2f9e4435,25.3,7,56,20,35.7,2.21,0.79,0.13,0.35,0,0,2f9e4435,25.3,,,,,,,,,,,,,,,3,,,,,,2f9e4435,25.3,,,,,,,,,,,,,,,,,,,,,2f9e4435,25.3,,14,,,,,,,,,,,24,,,,2f9e4435,Dango Ouattara__Brentford
Pablo,br BRA,MFFW,West Ham,21,2004,14,10,823,9.1,0,1,1,0,0,0,0,0,0.0,0.11,0.11,0.0,0.11,866ba412,9.1,0,12,3,25.0,1.31,0.33,0.0,0.0,0,0,866ba412,9.1,,,,,,,,,,,,,,,1,,,,,,866ba412,9.1,,,,,,,,,,,,,,,,,,,,,866ba412,9.1,,14,,,,,,,,,,,5,,,,866ba412,Pablo__West Ham
João Palhinha,pt POR,MF,Tottenham,30,1995,33,23,2198,24.4,5,2,7,5,0,0,8,0,0.2,0.08,0.29,0.2,0.29,a78ff07f,24.4,5,33,9,27.3,1.35,0.37,0.15,0.56,0,0,a78ff07f,24.4,,,,,,,,,,,,,,,2,,,,,,a78ff07f,24.4,,,,,,,,,,,,,,,,,,,,,a78ff07f,24.4,,61,,,,,,,,,,,28,,,,a78ff07f,João Palhinha__Tottenham
Cole Palmer,eng ENG,MF,Chelsea,23,2002,26,24,1955,21.7,10,1,11,5,5,6,5,0,0.46,0.05,0.51,0.23,0.28,dc7f8a28,21.7,10,64,25,39.1,2.95,1.15,0.16,0.4,5,6,dc7f8a28,21.7,,,,,,,,,,,,,,,1,,,,,,dc7f8a28,21.7,,,,,,,,,,,,,,,,,,,,,dc7f8a28,21.7,,12,,,,,,,,,,,13,,,,dc7f8a28,Cole Palmer__Chelsea
Lucas Paquetá,br BRA,MFFW,West Ham,27,1997,18,18,1511,16.8,4,1,5,2,2,2,7,1,0.24,0.06,0.3,0.12,0.18,9b6f7fd5,16.8,4,23,11,47.8,1.37,0.66,0.17,0.36,2,2,9b6f7fd5,16.8,,,,,,,,,,,,,,,1,,,,,,9b6f7fd5,16.8,,,,,,,,,,,,,,,,,,,,,9b6f7fd5,16.8,,22,,,,,,,,,,,7,,,,9b6f7fd5,Lucas Paquetá__West Ham
Nathan Patterson,sct SCO,DF,Everton,23,2001,7,3,241,2.7,0,0,0,0,0,0,0,0,0.0,0.0,0.0,0.0,0.0,230f0471,2.7,0,1,1,100.0,0.37,0.37,0.0,0.0,0,0,230f0471,2.7,,,,,,,,,,,,,,,0,,,,,,230f0471,2.7,,,,,,,,,,,,,,,,,,,,,230f0471,2.7,,4,,,,,,,,,,,2,,,,230f0471,Nathan Patterson__Everton
Myles Peart-Harris,eng ENG,MF,Brentford,22,2002,1,0,1,0.0,0,0,0,0,0,0,0,0,0.0,0.0,0.0,0.0,0.0,ea1a5662,0.0,0,0,0,,0.0,0.0,,,0,0,ea1a5662,0.0,,,,,,,,,,,,,,,0,,,,,,ea1a5662,0.0,,,,,,,,,,,,,,,,,,,,,ea1a5662,0.0,,0,,,,,,,,,,,0,,,,ea1a5662,Myles Peart-Harris__Brentford
Lucas Perri,br BRA,GK,Leeds United,27,1997,16,16,1440,16.0,0,0,0,0,0,0,2,0,0.0,0.0,0.0,0.0,0.0,5dbd461a,16.0,0,0,0,,0.0,0.0,,,0,0,5dbd461a,16.0,,,,,,,,,,,,,,,0,,,,,,5dbd461a,16.0,,,,,,,,,,,,,,,,,,,,,5dbd461a,16.0,,0,,,,,,,,,,,0,,,,5dbd461a,Lucas Perri__Leeds United
Đorđe Petrović,rs SRB,GK,Bournemouth,25,1999,38,38,3420,38.0,0,0,0,0,0,0,3,0,0.0,0.0,0.0,0.0,0.0,0cf321c8,38.0,0,0,0,,0.0,0.0,,,0,0,0cf321c8,38.0,,,,,,,,,,,,,,,0,,,,,,0cf321c8,38.0,,,,,,,,,,,,,,,,,,,,,0cf321c8,38.0,,0,,,,,,,,,,,0,,,,0cf321c8,Đorđe Petrović__Bournemouth
Jordan Pickford,eng ENG,GK,Everton,31,1994,38,38,3420,38.0,0,0,0,0,0,0,4,0,0.0,0.0,0.0,0.0,0.0,4806ec67,38.0,0,0,0,,0.0,0.0,,,0,0,4806ec67,38.0,,,,,,,,,,,,,,,0,,,,,,4806ec67,38.0,,,,,,,,,,,,,,,,,,,,,4806ec67,38.0,,1,,,,,,,,,,,0,,,,4806ec67,Jordan Pickford__Everton
Ethan Pinnock,jm JAM,DF,Brentford,32,1993,4,4,318,3.5,0,0,0,0,0,0,1,0,0.0,0.0,0.0,0.0,0.0,e541326e,3.5,0,1,1,100.0,0.28,0.28,0.0,0.0,0,0,e541326e,3.5,,,,,,,,,,,,,,,0,,,,,,e541326e,3.5,,,,,,,,,,,,,,,,,,,,,e541326e,3.5,,5,,,,,,,,,,,5,,,,e541326e,Ethan Pinnock__Brentford
Yéremy Pino,es ESP,MFFW,Crystal Palace,22,2002,34,26,2080,23.1,2,2,4,2,0,0,4,0,0.09,0.09,0.17,0.09,0.17,540ec57b,23.1,2,45,11,24.4,1.95,0.48,0.04,0.18,0,0,540ec57b,23.1,,,,,,,,,,,,,,,2,,,,,,540ec57b,23.1,,,,,,,,,,,,,,,,,,,,,540ec57b,23.1,,20,,,,,,,,,,,8,,,,540ec57b,Yéremy Pino__Crystal Palace
Joël Piroe,sr SUR,FW,Leeds United,25,1999,16,2,258,2.9,0,0,0,0,0,0,0,0,0.0,0.0,0.0,0.0,0.0,1f0072a6,2.9,0,14,3,21.4,4.88,1.05,0.0,0.0,0,0,1f0072a6,2.9,,,,,,,,,,,,,,,0,,,,,,1f0072a6,2.9,,,,,,,,,,,,,,,,,,,,,1f0072a6,2.9,,1,,,,,,,,,,,1,,,,1f0072a6,Joël Piroe__Leeds United
Nick Pope,eng ENG,GK,Newcastle,33,1992,27,27,2416,26.8,0,0,0,0,0,0,2,0,0.0,0.0,0.0,0.0,0.0,4b40d9ca,26.8,0,1,1,100.0,0.04,0.04,0.0,0.0,0,0,4b40d9ca,26.8,,,,,,,,,,,,,,,0,,,,,,4b40d9ca,26.8,,,,,,,,,,,,,,,,,,,,,4b40d9ca,26.8,,1,,,,,,,,,,,0,,,,4b40d9ca,Nick Pope__Newcastle
Pedro Porro,es ESP,DF,Tottenham,25,1999,34,32,2796,31.1,1,2,3,1,0,0,10,0,0.03,0.06,0.1,0.03,0.1,27d0a506,31.1,1,32,8,25.0,1.03,0.26,0.03,0.13,0,0,27d0a506,31.1,,,,,,,,,,,,,,,2,,,,,,27d0a506,31.1,,,,,,,,,,,,,,,,,,,,,27d0a506,31.1,,50,,,,,,,,,,,31,,,,27d0a506,Pedro Porro__Tottenham
Freddie Potts,eng ENG,MF,West Ham,21,2003,22,12,1171,13.0,0,1,1,0,0,0,1,0,0.0,0.08,0.08,0.0,0.08,86bf27f0,13.0,0,3,1,33.3,0.23,0.08,0.0,0.0,0,0,86bf27f0,13.0,,,,,,,,,,,,,,,1,,,,,,86bf27f0,13.0,,,,,,,,,,,,,,,,,,,,,86bf27f0,13.0,,18,,,,,,,,,,,16,,,,86bf27f0,Freddie Potts__West Ham
Aaron Ramsdale,eng ENG,GK,Newcastle,27,1998,12,11,1004,11.2,0,0,0,0,0,0,2,0,0.0,0.0,0.0,0.0,0.0,466fb2c5,11.2,0,0,0,,0.0,0.0,,,0,0,466fb2c5,11.2,,,,,,,,,,,,,,,0,,,,,,466fb2c5,11.2,,,,,,,,,,,,,,,,,,,,,466fb2c5,11.2,,0,,,,,,,,,,,0,,,,466fb2c5,Aaron Ramsdale__Newcastle
Jacob Ramsey,eng ENG,MF,Newcastle,24,2001,28,15,1450,16.1,2,3,5,2,0,0,5,1,0.12,0.19,0.31,0.12,0.31,1544f145,16.1,2,16,4,25.0,0.99,0.25,0.13,0.5,0,0,1544f145,16.1,,,,,,,,,,,,,,,3,,,,,,1544f145,16.1,,,,,,,,,,,,,,,,,,,,,1544f145,16.1,,21,,,,,,,,,,,9,,,,1544f145,Jacob Ramsey__Newcastle
David Raya,es ESP,GK,Arsenal,29,1995,37,37,3330,37.0,0,0,0,0,0,0,1,0,0.0,0.0,0.0,0.0,0.0,98ea5115,37.0,0,0,0,,0.0,0.0,,,0,0,98ea5115,37.0,,,,,,,,,,,,,,,0,,,,,,98ea5115,37.0,,,,,,,,,,,,,,,,,,,,,98ea5115,37.0,,1,,,,,,,,,,,1,,,,98ea5115,David Raya__Arsenal
Rayan,br BRA,MF,Bournemouth,18,2006,15,13,1111,12.3,5,2,7,5,0,0,1,0,0.41,0.16,0.57,0.41,0.57,288647fc,12.3,5,28,8,28.6,2.27,0.65,0.18,0.63,0,0,288647fc,12.3,,,,,,,,,,,,,,,2,,,,,,288647fc,12.3,,,,,,,,,,,,,,,,,,,,,288647fc,12.3,,6,,,,,,,,,,,8,,,,288647fc,Rayan__Bournemouth
Harrison Reed,eng ENG,MF,Fulham,30,1995,7,1,94,1.0,1,0,1,1,0,0,0,0,0.96,0.0,0.96,0.96,0.96,803ae100,1.0,1,2,1,50.0,1.91,0.96,0.5,1.0,0,0,803ae100,1.0,,,,,,,,,,,,,,,0,,,,,,803ae100,1.0,,,,,,,,,,,,,,,,,,,,,803ae100,1.0,,0,,,,,,,,,,,0,,,,803ae100,Harrison Reed__Fulham
Tijjani Reijnders,nl NED,MF,Manchester City,27,1998,28,19,1631,18.1,5,2,7,5,0,0,2,0,0.28,0.11,0.39,0.28,0.39,afb61630,18.1,5,49,16,32.7,2.7,0.88,0.1,0.31,0,0,afb61630,18.1,,,,,,,,,,,,,,,2,,,,,,afb61630,18.1,,,,,,,,,,,,,,,,,,,,,afb61630,18.1,,4,,,,,,,,,,,11,,,,afb61630,Tijjani Reijnders__Manchester City
Chadi Riad,ma MAR,DF,Crystal Palace,22,2003,9,6,552,6.1,0,1,1,0,0,0,2,0,0.0,0.16,0.16,0.0,0.16,b3b9b8b8,6.1,0,4,2,50.0,0.65,0.33,0.0,0.0,0,0,b3b9b8b8,6.1,,,,,,,,,,,,,,,1,,,,,,b3b9b8b8,6.1,,,,,,,,,,,,,,,,,,,,,b3b9b8b8,6.1,,5,,,,,,,,,,,4,,,,b3b9b8b8,Chadi Riad__Crystal Palace
Declan Rice,eng ENG,MF,Arsenal,26,1999,36,35,3094,34.4,4,5,9,4,0,0,3,0,0.12,0.15,0.26,0.12,0.26,1c7012b8,34.4,4,40,13,32.5,1.16,0.38,0.1,0.31,0,0,1c7012b8,34.4,,,,,,,,,,,,,,,5,,,,,,1c7012b8,34.4,,,,,,,,,,,,,,,,,,,,,1c7012b8,34.4,,33,,,,,,,,,,,33,,,,1c7012b8,Declan Rice__Arsenal
Chris Richards,us USA,DF,Crystal Palace,25,2000,33,31,2827,31.4,1,0,1,1,0,0,4,0,0.03,0.0,0.03,0.03,0.03,0a3d6d2b,31.4,1,15,2,13.3,0.48,0.06,0.07,0.5,0,0,0a3d6d2b,31.4,,,,,,,,,,,,,,,0,,,,,,0a3d6d2b,31.4,,,,,,,,,,,,,,,,,,,,,0a3d6d2b,31.4,,35,,,,,,,,,,,43,,,,0a3d6d2b,Chris Richards__Crystal Palace
Richarlison,br BRA,FWMF,Tottenham,28,1997,32,20,1964,21.8,11,4,15,11,0,0,5,0,0.5,0.18,0.69,0.5,0.69,fa031b34,21.8,11,61,26,42.6,2.8,1.19,0.18,0.42,0,0,fa031b34,21.8,,,,,,,,,,,,,,,4,,,,,,fa031b34,21.8,,,,,,,,,,,,,,,,,,,,,fa031b34,21.8,,16,,,,,,,,,,,7,,,,fa031b34,Richarlison__Tottenham
Chris Rigg,eng ENG,MF,Sunderland,18,2007,18,11,761,8.5,1,1,2,1,0,0,1,0,0.12,0.12,0.24,0.12,0.24,35741fe2,8.5,1,12,3,25.0,1.42,0.35,0.08,0.33,0,0,35741fe2,8.5,,,,,,,,,,,,,,,1,,,,,,35741fe2,8.5,,,,,,,,,,,,,,,,,,,,,35741fe2,8.5,,8,,,,,,,,,,,4,,,,35741fe2,Chris Rigg__Sunderland
Patrick Roberts,eng ENG,FWMF,Sunderland,28,1997,1,0,28,0.3,0,0,0,0,0,0,0,0,0.0,0.0,0.0,0.0,0.0,59d93937,0.3,0,1,0,0.0,3.21,0.0,0.0,,0,0,59d93937,0.3,,,,,,,,,,,,,,,0,,,,,,59d93937,0.3,,,,,,,,,,,,,,,,,,,,,59d93937,0.3,,0,,,,,,,,,,,0,,,,59d93937,Patrick Roberts__Sunderland
Andy Robertson,sct SCO,DF,Liverpool,31,1994,24,11,1176,13.1,1,0,1,1,0,0,0,0,0.08,0.0,0.08,0.08,0.08,2e4f5f03,13.1,1,10,3,30.0,0.77,0.23,0.1,0.33,0,0,2e4f5f03,13.1,,,,,,,,,,,,,,,0,,,,,,2e4f5f03,13.1,,,,,,,,,,,,,,,,,,,,,2e4f5f03,13.1,,10,,,,,,,,,,,7,,,,2e4f5f03,Andy Robertson__Liverpool
Antonee Robinson,us USA,DFMF,Fulham,27,1997,22,17,1492,16.6,1,0,1,0,1,1,5,0,0.06,0.0,0.06,0.0,0.0,289601e6,16.6,1,6,1,16.7,0.36,0.06,0.17,1.0,1,1,289601e6,16.6,,,,,,,,,,,,,,,0,,,,,,289601e6,16.6,,,,,,,,,,,,,,,,,,,,,289601e6,16.6,,31,,,,,,,,,,,28,,,,289601e6,Antonee Robinson__Fulham
Kaden Rodney,eng ENG,DFMF,Crystal Palace,20,2004,1,0,4,0.0,0,0,0,0,0,0,0,0,0.0,0.0,0.0,0.0,0.0,49375cdd,0.0,0,0,0,,0.0,0.0,,,0,0,49375cdd,0.0,,,,,,,,,,,,,,,0,,,,,,49375cdd,0.0,,,,,,,,,,,,,,,,,,,,,49375cdd,0.0,,0,,,,,,,,,,,0,,,,49375cdd,Kaden Rodney__Crystal Palace
Joe Rodon,wls WAL,DF,Leeds United,27,1997,35,33,2951,32.8,2,0,2,2,0,0,3,0,0.06,0.0,0.06,0.06,0.06,8d62d31a,32.8,2,18,7,38.9,0.55,0.21,0.11,0.29,0,0,8d62d31a,32.8,,,,,,,,,,,,,,,0,,,,,,8d62d31a,32.8,,,,,,,,,,,,,,,,,,,,,8d62d31a,32.8,,19,,,,,,,,,,,30,,,,8d62d31a,Joe Rodon__Leeds United
Rodri,es ESP,MF,Manchester City,29,1996,21,17,1511,16.8,1,0,1,1,0,0,3,0,0.06,0.0,0.06,0.06,0.06,6434f10d,16.8,1,16,3,18.8,0.95,0.18,0.06,0.33,0,0,6434f10d,16.8,,,,,,,,,,,,,,,0,,,,,,6434f10d,16.8,,,,,,,,,,,,,,,,,,,,,6434f10d,16.8,,25,,,,,,,,,,,12,,,,6434f10d,Rodri__Manchester City
Guido Rodríguez,ar ARG,MF,West Ham,31,1994,6,2,180,2.0,0,0,0,0,0,0,1,0,0.0,0.0,0.0,0.0,0.0,34e393f2,2.0,0,1,0,0.0,0.5,0.0,0.0,,0,0,34e393f2,2.0,,,,,,,,,,,,,,,0,,,,,,34e393f2,2.0,,,,,,,,,,,,,,,,,,,,,34e393f2,2.0,,0,,,,,,,,,,,2,,,,34e393f2,Guido Rodríguez__West Ham
Robin Roefs,nl NED,GK,Sunderland,22,2003,35,35,3150,35.0,0,0,0,0,0,0,4,0,0.0,0.0,0.0,0.0,0.0,349fa918,35.0,0,0,0,,0.0,0.0,,,0,0,349fa918,35.0,,,,,,,,,,,,,,,0,,,,,,349fa918,35.0,,,,,,,,,,,,,,,,,,,,,349fa918,35.0,,0,,,,,,,,,,,0,,,,349fa918,Robin Roefs__Sunderland
Morgan Rogers,eng ENG,MF,Aston Villa,23,2002,37,37,3280,36.4,10,6,16,10,0,0,7,0,0.27,0.16,0.44,0.27,0.44,2e5915f1,36.4,10,84,32,38.1,2.3,0.88,0.12,0.31,0,0,2e5915f1,36.4,,,,,,,,,,,,,,,6,,,,,,2e5915f1,36.4,,,,,,,,,,,,,,,,,,,,,2e5915f1,36.4,,23,,,,,,,,,,,13,,,,2e5915f1,Morgan Rogers__Aston Villa
Merlin Röhl,de GER,MF,Everton,23,2002,16,6,682,7.6,1,0,1,1,0,0,0,0,0.13,0.0,0.13,0.13,0.13,1f2c7b55,7.6,1,11,1,9.1,1.45,0.13,0.09,1.0,0,0,1f2c7b55,7.6,,,,,,,,,,,,,,,0,,,,,,1f2c7b55,7.6,,,,,,,,,,,,,,,,,,,,,1f2c7b55,7.6,,13,,,,,,,,,,,4,,,,1f2c7b55,Merlin Röhl__Everton
Cristian Romero,ar ARG,DF,Tottenham,27,1998,23,22,1868,20.8,4,1,5,4,0,0,11,2,0.19,0.05,0.24,0.19,0.24,a3d94a58,20.8,4,17,6,35.3,0.82,0.29,0.24,0.67,0,0,a3d94a58,20.8,,,,,,,,,,,,,,,1,,,,,,a3d94a58,20.8,,,,,,,,,,,,,,,,,,,,,a3d94a58,20.8,,30,,,,,,,,,,,31,,,,a3d94a58,Cristian Romero__Tottenham
James Rowswell,eng ENG,DF,Tottenham,19,2006,1,0,1,0.0,0,0,0,0,0,0,0,0,0.0,0.0,0.0,0.0,0.0,419147f7,0.0,0,0,0,,0.0,0.0,,,0,0,419147f7,0.0,,,,,,,,,,,,,,,0,,,,,,419147f7,0.0,,,,,,,,,,,,,,,,,,,,,419147f7,0.0,,0,,,,,,,,,,,0,,,,419147f7,James Rowswell__Tottenham
Georginio Rutter,fr FRA,MFFW,Brighton,23,2002,32,20,1786,19.8,3,3,6,3,0,0,2,0,0.15,0.15,0.3,0.15,0.3,c64c01fc,19.8,3,42,14,33.3,2.12,0.71,0.07,0.21,0,0,c64c01fc,19.8,,,,,,,,,,,,,,,3,,,,,,c64c01fc,19.8,,,,,,,,,,,,,,,,,,,,,c64c01fc,19.8,,19,,,,,,,,,,,11,,,,c64c01fc,Georginio Rutter__Brighton
José Sá,pt POR,GK,Wolves,32,1993,23,23,2070,23.0,0,0,0,0,0,0,2,0,0.0,0.0,0.0,0.0,0.0,903b6e8b,23.0,0,0,0,,0.0,0.0,,,0,0,903b6e8b,23.0,,,,,,,,,,,,,,,0,,,,,,903b6e8b,23.0,,,,,,,,,,,,,,,,,,,,,903b6e8b,23.0,,0,,,,,,,,,,,0,,,,903b6e8b,José Sá__Wolves
Noah Sadiki,cd COD,MF,Sunderland,20,2004,33,33,2889,32.1,0,1,1,0,0,0,9,0,0.0,0.03,0.03,0.0,0.03,645481cc,32.1,0,19,5,26.3,0.59,0.16,0.0,0.0,0,0,645481cc,32.1,,,,,,,,,,,,,,,1,,,,,,645481cc,32.1,,,,,,,,,,,,,,,,,,,,,645481cc,32.1,,26,,,,,,,,,,,33,,,,645481cc,Noah Sadiki__Sunderland
Bukayo Saka,eng ENG,FWMF,Arsenal,23,2001,31,25,2222,24.7,7,5,12,6,1,1,2,0,0.28,0.2,0.49,0.24,0.45,bc7dc64d,24.7,7,71,27,38.0,2.88,1.09,0.1,0.26,1,1,bc7dc64d,24.7,,,,,,,,,,,,,,,5,,,,,,bc7dc64d,24.7,,,,,,,,,,,,,,,,,,,,,bc7dc64d,24.7,,19,,,,,,,,,,,16,,,,bc7dc64d,Bukayo Saka__Arsenal
Mohamed Salah,eg EGY,MF,Liverpool,33,1992,27,23,2146,23.8,7,7,14,6,1,1,1,0,0.29,0.29,0.59,0.25,0.55,e342ad68,23.8,7,68,19,27.9,2.85,0.8,0.1,0.37,1,1,e342ad68,23.8,,,,,,,,,,,,,,,7,,,,,,e342ad68,23.8,,,,,,,,,,,,,,,,,,,,,e342ad68,23.8,,12,,,,,,,,,,,3,,,,e342ad68,Mohamed Salah__Liverpool
William Saliba,fr FRA,DF,Arsenal,24,2001,31,30,2614,29.0,1,0,1,1,0,0,2,0,0.03,0.0,0.03,0.03,0.03,972aeb2a,29.0,1,5,1,20.0,0.17,0.03,0.2,1.0,0,0,972aeb2a,29.0,,,,,,,,,,,,,,,0,,,,,,972aeb2a,29.0,,,,,,,,,,,,,,,,,,,,,972aeb2a,29.0,,23,,,,,,,,,,,15,,,,972aeb2a,William Saliba__Arsenal
Robert Sánchez,es ESP,GK,Chelsea,27,1997,35,35,3039,33.8,0,1,1,0,0,0,3,1,0.0,0.03,0.03,0.0,0.03,6a713852,33.8,0,0,0,,0.0,0.0,,,0,0,6a713852,33.8,,,,,,,,,,,,,,,1,,,,,,6a713852,33.8,,,,,,,,,,,,,,,,,,,,,6a713852,33.8,,0,,,,,,,,,,,1,,,,6a713852,Robert Sánchez__Chelsea
Jadon Sancho,eng ENG,MF,Aston Villa,25,2000,23,9,876,9.7,0,2,2,0,0,0,0,0,0.0,0.21,0.21,0.0,0.21,dbf053da,9.7,0,10,3,30.0,1.03,0.31,0.0,0.0,0,0,dbf053da,9.7,,,,,,,,,,,,,,,2,,,,,,dbf053da,9.7,,,,,,,,,,,,,,,,,,,,,dbf053da,9.7,,2,,,,,,,,,,,2,,,,dbf053da,Jadon Sancho__Aston Villa
Ibrahim Sangaré,ci CIV,MF,Nottingham,27,1997,28,25,2075,23.1,2,2,4,2,0,0,5,0,0.09,0.09,0.17,0.09,0.17,bced0375,23.1,2,16,5,31.3,0.69,0.22,0.13,0.4,0,0,bced0375,23.1,,,,,,,,,,,,,,,2,,,,,,bced0375,23.1,,,,,,,,,,,,,,,,,,,,,bced0375,23.1,,32,,,,,,,,,,,22,,,,bced0375,Ibrahim Sangaré__Nottingham
Andrey Santos,br BRA,MF,Chelsea,21,2004,27,13,1260,14.0,1,0,1,1,0,0,4,0,0.07,0.0,0.07,0.07,0.07,dd745366,14.0,1,11,2,18.2,0.79,0.14,0.09,0.5,0,0,dd745366,14.0,,,,,,,,,,,,,,,0,,,,,,dd745366,14.0,,,,,,,,,,,,,,,,,,,,,dd745366,14.0,,21,,,,,,,,,,,18,,,,dd745366,Andrey Santos__Chelsea
Ismaila Sarr,sn SEN,MF,Crystal Palace,27,1998,28,24,2174,24.2,9,1,10,6,3,3,2,0,0.37,0.04,0.41,0.25,0.29,bfdb33aa,24.2,9,48,21,43.8,1.99,0.87,0.19,0.43,3,3,bfdb33aa,24.2,,,,,,,,,,,,,,,1,,,,,,bfdb33aa,24.2,,,,,,,,,,,,,,,,,,,,,bfdb33aa,24.2,,9,,,,,,,,,,,7,,,,bfdb33aa,Ismaila Sarr__Crystal Palace
Mamadou Sarr,sn SEN,DF,Chelsea,19,2005,3,1,102,1.1,0,0,0,0,0,0,0,0,0.0,0.0,0.0,0.0,0.0,61f80c89,1.1,0,1,0,0.0,0.88,0.0,0.0,,0,0,61f80c89,1.1,,,,,,,,,,,,,,,0,,,,,,61f80c89,1.1,,,,,,,,,,,,,,,,,,,,,61f80c89,1.1,,0,,,,,,,,,,,1,,,,61f80c89,Mamadou Sarr__Chelsea
Sávio,br BRA,MF,Manchester City,21,2004,24,7,833,9.3,1,1,2,1,0,0,2,0,0.11,0.11,0.22,0.11,0.22,fe6e7156,9.3,1,20,11,55.0,2.16,1.19,0.05,0.09,0,0,fe6e7156,9.3,,,,,,,,,,,,,,,1,,,,,,fe6e7156,9.3,,,,,,,,,,,,,,,,,,,,,fe6e7156,9.3,,5,,,,,,,,,,,5,,,,fe6e7156,Sávio__Manchester City
Nicolò Savona,it ITA,DF,Nottingham,22,2003,14,11,1028,11.4,2,0,2,2,0,0,2,0,0.18,0.0,0.18,0.18,0.18,e041497d,11.4,2,5,3,60.0,0.44,0.26,0.4,0.67,0,0,e041497d,11.4,,,,,,,,,,,,,,,0,,,,,,e041497d,11.4,,,,,,,,,,,,,,,,,,,,,e041497d,11.4,,12,,,,,,,,,,,5,,,,e041497d,Nicolò Savona__Nottingham
Oliver Scarles,eng ENG,DFMF,West Ham,19,2005,13,9,659,7.3,0,0,0,0,0,0,2,0,0.0,0.0,0.0,0.0,0.0,242e5e6d,7.3,0,3,0,0.0,0.41,0.0,0.0,,0,0,242e5e6d,7.3,,,,,,,,,,,,,,,0,,,,,,242e5e6d,7.3,,,,,,,,,,,,,,,,,,,,,242e5e6d,7.3,,19,,,,,,,,,,,13,,,,242e5e6d,Oliver Scarles__West Ham
Dane Scarlett,eng ENG,FW,Tottenham,21,2004,2,0,9,0.1,0,0,0,0,0,0,0,0,0.0,0.0,0.0,0.0,0.0,21945a9e,0.1,0,0,0,,0.0,0.0,,,0,0,21945a9e,0.1,,,,,,,,,,,,,,,0,,,,,,21945a9e,0.1,,,,,,,,,,,,,,,,,,,,,21945a9e,0.1,,0,,,,,,,,,,,0,,,,21945a9e,Dane Scarlett__Tottenham
Kevin Schade,de GER,MFFW,Brentford,23,2001,35,32,2745,30.5,8,3,11,8,0,1,6,1,0.26,0.1,0.36,0.26,0.36,52afb588,30.5,8,57,24,42.1,1.87,0.79,0.14,0.33,0,1,52afb588,30.5,,,,,,,,,,,,,,,3,,,,,,52afb588,30.5,,,,,,,,,,,,,,,,,,,,,52afb588,30.5,,27,,,,,,,,,,,19,,,,52afb588,Kevin Schade__Brentford
Fabian Schär,ch SUI,DF,Newcastle,33,1991,16,11,1091,12.1,0,0,0,0,0,0,1,0,0.0,0.0,0.0,0.0,0.0,c8aa95da,12.1,0,17,4,23.5,1.4,0.33,0.0,0.0,0,0,c8aa95da,12.1,,,,,,,,,,,,,,,0,,,,,,c8aa95da,12.1,,,,,,,,,,,,,,,,,,,,,c8aa95da,12.1,,9,,,,,,,,,,,16,,,,c8aa95da,Fabian Schär__Newcastle
Alex Scott,eng ENG,MF,Bournemouth,21,2003,37,34,2849,31.7,3,1,4,3,0,0,5,0,0.09,0.03,0.13,0.09,0.13,104d0bb8,31.7,3,44,13,29.5,1.39,0.41,0.07,0.23,0,0,104d0bb8,31.7,,,,,,,,,,,,,,,1,,,,,,104d0bb8,31.7,,,,,,,,,,,,,,,,,,,,,104d0bb8,31.7,,38,,,,,,,,,,,35,,,,104d0bb8,Alex Scott__Bournemouth
Jenson Seelt,nl NED,DF,Sunderland,22,2003,2,1,134,1.5,0,0,0,0,0,0,0,0,0.0,0.0,0.0,0.0,0.0,ec75ee25,1.5,0,0,0,,0.0,0.0,,,0,0,ec75ee25,1.5,,,,,,,,,,,,,,,0,,,,,,ec75ee25,1.5,,,,,,,,,,,,,,,,,,,,,ec75ee25,1.5,,0,,,,,,,,,,,0,,,,ec75ee25,Jenson Seelt__Sunderland
Matz Sels,be BEL,GK,Nottingham,33,1992,31,30,2668,29.6,0,0,0,0,0,0,2,0,0.0,0.0,0.0,0.0,0.0,834b5c4c,29.6,0,0,0,,0.0,0.0,,,0,0,834b5c4c,29.6,,,,,,,,,,,,,,,0,,,,,,834b5c4c,29.6,,,,,,,,,,,,,,,,,,,,,834b5c4c,29.6,,1,,,,,,,,,,,0,,,,834b5c4c,Matz Sels__Nottingham
Antoine Semenyo,gh GHA,MFFW,Manchester City,25,2000,17,17,1397,15.5,7,1,8,7,0,0,1,0,0.45,0.06,0.52,0.45,0.52,efd2ec23,15.5,7,34,14,41.2,2.19,0.9,0.21,0.5,0,0,efd2ec23,15.5,,,,,,,,,,,,,,,1,,,,,,efd2ec23,15.5,,,,,,,,,,,,,,,,,,,,,efd2ec23,15.5,,11,,,,,,,,,,,6,,,,efd2ec23,Antoine Semenyo__Manchester City
Antoine Semenyo,gh GHA,MF,Bournemouth,25,2000,20,20,1798,20.0,10,3,13,9,1,2,6,0,0.5,0.15,0.65,0.45,0.6,efd2ec23,20.0,10,49,27,55.1,2.45,1.35,0.2,0.37,1,2,efd2ec23,20.0,,,,,,,,,,,,,,,3,,,,,,efd2ec23,20.0,,,,,,,,,,,,,,,,,,,,,efd2ec23,20.0,,20,,,,,,,,,,,6,,,,efd2ec23,Antoine Semenyo__Bournemouth
Marcos Senesi,ar ARG,DF,Bournemouth,28,1997,37,37,3288,36.5,0,5,5,0,0,0,8,0,0.0,0.14,0.14,0.0,0.14,35141f4c,36.5,0,17,5,29.4,0.47,0.14,0.0,0.0,0,0,35141f4c,36.5,,,,,,,,,,,,,,,5,,,,,,35141f4c,36.5,,,,,,,,,,,,,,,,,,,,,35141f4c,36.5,,34,,,,,,,,,,,50,,,,35141f4c,Marcos Senesi__Bournemouth
Benjamin Šeško,si SVN,FW,Manchester Utd,22,2003,30,17,1643,18.3,11,1,12,11,0,0,2,0,0.6,0.05,0.66,0.6,0.66,3260690c,18.3,11,61,34,55.7,3.34,1.86,0.18,0.32,0,0,3260690c,18.3,,,,,,,,,,,,,,,1,,,,,,3260690c,18.3,,,,,,,,,,,,,,,,,,,,,3260690c,18.3,,3,,,,,,,,,,,3,,,,3260690c,Benjamin Šeško__Manchester Utd
Ryan Sessegnon,eng ENG,DFMF,Fulham,25,2000,27,20,1823,20.3,3,1,4,3,0,0,0,0,0.15,0.05,0.2,0.15,0.2,6aa3e78b,20.3,3,16,4,25.0,0.79,0.2,0.19,0.75,0,0,6aa3e78b,20.3,,,,,,,,,,,,,,,1,,,,,,6aa3e78b,20.3,,,,,,,,,,,,,,,,,,,,,6aa3e78b,20.3,,29,,,,,,,,,,,23,,,,6aa3e78b,Ryan Sessegnon__Fulham
Luke Shaw,eng ENG,DF,Manchester Utd,30,1995,38,38,3219,35.8,1,1,2,1,0,0,9,0,0.03,0.03,0.06,0.03,0.06,9c94165b,35.8,1,10,3,30.0,0.28,0.08,0.1,0.33,0,0,9c94165b,35.8,,,,,,,,,,,,,,,1,,,,,,9c94165b,35.8,,,,,,,,,,,,,,,,,,,,,9c94165b,35.8,,45,,,,,,,,,,,43,,,,9c94165b,Luke Shaw__Manchester Utd
Bernardo Silva,pt POR,MF,Manchester City,30,1994,38,34,2872,31.9,2,4,6,2,0,0,10,0,0.06,0.13,0.19,0.06,0.19,3eb22ec9,31.9,2,30,7,23.3,0.94,0.22,0.07,0.29,0,0,3eb22ec9,31.9,,,,,,,,,,,,,,,4,,,,,,3eb22ec9,31.9,,,,,,,,,,,,,,,,,,,,,3eb22ec9,31.9,,28,,,,,,,,,,,21,,,,3eb22ec9,Bernardo Silva__Manchester City
Jota Silva,pt POR,FWMF,Nottingham,25,1999,1,0,12,0.1,0,0,0,0,0,0,0,0,0.0,0.0,0.0,0.0,0.0,4d77e622,0.1,0,0,0,,0.0,0.0,,,0,0,4d77e622,0.1,,,,,,,,,,,,,,,0,,,,,,4d77e622,0.1,,,,,,,,,,,,,,,,,,,,,4d77e622,0.1,,1,,,,,,,,,,,0,,,,4d77e622,Jota Silva__Nottingham
Xavi Simons,nl NED,MFFW,Tottenham,22,2003,28,19,1755,19.5,2,5,7,2,0,0,5,1,0.1,0.26,0.36,0.1,0.36,da4d670f,19.5,2,42,10,23.8,2.15,0.51,0.05,0.2,0,0,da4d670f,19.5,,,,,,,,,,,,,,,5,,,,,,da4d670f,19.5,,,,,,,,,,,,,,,,,,,,,da4d670f,19.5,,20,,,,,,,,,,,15,,,,da4d670f,Xavi Simons__Tottenham
Adam Smith,eng ENG,DF,Bournemouth,34,1991,22,14,1077,12.0,0,2,2,0,0,0,3,0,0.0,0.17,0.17,0.0,0.17,20b104bc,12.0,0,0,0,,0.0,0.0,,,0,0,20b104bc,12.0,,,,,,,,,,,,,,,2,,,,,,20b104bc,12.0,,,,,,,,,,,,,,,,,,,,,20b104bc,12.0,,12,,,,,,,,,,,10,,,,20b104bc,Adam Smith__Bournemouth
Emile Smith Rowe,eng ENG,MF,Fulham,25,2000,37,22,1923,21.4,3,0,3,3,0,0,1,0,0.14,0.0,0.14,0.14,0.14,17695062,21.4,3,36,11,30.6,1.68,0.51,0.08,0.27,0,0,17695062,21.4,,,,,,,,,,,,,,,0,,,,,,17695062,21.4,,,,,,,,,,,,,,,,,,,,,17695062,21.4,,22,,,,,,,,,,,22,,,,17695062,Emile Smith Rowe__Fulham
Dominic Solanke,eng ENG,FW,Tottenham,27,1997,15,11,1001,11.1,3,0,3,3,0,0,1,0,0.27,0.0,0.27,0.27,0.27,e77dc3b2,11.1,3,20,11,55.0,1.8,0.99,0.15,0.27,0,0,e77dc3b2,11.1,,,,,,,,,,,,,,,0,,,,,,e77dc3b2,11.1,,,,,,,,,,,,,,,,,,,,,e77dc3b2,11.1,,16,,,,,,,,,,,3,,,,e77dc3b2,Dominic Solanke__Tottenham
Julio Soler,ar ARG,DF,Bournemouth,20,2005,3,0,35,0.4,0,0,0,0,0,0,0,0,0.0,0.0,0.0,0.0,0.0,98c8559a,0.4,0,0,0,,0.0,0.0,,,0,0,98c8559a,0.4,,,,,,,,,,,,,,,0,,,,,,98c8559a,0.4,,,,,,,,,,,,,,,,,,,,,98c8559a,0.4,,0,,,,,,,,,,,0,,,,98c8559a,Julio Soler__Bournemouth
Oliver Sonne,pe PER,DF,Burnley,24,2000,7,1,169,1.9,1,0,1,1,0,0,0,0,0.53,0.0,0.53,0.53,0.53,b66b8d5e,1.9,1,3,1,33.3,1.6,0.53,0.33,1.0,0,0,b66b8d5e,1.9,,,,,,,,,,,,,,,0,,,,,,b66b8d5e,1.9,,,,,,,,,,,,,,,,,,,,,b66b8d5e,1.9,,1,,,,,,,,,,,1,,,,b66b8d5e,Oliver Sonne__Burnley
Borna Sosa,hr CRO,DFMF,Crystal Palace,27,1998,7,0,101,1.1,0,0,0,0,0,0,1,0,0.0,0.0,0.0,0.0,0.0,af0d79a9,1.1,0,1,0,0.0,0.89,0.0,0.0,,0,0,af0d79a9,1.1,,,,,,,,,,,,,,,0,,,,,,af0d79a9,1.1,,,,,,,,,,,,,,,,,,,,,af0d79a9,1.1,,0,,,,,,,,,,,2,,,,af0d79a9,Borna Sosa__Crystal Palace
Tomáš Souček,cz CZE,MF,West Ham,30,1995,35,24,2200,24.4,5,0,5,5,0,0,3,1,0.2,0.0,0.2,0.2,0.2,6613c819,24.4,5,26,14,53.8,1.06,0.57,0.19,0.36,0,0,6613c819,24.4,,,,,,,,,,,,,,,0,,,,,,6613c819,24.4,,,,,,,,,,,,,,,,,,,,,6613c819,24.4,,23,,,,,,,,,,,16,,,,6613c819,Tomáš Souček__West Ham
Souza,br BRA,MF,Tottenham,19,2006,4,2,144,1.6,0,0,0,0,0,0,1,0,0.0,0.0,0.0,0.0,0.0,10b0c6f4,1.6,0,1,1,100.0,0.62,0.62,0.0,0.0,0,0,10b0c6f4,1.6,,,,,,,,,,,,,,,0,,,,,,10b0c6f4,1.6,,,,,,,,,,,,,,,,,,,,,10b0c6f4,1.6,,0,,,,,,,,,,,2,,,,10b0c6f4,Souza__Tottenham
Djed Spence,eng ENG,DFMF,Tottenham,24,2000,30,23,2056,22.8,0,0,0,0,0,0,4,0,0.0,0.0,0.0,0.0,0.0,9bc9a519,22.8,0,13,8,61.5,0.57,0.35,0.0,0.0,0,0,9bc9a519,22.8,,,,,,,,,,,,,,,0,,,,,,9bc9a519,22.8,,,,,,,,,,,,,,,,,,,,,9bc9a519,22.8,,25,,,,,,,,,,,15,,,,9bc9a519,Djed Spence__Tottenham
Anton Stach,de GER,MF,Leeds United,26,1998,29,28,2370,26.3,5,3,8,5,0,0,3,0,0.19,0.11,0.3,0.19,0.3,0f59a7bf,26.3,5,55,14,25.5,2.09,0.53,0.09,0.36,0,0,0f59a7bf,26.3,,,,,,,,,,,,,,,3,,,,,,0f59a7bf,26.3,,,,,,,,,,,,,,,,,,,,,0f59a7bf,26.3,,35,,,,,,,,,,,19,,,,0f59a7bf,Anton Stach__Leeds United
John Stones,eng ENG,DF,Manchester City,31,1994,9,5,439,4.9,0,0,0,0,0,0,0,0,0.0,0.0,0.0,0.0,0.0,5eecec3d,4.9,0,0,0,,0.0,0.0,,,0,0,5eecec3d,4.9,,,,,,,,,,,,,,,0,,,,,,5eecec3d,4.9,,,,,,,,,,,,,,,,,,,,,5eecec3d,4.9,,1,,,,,,,,,,,3,,,,5eecec3d,John Stones__Manchester City
Jørgen Strand Larsen,no NOR,FW,Wolves,25,2000,22,14,1404,15.6,1,1,2,0,1,2,2,0,0.06,0.06,0.13,0.0,0.06,f553b2b3,15.6,1,21,7,33.3,1.35,0.45,0.05,0.14,1,2,f553b2b3,15.6,,,,,,,,,,,,,,,1,,,,,,f553b2b3,15.6,,,,,,,,,,,,,,,,,,,,,f553b2b3,15.6,,2,,,,,,,,,,,3,,,,f553b2b3,Jørgen Strand Larsen__Wolves
Jørgen Strand Larsen,no NOR,FW,Crystal Palace,25,2000,14,12,903,10.0,3,0,3,3,0,0,2,0,0.3,0.0,0.3,0.3,0.3,f553b2b3,10.0,3,23,7,30.4,2.29,0.7,0.13,0.43,0,0,f553b2b3,10.0,,,,,,,,,,,,,,,0,,,,,,f553b2b3,10.0,,,,,,,,,,,,,,,,,,,,,f553b2b3,10.0,,0,,,,,,,,,,,1,,,,f553b2b3,Jørgen Strand Larsen__Crystal Palace
Pascal Struijk,nl NED,DF,Leeds United,25,1999,34,33,2936,32.6,0,1,1,0,0,0,5,0,0.0,0.03,0.03,0.0,0.03,f4d296e4,32.6,0,31,5,16.1,0.95,0.15,0.0,0.0,0,0,f4d296e4,32.6,,,,,,,,,,,,,,,1,,,,,,f4d296e4,32.6,,,,,,,,,,,,,,,,,,,,,f4d296e4,32.6,,22,,,,,,,,,,,32,,,,f4d296e4,Pascal Struijk__Leeds United
Crysencio Summerville,nl NED,MFFW,West Ham,23,2001,31,29,2470,27.4,5,2,7,5,0,0,6,0,0.18,0.07,0.26,0.18,0.26,df04eb4b,27.4,5,54,15,27.8,1.97,0.55,0.09,0.33,0,0,df04eb4b,27.4,,,,,,,,,,,,,,,2,,,,,,df04eb4b,27.4,,,,,,,,,,,,,,,,,,,,,df04eb4b,27.4,,26,,,,,,,,,,,15,,,,df04eb4b,Crysencio Summerville__West Ham
Dominik Szoboszlai,hu HUN,MFDF,Liverpool,24,2000,36,36,3231,35.9,6,7,13,6,0,1,8,1,0.17,0.19,0.36,0.17,0.36,934e1968,35.9,6,71,23,32.4,1.98,0.64,0.08,0.26,0,1,934e1968,35.9,,,,,,,,,,,,,,,7,,,,,,934e1968,35.9,,,,,,,,,,,,,,,,,,,,,934e1968,35.9,,32,,,,,,,,,,,29,,,,934e1968,Dominik Szoboszlai__Liverpool
Jocelin Ta Bi,ci CIV,MF,Sunderland,20,2005,1,1,38,0.4,0,0,0,0,0,0,0,0,0.0,0.0,0.0,0.0,0.0,1f019509,0.4,0,0,0,,0.0,0.0,,,0,0,1f019509,0.4,,,,,,,,,,,,,,,0,,,,,,1f019509,0.4,,,,,,,,,,,,,,,,,,,,,1f019509,0.4,,0,,,,,,,,,,,0,,,,1f019509,Jocelin Ta Bi__Sunderland
Chemsdine Talbi,ma MAR,MFFW,Sunderland,20,2005,28,16,1561,17.3,4,1,5,4,0,0,0,0,0.23,0.06,0.29,0.23,0.29,47ce793b,17.3,4,25,10,40.0,1.44,0.58,0.16,0.4,0,0,47ce793b,17.3,,,,,,,,,,,,,,,1,,,,,,47ce793b,17.3,,,,,,,,,,,,,,,,,,,,,47ce793b,17.3,,6,,,,,,,,,,,3,,,,47ce793b,Chemsdine Talbi__Sunderland
Ao Tanaka,jp JPN,MF,Leeds United,26,1998,28,14,1315,14.6,2,0,2,2,0,0,1,0,0.14,0.0,0.14,0.14,0.14,1d36d6b6,14.6,2,17,5,29.4,1.16,0.34,0.12,0.4,0,0,1d36d6b6,14.6,,,,,,,,,,,,,,,0,,,,,,1d36d6b6,14.6,,,,,,,,,,,,,,,,,,,,,1d36d6b6,14.6,,15,,,,,,,,,,,21,,,,1d36d6b6,Ao Tanaka__Leeds United
James Tarkowski,eng ENG,DF,Everton,32,1992,37,37,3330,37.0,2,3,5,2,0,0,8,0,0.05,0.08,0.14,0.05,0.14,15ea812b,37.0,2,20,10,50.0,0.54,0.27,0.1,0.2,0,0,15ea812b,37.0,,,,,,,,,,,,,,,3,,,,,,15ea812b,37.0,,,,,,,,,,,,,,,,,,,,,15ea812b,37.0,,30,,,,,,,,,,,29,,,,15ea812b,James Tarkowski__Everton
Marcus Tavernier,eng ENG,MF,Bournemouth,26,1999,34,31,2731,30.3,7,4,11,5,2,2,6,0,0.23,0.13,0.36,0.16,0.3,5c0da4a4,30.3,7,70,24,34.3,2.31,0.79,0.1,0.29,2,2,5c0da4a4,30.3,,,,,,,,,,,,,,,4,,,,,,5c0da4a4,30.3,,,,,,,,,,,,,,,,,,,,,5c0da4a4,30.3,,21,,,,,,,,,,,16,,,,5c0da4a4,Marcus Tavernier__Bournemouth
Loum Tchaouna,fr FRA,MFFW,Burnley,21,2003,29,14,1272,14.1,2,1,3,2,0,0,2,0,0.14,0.07,0.21,0.14,0.21,a3c8b4d3,14.1,2,23,9,39.1,1.63,0.64,0.09,0.22,0,0,a3c8b4d3,14.1,,,,,,,,,,,,,,,1,,,,,,a3c8b4d3,14.1,,,,,,,,,,,,,,,,,,,,,a3c8b4d3,14.1,,9,,,,,,,,,,,2,,,,a3c8b4d3,Loum Tchaouna__Burnley
Jackson Tchatchoua,cm CMR,MFDF,Wolves,23,2001,31,19,1845,20.5,0,1,1,0,0,0,3,0,0.0,0.05,0.05,0.0,0.05,aeca7743,20.5,0,3,1,33.3,0.15,0.05,0.0,0.0,0,0,aeca7743,20.5,,,,,,,,,,,,,,,1,,,,,,aeca7743,20.5,,,,,,,,,,,,,,,,,,,,,aeca7743,20.5,,15,,,,,,,,,,,14,,,,aeca7743,Jackson Tchatchoua__Wolves
Mathys Tel,fr FRA,MFFW,Tottenham,20,2005,31,13,1349,15.0,4,1,5,4,0,0,1,0,0.27,0.07,0.33,0.27,0.33,829aa60c,15.0,4,35,8,22.9,2.34,0.53,0.11,0.5,0,0,829aa60c,15.0,,,,,,,,,,,,,,,1,,,,,,829aa60c,15.0,,,,,,,,,,,,,,,,,,,,,829aa60c,15.0,,12,,,,,,,,,,,5,,,,829aa60c,Mathys Tel__Tottenham
Kenny Tete,nl NED,DF,Fulham,29,1995,22,21,1791,19.9,1,0,1,1,0,0,2,0,0.05,0.0,0.05,0.05,0.05,77d7c96f,19.9,1,16,3,18.8,0.8,0.15,0.06,0.33,0,0,77d7c96f,19.9,,,,,,,,,,,,,,,0,,,,,,77d7c96f,19.9,,,,,,,,,,,,,,,,,,,,,77d7c96f,19.9,,38,,,,,,,,,,,26,,,,77d7c96f,Kenny Tete__Fulham
Igor Thiago,br BRA,FW,Brentford,24,2001,38,37,3282,36.5,22,1,23,14,8,9,7,0,0.6,0.03,0.63,0.38,0.41,dc45ac24,36.5,22,84,43,51.2,2.3,1.18,0.26,0.51,8,9,dc45ac24,36.5,,,,,,,,,,,,,,,1,,,,,,dc45ac24,36.5,,,,,,,,,,,,,,,,,,,,,dc45ac24,36.5,,21,,,,,,,,,,,12,,,,dc45ac24,Igor Thiago__Brentford
Malick Thiaw,de GER,DF,Newcastle,23,2001,35,33,2965,32.9,4,0,4,4,0,0,4,0,0.12,0.0,0.12,0.12,0.12,ff5ea0bf,32.9,4,28,14,50.0,0.85,0.42,0.14,0.29,0,0,ff5ea0bf,32.9,,,,,,,,,,,,,,,0,,,,,,ff5ea0bf,32.9,,,,,,,,,,,,,,,,,,,,,ff5ea0bf,32.9,,34,,,,,,,,,,,30,,,,ff5ea0bf,Malick Thiaw__Newcastle
Youri Tielemans,be BEL,MF,Aston Villa,28,1997,25,21,1862,20.7,0,4,4,0,0,0,0,0,0.0,0.19,0.19,0.0,0.19,56f7a928,20.7,0,24,7,29.2,1.16,0.34,0.0,0.0,0,0,56f7a928,20.7,,,,,,,,,,,,,,,4,,,,,,56f7a928,20.7,,,,,,,,,,,,,,,,,,,,,56f7a928,20.7,,39,,,,,,,,,,,16,,,,56f7a928,Youri Tielemans__Aston Villa
Jurriën Timber,nl NED,DF,Arsenal,24,2001,30,28,2454,27.3,3,5,8,3,0,0,5,0,0.11,0.18,0.29,0.11,0.29,41034650,27.3,3,25,7,28.0,0.92,0.26,0.12,0.43,0,0,41034650,27.3,,,,,,,,,,,,,,,5,,,,,,41034650,27.3,,,,,,,,,,,,,,,,,,,,,41034650,27.3,,35,,,,,,,,,,,24,,,,41034650,Jurriën Timber__Arsenal
Jean-Clair Todibo,fr FRA,DF,West Ham,25,1999,23,22,1814,20.2,0,1,1,0,0,0,5,1,0.0,0.05,0.05,0.0,0.05,88f130ed,20.2,0,2,0,0.0,0.1,0.0,0.0,,0,0,88f130ed,20.2,,,,,,,,,,,,,,,1,,,,,,88f130ed,20.2,,,,,,,,,,,,,,,,,,,,,88f130ed,20.2,,24,,,,,,,,,,,16,,,,88f130ed,Jean-Clair Todibo__West Ham
Sandro Tonali,it ITA,MF,Newcastle,25,2000,35,31,2534,28.2,0,2,2,0,0,0,4,0,0.0,0.07,0.07,0.0,0.07,0db169ae,28.2,0,37,8,21.6,1.31,0.28,0.0,0.0,0,0,0db169ae,28.2,,,,,,,,,,,,,,,2,,,,,,0db169ae,28.2,,,,,,,,,,,,,,,,,,,,,0db169ae,28.2,,25,,,,,,,,,,,28,,,,0db169ae,Sandro Tonali__Newcastle
Pau Torres,es ESP,DF,Aston Villa,28,1997,21,18,1676,18.6,0,0,0,0,0,0,1,0,0.0,0.0,0.0,0.0,0.0,532e1e4f,18.6,0,9,1,11.1,0.48,0.05,0.0,0.0,0,0,532e1e4f,18.6,,,,,,,,,,,,,,,0,,,,,,532e1e4f,18.6,,,,,,,,,,,,,,,,,,,,,532e1e4f,18.6,,14,,,,,,,,,,,11,,,,532e1e4f,Pau Torres__Aston Villa
Alex Tóth,hu HUN,MF,Bournemouth,19,2005,9,2,140,1.6,0,0,0,0,0,0,1,0,0.0,0.0,0.0,0.0,0.0,5e18c6f4,1.6,0,2,0,0.0,1.29,0.0,0.0,,0,0,5e18c6f4,1.6,,,,,,,,,,,,,,,0,,,,,,5e18c6f4,1.6,,,,,,,,,,,,,,,,,,,,,5e18c6f4,1.6,,0,,,,,,,,,,,3,,,,5e18c6f4,Alex Tóth__Bournemouth
James Trafford,eng ENG,GK,Manchester City,22,2002,4,4,360,4.0,0,0,0,0,0,0,0,0,0.0,0.0,0.0,0.0,0.0,259fea27,4.0,0,0,0,,0.0,0.0,,,0,0,259fea27,4.0,,,,,,,,,,,,,,,0,,,,,,259fea27,4.0,,,,,,,,,,,,,,,,,,,,,259fea27,4.0,,1,,,,,,,,,,,0,,,,259fea27,James Trafford__Manchester City
Adama Traoré,es ESP,MF,Fulham,29,1996,15,1,274,3.0,0,0,0,0,0,0,0,0,0.0,0.0,0.0,0.0,0.0,9a28eba4,3.0,0,5,1,20.0,1.64,0.33,0.0,0.0,0,0,9a28eba4,3.0,,,,,,,,,,,,,,,0,,,,,,9a28eba4,3.0,,,,,,,,,,,,,,,,,,,,,9a28eba4,3.0,,1,,,,,,,,,,,0,,,,9a28eba4,Adama Traoré__Fulham
Adama Traoré,es ESP,FWMF,West Ham,29,1996,9,0,121,1.3,0,0,0,0,0,0,1,0,0.0,0.0,0.0,0.0,0.0,9a28eba4,1.3,0,2,0,0.0,1.49,0.0,0.0,,0,0,9a28eba4,1.3,,,,,,,,,,,,,,,0,,,,,,9a28eba4,1.3,,,,,,,,,,,,,,,,,,,,,9a28eba4,1.3,,1,,,,,,,,,,,0,,,,9a28eba4,Adama Traoré__West Ham
Bertrand Traoré,bf BFA,MFFW,Sunderland,29,1995,12,9,632,7.0,1,0,1,1,0,0,1,0,0.14,0.0,0.14,0.14,0.14,c47541e0,7.0,1,12,6,50.0,1.71,0.85,0.08,0.17,0,0,c47541e0,7.0,,,,,,,,,,,,,,,0,,,,,,c47541e0,7.0,,,,,,,,,,,,,,,,,,,,,c47541e0,7.0,,4,,,,,,,,,,,2,,,,c47541e0,Bertrand Traoré__Sunderland
Mike Trésor,be BEL,FWMF,Burnley,26,1999,6,0,43,0.5,0,0,0,0,0,0,0,0,0.0,0.0,0.0,0.0,0.0,b2a81fc6,0.5,0,0,0,,0.0,0.0,,,0,0,b2a81fc6,0.5,,,,,,,,,,,,,,,0,,,,,,b2a81fc6,0.5,,,,,,,,,,,,,,,,,,,,,b2a81fc6,0.5,,1,,,,,,,,,,,0,,,,b2a81fc6,Mike Trésor__Burnley
Kieran Trippier,eng ENG,DF,Newcastle,34,1990,21,18,1586,17.6,0,1,1,0,0,0,3,0,0.0,0.06,0.06,0.0,0.06,21512407,17.6,0,2,0,0.0,0.11,0.0,0.0,,0,0,21512407,17.6,,,,,,,,,,,,,,,1,,,,,,21512407,17.6,,,,,,,,,,,,,,,,,,,,,21512407,17.6,,13,,,,,,,,,,,7,,,,21512407,Kieran Trippier__Newcastle
Leandro Trossard,be BEL,FWMF,Arsenal,30,1994,31,21,2000,22.2,6,6,12,6,0,0,2,0,0.27,0.27,0.54,0.27,0.54,38ceb24a,22.2,6,53,15,28.3,2.39,0.68,0.11,0.4,0,0,38ceb24a,22.2,,,,,,,,,,,,,,,6,,,,,,38ceb24a,22.2,,,,,,,,,,,,,,,,,,,,,38ceb24a,22.2,,15,,,,,,,,,,,9,,,,38ceb24a,Leandro Trossard__Arsenal
Adrien Truffert,fr FRA,DF,Bournemouth,23,2001,38,38,3379,37.5,1,5,6,1,0,0,5,0,0.03,0.13,0.16,0.03,0.16,5d0e0a1f,37.5,1,16,6,37.5,0.43,0.16,0.06,0.17,0,0,5d0e0a1f,37.5,,,,,,,,,,,,,,,5,,,,,,5d0e0a1f,37.5,,,,,,,,,,,,,,,,,,,,,5d0e0a1f,37.5,,51,,,,,,,,,,,43,,,,5d0e0a1f,Adrien Truffert__Bournemouth
Axel Tuanzebe,cd COD,DF,Burnley,27,1997,14,14,1201,13.3,1,0,1,1,0,0,1,0,0.07,0.0,0.07,0.07,0.07,2baec6ce,13.3,1,2,1,50.0,0.15,0.07,0.5,1.0,0,0,2baec6ce,13.3,,,,,,,,,,,,,,,0,,,,,,2baec6ce,13.3,,,,,,,,,,,,,,,,,,,,,2baec6ce,13.3,,8,,,,,,,,,,,12,,,,2baec6ce,Axel Tuanzebe__Burnley
Stefanos Tzimas,gr GRE,FW,Brighton,19,2006,9,1,139,1.5,1,1,2,1,0,0,0,0,0.65,0.65,1.29,0.65,1.29,a497130f,1.5,1,4,1,25.0,2.59,0.65,0.25,1.0,0,0,a497130f,1.5,,,,,,,,,,,,,,,1,,,,,,a497130f,1.5,,,,,,,,,,,,,,,,,,,,,a497130f,1.5,,1,,,,,,,,,,,0,,,,a497130f,Stefanos Tzimas__Brighton
Christantus Uche,ng NGA,FW,Crystal Palace,22,2003,14,0,173,1.9,0,0,0,0,0,0,0,0,0.0,0.0,0.0,0.0,0.0,87941696,1.9,0,6,2,33.3,3.12,1.04,0.0,0.0,0,0,87941696,1.9,,,,,,,,,,,,,,,0,,,,,,87941696,1.9,,,,,,,,,,,,,,,,,,,,,87941696,1.9,,1,,,,,,,,,,,0,,,,87941696,Christantus Uche__Crystal Palace
Destiny Udogie,it ITA,DFMF,Tottenham,22,2002,20,14,1338,14.9,0,1,1,0,0,0,4,0,0.0,0.07,0.07,0.0,0.07,7cd520e8,14.9,0,4,1,25.0,0.27,0.07,0.0,0.0,0,0,7cd520e8,14.9,,,,,,,,,,,,,,,1,,,,,,7cd520e8,14.9,,,,,,,,,,,,,,,,,,,,,7cd520e8,14.9,,20,,,,,,,,,,,7,,,,7cd520e8,Destiny Udogie__Tottenham
Manuel Ugarte,uy URU,MF,Manchester Utd,24,2001,22,8,887,9.9,0,0,0,0,0,0,1,0,0.0,0.0,0.0,0.0,0.0,c9817014,9.9,0,13,1,7.7,1.32,0.1,0.0,0.0,0,0,c9817014,9.9,,,,,,,,,,,,,,,0,,,,,,c9817014,9.9,,,,,,,,,,,,,,,,,,,,,c9817014,9.9,,30,,,,,,,,,,,20,,,,c9817014,Manuel Ugarte__Manchester Utd
Lesley Ugochukwu,fr FRA,MF,Burnley,21,2004,35,27,2336,26.0,3,1,4,3,0,0,3,1,0.12,0.04,0.15,0.12,0.15,1df4a109,26.0,3,23,8,34.8,0.89,0.31,0.13,0.38,0,0,1df4a109,26.0,,,,,,,,,,,,,,,1,,,,,,1df4a109,26.0,,,,,,,,,,,,,,,,,,,,,1df4a109,26.0,,26,,,,,,,,,,,17,,,,1df4a109,Lesley Ugochukwu__Burnley
Enes Ünal,tr TUR,FW,Bournemouth,28,1997,23,0,232,2.6,1,0,1,1,0,0,1,0,0.39,0.0,0.39,0.39,0.39,f8eca1b6,2.6,1,15,3,20.0,5.82,1.16,0.07,0.33,0,0,f8eca1b6,2.6,,,,,,,,,,,,,,,0,,,,,,f8eca1b6,2.6,,,,,,,,,,,,,,,,,,,,,f8eca1b6,2.6,,1,,,,,,,,,,,0,,,,f8eca1b6,Enes Ünal__Bournemouth
Hákon Valdimarsson,is ISL,GK,Brentford,23,2001,1,1,90,1.0,0,0,0,0,0,0,0,0,0.0,0.0,0.0,0.0,0.0,57a34cf4,1.0,0,0,0,,0.0,0.0,,,0,0,57a34cf4,1.0,,,,,,,,,,,,,,,0,,,,,,57a34cf4,1.0,,,,,,,,,,,,,,,,,,,,,57a34cf4,1.0,,0,,,,,,,,,,,0,,,,57a34cf4,Hákon Valdimarsson__Brentford
Virgil van Dijk,nl NED,DF,Liverpool,34,1991,38,38,3420,38.0,6,0,6,6,0,0,4,0,0.16,0.0,0.16,0.16,0.16,e06683ca,38.0,6,30,14,46.7,0.79,0.37,0.2,0.43,0,0,e06683ca,38.0,,,,,,,,,,,,,,,0,,,,,,e06683ca,38.0,,,,,,,,,,,,,,,,,,,,,e06683ca,38.0,,15,,,,,,,,,,,26,,,,e06683ca,Virgil van Dijk__Liverpool
Joël Veltman,nl NED,DF,Brighton,33,1992,24,9,1058,11.8,1,0,1,1,0,0,5,0,0.09,0.0,0.09,0.09,0.09,dad4b285,11.8,1,4,1,25.0,0.34,0.09,0.25,1.0,0,0,dad4b285,11.8,,,,,,,,,,,,,,,0,,,,,,dad4b285,11.8,,,,,,,,,,,,,,,,,,,,,dad4b285,11.8,,17,,,,,,,,,,,19,,,,dad4b285,Joël Veltman__Brighton
Micky van de Ven,nl NED,DF,Tottenham,24,2001,35,35,3041,33.8,4,1,5,4,0,0,9,1,0.12,0.03,0.15,0.12,0.15,8fe2a392,33.8,4,16,6,37.5,0.47,0.18,0.25,0.67,0,0,8fe2a392,33.8,,,,,,,,,,,,,,,1,,,,,,8fe2a392,33.8,,,,,,,,,,,,,,,,,,,,,8fe2a392,33.8,,20,,,,,,,,,,,21,,,,8fe2a392,Micky van de Ven__Tottenham
Bart Verbruggen,nl NED,GK,Brighton,22,2002,38,38,3420,38.0,0,0,0,0,0,0,3,0,0.0,0.0,0.0,0.0,0.0,cf134113,38.0,0,0,0,,0.0,0.0,,,0,0,cf134113,38.0,,,,,,,,,,,,,,,0,,,,,,cf134113,38.0,,,,,,,,,,,,,,,,,,,,,cf134113,38.0,,1,,,,,,,,,,,0,,,,cf134113,Bart Verbruggen__Brighton
Guglielmo Vicario,it ITA,GK,Tottenham,28,1996,31,31,2790,31.0,0,0,0,0,0,0,1,0,0.0,0.0,0.0,0.0,0.0,77d6fd4d,31.0,0,0,0,,0.0,0.0,,,0,0,77d6fd4d,31.0,,,,,,,,,,,,,,,0,,,,,,77d6fd4d,31.0,,,,,,,,,,,,,,,,,,,,,77d6fd4d,31.0,,1,,,,,,,,,,,0,,,,77d6fd4d,Guglielmo Vicario__Tottenham
Kyle Walker,eng ENG,DFMF,Burnley,35,1990,36,35,3096,34.4,0,2,2,0,0,0,9,0,0.0,0.06,0.06,0.0,0.06,86dd77d1,34.4,0,4,0,0.0,0.12,0.0,0.0,,0,0,86dd77d1,34.4,,,,,,,,,,,,,,,2,,,,,,86dd77d1,34.4,,,,,,,,,,,,,,,,,,,,,86dd77d1,34.4,,32,,,,,,,,,,,43,,,,86dd77d1,Kyle Walker__Burnley
Kyle Walker-Peters,eng ENG,DF,West Ham,28,1997,23,15,1383,15.4,1,0,1,1,0,0,2,0,0.07,0.0,0.07,0.07,0.07,984a5a64,15.4,1,5,3,60.0,0.33,0.2,0.2,0.33,0,0,984a5a64,15.4,,,,,,,,,,,,,,,0,,,,,,984a5a64,15.4,,,,,,,,,,,,,,,,,,,,,984a5a64,15.4,,30,,,,,,,,,,,9,,,,984a5a64,Kyle Walker-Peters__West Ham
Aaron Wan-Bissaka,cd COD,DFMF,West Ham,27,1997,25,23,2081,23.1,0,2,2,0,0,0,4,0,0.0,0.09,0.09,0.0,0.09,9e525177,23.1,0,0,0,,0.0,0.0,,,0,0,9e525177,23.1,,,,,,,,,,,,,,,2,,,,,,9e525177,23.1,,,,,,,,,,,,,,,,,,,,,9e525177,23.1,,24,,,,,,,,,,,41,,,,9e525177,Aaron Wan-Bissaka__West Ham
James Ward-Prowse,eng ENG,MF,West Ham,30,1994,5,5,413,4.6,0,0,0,0,0,0,0,0,0.0,0.0,0.0,0.0,0.0,3515d404,4.6,0,2,0,0.0,0.44,0.0,0.0,,0,0,3515d404,4.6,,,,,,,,,,,,,,,0,,,,,,3515d404,4.6,,,,,,,,,,,,,,,,,,,,,3515d404,4.6,,2,,,,,,,,,,,6,,,,3515d404,James Ward-Prowse__West Ham
James Ward-Prowse,eng ENG,MF,Burnley,30,1994,13,7,684,7.6,0,1,1,0,0,0,1,0,0.0,0.13,0.13,0.0,0.13,3515d404,7.6,0,3,2,66.7,0.39,0.26,0.0,0.0,0,0,3515d404,7.6,,,,,,,,,,,,,,,1,,,,,,3515d404,7.6,,,,,,,,,,,,,,,,,,,,,3515d404,7.6,,4,,,,,,,,,,,15,,,,3515d404,James Ward-Prowse__Burnley
Ollie Watkins,eng ENG,FW,Aston Villa,29,1995,37,33,2839,31.5,16,3,19,16,0,0,4,0,0.51,0.1,0.6,0.51,0.6,aed3a70f,31.5,16,83,38,45.8,2.63,1.2,0.19,0.42,0,0,aed3a70f,31.5,,,,,,,,,,,,,,,3,,,,,,aed3a70f,31.5,,,,,,,,,,,,,,,,,,,,,aed3a70f,31.5,,14,,,,,,,,,,,5,,,,aed3a70f,Ollie Watkins__Aston Villa
Tom Watson,eng ENG,MF,Brighton,19,2006,6,0,62,0.7,0,0,0,0,0,0,1,0,0.0,0.0,0.0,0.0,0.0,9886c32e,0.7,0,1,1,100.0,1.45,1.45,0.0,0.0,0,0,9886c32e,0.7,,,,,,,,,,,,,,,0,,,,,,9886c32e,0.7,,,,,,,,,,,,,,,,,,,,,9886c32e,0.7,,1,,,,,,,,,,,0,,,,9886c32e,Tom Watson__Brighton
Max Weiß,de GER,GK,Burnley,21,2004,3,3,270,3.0,0,0,0,0,0,0,0,0,0.0,0.0,0.0,0.0,0.0,882228c2,3.0,0,0,0,,0.0,0.0,,,0,0,882228c2,3.0,,,,,,,,,,,,,,,0,,,,,,882228c2,3.0,,,,,,,,,,,,,,,,,,,,,882228c2,3.0,,0,,,,,,,,,,,0,,,,882228c2,Max Weiß__Burnley
Danny Welbeck,eng ENG,FW,Brighton,34,1990,37,26,2258,25.1,13,1,14,12,1,3,5,0,0.52,0.04,0.56,0.48,0.52,ce5143da,25.1,13,56,28,50.0,2.23,1.12,0.23,0.46,1,3,ce5143da,25.1,,,,,,,,,,,,,,,1,,,,,,ce5143da,25.1,,,,,,,,,,,,,,,,,,,,,ce5143da,25.1,,14,,,,,,,,,,,8,,,,ce5143da,Danny Welbeck__Brighton
Adam Wharton,eng ENG,MF,Crystal Palace,21,2004,34,29,2552,28.4,1,5,6,1,0,0,6,1,0.04,0.18,0.21,0.04,0.21,4b542852,28.4,1,32,6,18.8,1.13,0.21,0.03,0.17,0,0,4b542852,28.4,,,,,,,,,,,,,,,5,,,,,,4b542852,28.4,,,,,,,,,,,,,,,,,,,,,4b542852,28.4,,36,,,,,,,,,,,27,,,,4b542852,Adam Wharton__Crystal Palace
Ben White,eng ENG,DF,Arsenal,27,1997,12,9,702,7.8,0,1,1,0,0,0,0,0,0.0,0.13,0.13,0.0,0.13,35e413f1,7.8,0,5,1,20.0,0.64,0.13,0.0,0.0,0,0,35e413f1,7.8,,,,,,,,,,,,,,,1,,,,,,35e413f1,7.8,,,,,,,,,,,,,,,,,,,,,35e413f1,7.8,,9,,,,,,,,,,,9,,,,35e413f1,Ben White__Arsenal
Mats Wieffer,nl NED,DF,Brighton,25,1999,26,23,1903,21.1,2,3,5,2,0,0,8,0,0.09,0.14,0.24,0.09,0.24,4876c9ab,21.1,2,18,6,33.3,0.85,0.28,0.11,0.33,0,0,4876c9ab,21.1,,,,,,,,,,,,,,,3,,,,,,4876c9ab,21.1,,,,,,,,,,,,,,,,,,,,,4876c9ab,21.1,,43,,,,,,,,,,,24,,,,4876c9ab,Mats Wieffer__Brighton
Neco Williams,wls WAL,DF,Nottingham,24,2001,37,36,3204,35.6,2,3,5,2,0,0,6,1,0.06,0.08,0.14,0.06,0.14,dd323728,35.6,2,46,19,41.3,1.29,0.53,0.04,0.11,0,0,dd323728,35.6,,,,,,,,,,,,,,,3,,,,,,dd323728,35.6,,,,,,,,,,,,,,,,,,,,,dd323728,35.6,,61,,,,,,,,,,,46,,,,dd323728,Neco Williams__Nottingham
Estêvão Willian,br BRA,MF,Chelsea,18,2007,22,12,848,9.4,2,2,4,2,0,0,4,0,0.21,0.21,0.42,0.21,0.42,2eda11b1,9.4,2,28,8,28.6,2.97,0.85,0.07,0.25,0,0,2eda11b1,9.4,,,,,,,,,,,,,,,2,,,,,,2eda11b1,9.4,,,,,,,,,,,,,,,,,,,,,2eda11b1,9.4,,6,,,,,,,,,,,4,,,,2eda11b1,Estêvão Willian__Chelsea
Joe Willock,eng ENG,MF,Newcastle,25,1999,24,10,983,10.9,0,2,2,0,0,0,3,0,0.0,0.18,0.18,0.0,0.18,a3b03921,10.9,0,17,6,35.3,1.56,0.55,0.0,0.0,0,0,a3b03921,10.9,,,,,,,,,,,,,,,2,,,,,,a3b03921,10.9,,,,,,,,,,,,,,,,,,,,,a3b03921,10.9,,15,,,,,,,,,,,7,,,,a3b03921,Joe Willock__Newcastle
Callum Wilson,eng ENG,FW,West Ham,33,1992,32,11,1251,13.9,7,1,8,7,0,0,1,0,0.5,0.07,0.58,0.5,0.58,c596fcb0,13.9,7,38,16,42.1,2.73,1.15,0.18,0.44,0,0,c596fcb0,13.9,,,,,,,,,,,,,,,1,,,,,,c596fcb0,13.9,,,,,,,,,,,,,,,,,,,,,c596fcb0,13.9,,2,,,,,,,,,,,3,,,,c596fcb0,Callum Wilson__West Ham
Harry Wilson,wls WAL,MF,Fulham,28,1997,36,32,2673,29.7,10,7,17,10,0,0,7,0,0.34,0.24,0.57,0.34,0.57,c6dc9ecd,29.7,10,78,25,32.1,2.63,0.84,0.13,0.4,0,0,c6dc9ecd,29.7,,,,,,,,,,,,,,,7,,,,,,c6dc9ecd,29.7,,,,,,,,,,,,,,,,,,,,,c6dc9ecd,29.7,,19,,,,,,,,,,,16,,,,c6dc9ecd,Harry Wilson__Fulham
Ben Winterburn,eng ENG,MF,Bournemouth,20,2004,1,0,7,0.1,0,0,0,0,0,0,0,0,0.0,0.0,0.0,0.0,0.0,ba31eee2,0.1,0,0,0,,0.0,0.0,,,0,0,ba31eee2,0.1,,,,,,,,,,,,,,,0,,,,,,ba31eee2,0.1,,,,,,,,,,,,,,,,,,,,,ba31eee2,0.1,,0,,,,,,,,,,,0,,,,ba31eee2,Ben Winterburn__Bournemouth
Florian Wirtz,de GER,MF,Liverpool,22,2003,33,27,2378,26.4,5,3,8,5,0,0,1,0,0.19,0.11,0.3,0.19,0.3,e7fcf289,26.4,5,51,18,35.3,1.93,0.68,0.1,0.28,0,0,e7fcf289,26.4,,,,,,,,,,,,,,,3,,,,,,e7fcf289,26.4,,,,,,,,,,,,,,,,,,,,,e7fcf289,26.4,,26,,,,,,,,,,,12,,,,e7fcf289,Florian Wirtz__Liverpool
Yoane Wissa,cd COD,FW,Newcastle,28,1996,19,4,531,5.9,1,1,2,1,0,0,3,0,0.17,0.17,0.34,0.17,0.34,2500cef9,5.9,1,13,5,38.5,2.2,0.85,0.08,0.2,0,0,2500cef9,5.9,,,,,,,,,,,,,,,1,,,,,,2500cef9,5.9,,,,,,,,,,,,,,,,,,,,,2500cef9,5.9,,5,,,,,,,,,,,0,,,,2500cef9,Yoane Wissa__Newcastle
Nick Woltemade,de GER,FWMF,Newcastle,23,2002,33,24,1902,21.1,8,3,11,7,1,1,0,0,0.38,0.14,0.52,0.33,0.47,7ca196eb,21.1,8,32,13,40.6,1.51,0.62,0.25,0.62,1,1,7ca196eb,21.1,,,,,,,,,,,,,,,3,,,,,,7ca196eb,21.1,,,,,,,,,,,,,,,,,,,,,7ca196eb,21.1,,13,,,,,,,,,,,5,,,,7ca196eb,Nick Woltemade__Newcastle
Chris Wood,nz NZL,FW,Nottingham,33,1991,15,11,901,10.0,3,0,3,3,0,0,0,0,0.3,0.0,0.3,0.3,0.3,4e9a0555,10.0,3,23,9,39.1,2.3,0.9,0.13,0.33,0,0,4e9a0555,10.0,,,,,,,,,,,,,,,0,,,,,,4e9a0555,10.0,,,,,,,,,,,,,,,,,,,,,4e9a0555,10.0,,1,,,,,,,,,,,1,,,,4e9a0555,Chris Wood__Nottingham
Freddie Woodman,eng ENG,GK,Liverpool,28,1997,3,2,213,2.4,0,0,0,0,0,0,0,0,0.0,0.0,0.0,0.0,0.0,19e50035,2.4,0,0,0,,0.0,0.0,,,0,0,19e50035,2.4,,,,,,,,,,,,,,,0,,,,,,19e50035,2.4,,,,,,,,,,,,,,,,,,,,,19e50035,2.4,,0,,,,,,,,,,,0,,,,19e50035,Freddie Woodman__Liverpool
Joe Worrall,eng ENG,DF,Burnley,28,1997,11,5,500,5.6,0,0,0,0,0,0,0,0,0.0,0.0,0.0,0.0,0.0,a5212312,5.6,0,1,0,0.0,0.18,0.0,0.0,,0,0,a5212312,5.6,,,,,,,,,,,,,,,0,,,,,,a5212312,5.6,,,,,,,,,,,,,,,,,,,,,a5212312,5.6,,2,,,,,,,,,,,6,,,,a5212312,Joe Worrall__Burnley
Granit Xhaka,ch SUI,MF,Sunderland,32,1992,34,32,2904,32.3,1,6,7,1,0,0,8,0,0.03,0.19,0.22,0.03,0.22,e61b8aee,32.3,1,21,5,23.8,0.65,0.15,0.05,0.2,0,0,e61b8aee,32.3,,,,,,,,,,,,,,,6,,,,,,e61b8aee,32.3,,,,,,,,,,,,,,,,,,,,,e61b8aee,32.3,,33,,,,,,,,,,,29,,,,e61b8aee,Granit Xhaka__Sunderland
Yehor Yarmoliuk,ua UKR,MF,Brentford,21,2004,37,30,2659,29.5,1,2,3,1,0,0,7,0,0.03,0.07,0.1,0.03,0.1,907a5d7c,29.5,1,16,4,25.0,0.54,0.14,0.06,0.25,0,0,907a5d7c,29.5,,,,,,,,,,,,,,,2,,,,,,907a5d7c,29.5,,,,,,,,,,,,,,,,,,,,,907a5d7c,29.5,,46,,,,,,,,,,,28,,,,907a5d7c,Yehor Yarmoliuk__Brentford
Ryan Yates,eng ENG,MF,Nottingham,27,1997,22,2,617,6.9,0,2,2,0,0,0,3,0,0.0,0.29,0.29,0.0,0.29,c1fe2a48,6.9,0,9,2,22.2,1.31,0.29,0.0,0.0,0,0,c1fe2a48,6.9,,,,,,,,,,,,,,,2,,,,,,c1fe2a48,6.9,,,,,,,,,,,,,,,,,,,,,c1fe2a48,6.9,,10,,,,,,,,,,,9,,,,c1fe2a48,Ryan Yates__Nottingham
Leny Yoro,fr FRA,DF,Manchester Utd,19,2005,32,18,1740,19.3,0,0,0,0,0,0,1,0,0.0,0.0,0.0,0.0,0.0,6763f716,19.3,0,9,3,33.3,0.47,0.16,0.0,0.0,0,0,6763f716,19.3,,,,,,,,,,,,,,,0,,,,,,6763f716,19.3,,,,,,,,,,,,,,,,,,,,,6763f716,19.3,,20,,,,,,,,,,,31,,,,6763f716,Leny Yoro__Manchester Utd
Oleksandr Zinchenko,ua UKR,DF,Nottingham,28,1996,5,4,353,3.9,0,0,0,0,0,0,0,0,0.0,0.0,0.0,0.0,0.0,51cf8561,3.9,0,4,2,50.0,1.02,0.51,0.0,0.0,0,0,51cf8561,3.9,,,,,,,,,,,,,,,0,,,,,,51cf8561,3.9,,,,,,,,,,,,,,,,,,,,,51cf8561,3.9,,6,,,,,,,,,,,2,,,,51cf8561,Oleksandr Zinchenko__Nottingham
Joshua Zirkzee,nl NED,FWMF,Manchester Utd,24,2001,24,5,626,7.0,2,1,3,2,0,0,3,0,0.29,0.14,0.43,0.29,0.43,028e70b9,7.0,2,25,9,36.0,3.59,1.29,0.08,0.22,0,0,028e70b9,7.0,,,,,,,,,,,,,,,1,,,,,,028e70b9,7.0,,,,,,,,,,,,,,,,,,,,,028e70b9,7.0,,6,,,,,,,,,,,1,,,,028e70b9,Joshua Zirkzee__Manchester Utd
Martín Zubimendi,es ESP,MF,Arsenal,26,1999,38,34,2992,33.2,5,1,6,5,0,0,4,0,0.15,0.03,0.18,0.15,0.18,3ee0dd59,33.2,5,27,9,33.3,0.81,0.27,0.19,0.56,0,0,3ee0dd59,33.2,,,,,,,,,,,,,,,1,,,,,,3ee0dd59,33.2,,,,,,,,,,,,,,,,,,,,,3ee0dd59,33.2,,39,,,,,,,,,,,39,,,,3ee0dd59,Martín Zubimendi__Arsenal
Martin Ødegaard,no NOR,MF,Arsenal,26,1998,24,16,1369,15.2,1,6,7,1,0,0,0,0,0.07,0.39,0.46,0.07,0.46,79300479,15.2,1,22,8,36.4,1.45,0.53,0.05,0.13,0,0,79300479,15.2,,,,,,,,,,,,,,,6,,,,,,79300479,15.2,,,,,,,,,,,,,,,,,,,,,79300479,15.2,,9,,,,,,,,,,,7,,,,79300479,Martin Ødegaard__Arsenal
